[30Jul2025 16:15:03.395] [main/INFO] [cpw.mods.modlauncher.Launcher/MODLAUNCHER]: ModLauncher running: args [--launchTarget, forgeserver, --fml.forgeVersion, 47.3.7, --fml.mcVersion, 1.20.1, --fml.forgeGroup, net.minecraftforge, --fml.mcpVersion, 20230612.114412, nogui]
[30Jul2025 16:15:03.399] [main/INFO] [cpw.mods.modlauncher.Launcher/MODLAUNCHER]: ModLauncher 10.0.9+10.0.9+main.dcd20f30 starting: java version 17.0.15 by Ubuntu; OS Linux arch amd64 version 6.8.0-1030-azure
[30Jul2025 16:15:05.209] [main/INFO] [net.minecraftforge.fml.loading.ImmediateWindowHandler/]: ImmediateWindowProvider not loading because launch target is forgeserver
[30Jul2025 16:15:05.223] [main/INFO] [optifine.OptiFineTransformationService/]: OptiFineTransformationService.onLoad
[30Jul2025 16:15:05.224] [main/INFO] [optifine.OptiFineTransformationService/]: OptiFine ZIP file URL: union:/workspaces/servermiedo/servidor_minecraft/mods/OptiFine_1.20.1_HD_U_I6.jar%23114!/
[30Jul2025 16:15:05.231] [main/INFO] [optifine.OptiFineTransformationService/]: OptiFine ZIP file: /workspaces/servermiedo/servidor_minecraft/mods/OptiFine_1.20.1_HD_U_I6.jar
[30Jul2025 16:15:05.233] [main/INFO] [optifine.OptiFineTransformer/]: Target.PRE_CLASS is available
[30Jul2025 16:15:05.349] [main/INFO] [mixin/]: SpongePowered MIXIN Subsystem Version=0.8.5 Source=union:/workspaces/servermiedo/servidor_minecraft/libraries/org/spongepowered/mixin/0.8.5/mixin-0.8.5.jar%2365!/ Service=ModLauncher Env=SERVER
[30Jul2025 16:15:05.360] [main/INFO] [optifine.OptiFineTransformationService/]: OptiFineTransformationService.initialize
[30Jul2025 16:15:05.870] [main/WARN] [net.minecraftforge.fml.loading.moddiscovery.ModFileParser/LOADING]: Mod file /workspaces/servermiedo/servidor_minecraft/libraries/net/minecraftforge/fmlcore/1.20.1-47.3.7/fmlcore-1.20.1-47.3.7.jar is missing mods.toml file
[30Jul2025 16:15:05.871] [main/WARN] [net.minecraftforge.fml.loading.moddiscovery.ModFileParser/LOADING]: Mod file /workspaces/servermiedo/servidor_minecraft/libraries/net/minecraftforge/javafmllanguage/1.20.1-47.3.7/javafmllanguage-1.20.1-47.3.7.jar is missing mods.toml file
[30Jul2025 16:15:05.872] [main/WARN] [net.minecraftforge.fml.loading.moddiscovery.ModFileParser/LOADING]: Mod file /workspaces/servermiedo/servidor_minecraft/libraries/net/minecraftforge/lowcodelanguage/1.20.1-47.3.7/lowcodelanguage-1.20.1-47.3.7.jar is missing mods.toml file
[30Jul2025 16:15:05.873] [main/WARN] [net.minecraftforge.fml.loading.moddiscovery.ModFileParser/LOADING]: Mod file /workspaces/servermiedo/servidor_minecraft/libraries/net/minecraftforge/mclanguage/1.20.1-47.3.7/mclanguage-1.20.1-47.3.7.jar is missing mods.toml file
[30Jul2025 16:15:06.106] [main/INFO] [net.minecraftforge.fml.loading.moddiscovery.JarInJarDependencyLocator/]: Found 2 dependencies adding them to mods collection
[30Jul2025 16:15:06.803] [main/INFO] [optifine.OptiFineTransformationService/]: OptiFineTransformationService.transformers
[30Jul2025 16:15:06.812] [main/INFO] [optifine.OptiFineTransformer/]: Targets: 412
[30Jul2025 16:15:07.520] [main/INFO] [optifine.OptiFineTransformationService/]: additionalClassesLocator: [optifine., net.optifine.]
[30Jul2025 16:15:08.390] [main/INFO] [mixin/]: Compatibility level set to JAVA_17
[30Jul2025 16:15:08.407] [main/ERROR] [mixin/]: Mixin config cameraoverhaul.mixins.json does not specify "minVersion" property
[30Jul2025 16:15:08.432] [main/INFO] [cpw.mods.modlauncher.LaunchServiceHandler/MODLAUNCHER]: Launching target 'forgeserver' with arguments [nogui]
[30Jul2025 16:15:08.885] [main/INFO] [ModernFix/]: Loaded configuration file for ModernFix 5.24.3+mc1.20.1: 96 options available, 3 override(s) found
[30Jul2025 16:15:08.886] [main/WARN] [ModernFix/]: Option 'mixin.perf.faster_texture_stitching' overriden (by mods [optifine]) to 'false'
[30Jul2025 16:15:08.886] [main/WARN] [ModernFix/]: Option 'mixin.bugfix.entity_pose_stack' overriden (by mods [optifine]) to 'false'
[30Jul2025 16:15:08.887] [main/WARN] [ModernFix/]: Option 'mixin.launch.class_search_cache' overriden (by mods [optifine]) to 'false'
[30Jul2025 16:15:08.887] [main/FATAL] [ModernFix/]: OptiFine detected. Use of ModernFix with OptiFine is not supported due to its impact on launch time and breakage of Forge features.
[30Jul2025 16:15:08.888] [main/INFO] [ModernFix/]: Applying Nashorn fix
[30Jul2025 16:15:08.904] [main/INFO] [ModernFix/]: Applied Forge config corruption patch
[30Jul2025 16:15:09.237] [main/INFO] [STDERR/]: [optifine.OptiFineTransformer:getOptiFineResourcePatched:414]: java.io.IOException: Base resource not found: ahr.class
[30Jul2025 16:15:09.238] [main/INFO] [STDERR/]: [optifine.OptiFineTransformer:getOptiFineResourcePatched:414]: 	at LAYER SERVICE/optifine/optifine.Patcher.applyPatch(Patcher.java:146)
[30Jul2025 16:15:09.238] [main/INFO] [STDERR/]: [optifine.OptiFineTransformer:getOptiFineResourcePatched:414]: 	at LAYER SERVICE/optifine/optifine.OptiFineTransformer.getOptiFineResourcePatched(OptiFineTransformer.java:396)
[30Jul2025 16:15:09.239] [main/INFO] [STDERR/]: [optifine.OptiFineTransformer:getOptiFineResourcePatched:414]: 	at LAYER SERVICE/optifine/optifine.OptiFineTransformer.getOptiFineResourceStreamPatched(OptiFineTransformer.java:368)
[30Jul2025 16:15:09.239] [main/INFO] [STDERR/]: [optifine.OptiFineTransformer:getOptiFineResourcePatched:414]: 	at LAYER SERVICE/optifine/optifine.OptiFineTransformer.getOptiFineResourceStream(OptiFineTransformer.java:291)
[30Jul2025 16:15:09.239] [main/INFO] [STDERR/]: [optifine.OptiFineTransformer:getOptiFineResourcePatched:414]: 	at LAYER SERVICE/optifine/optifine.OptiFineTransformer.getOptiFineResource(OptiFineTransformer.java:260)
[30Jul2025 16:15:09.240] [main/INFO] [STDERR/]: [optifine.OptiFineTransformer:getOptiFineResourcePatched:414]: 	at LAYER SERVICE/optifine/optifine.OptiFineTransformer.transform(OptiFineTransformer.java:171)
[30Jul2025 16:15:09.240] [main/INFO] [STDERR/]: [optifine.OptiFineTransformer:getOptiFineResourcePatched:414]: 	at LAYER SERVICE/optifine/optifine.OptiFineTransformer.transform(OptiFineTransformer.java:1)
[30Jul2025 16:15:09.241] [main/INFO] [STDERR/]: [optifine.OptiFineTransformer:getOptiFineResourcePatched:414]: 	at MC-BOOTSTRAP/cpw.mods.modlauncher@10.0.9/cpw.mods.modlauncher.TransformerHolder.transform(TransformerHolder.java:41)
[30Jul2025 16:15:09.241] [main/INFO] [STDERR/]: [optifine.OptiFineTransformer:getOptiFineResourcePatched:414]: 	at MC-BOOTSTRAP/cpw.mods.modlauncher@10.0.9/cpw.mods.modlauncher.ClassTransformer.performVote(ClassTransformer.java:179)
[30Jul2025 16:15:09.242] [main/INFO] [STDERR/]: [optifine.OptiFineTransformer:getOptiFineResourcePatched:414]: 	at MC-BOOTSTRAP/cpw.mods.modlauncher@10.0.9/cpw.mods.modlauncher.ClassTransformer.transform(ClassTransformer.java:98)
[30Jul2025 16:15:09.242] [main/INFO] [STDERR/]: [optifine.OptiFineTransformer:getOptiFineResourcePatched:414]: 	at MC-BOOTSTRAP/cpw.mods.modlauncher@10.0.9/cpw.mods.modlauncher.TransformingClassLoader.maybeTransformClassBytes(TransformingClassLoader.java:50)
[30Jul2025 16:15:09.243] [main/INFO] [STDERR/]: [optifine.OptiFineTransformer:getOptiFineResourcePatched:414]: 	at cpw.mods.securejarhandler/cpw.mods.cl.ModuleClassLoader.getMaybeTransformedClassBytes(ModuleClassLoader.java:250)
[30Jul2025 16:15:09.243] [main/INFO] [STDERR/]: [optifine.OptiFineTransformer:getOptiFineResourcePatched:414]: 	at MC-BOOTSTRAP/cpw.mods.modlauncher@10.0.9/cpw.mods.modlauncher.TransformingClassLoader.buildTransformedClassNodeFor(TransformingClassLoader.java:58)
[30Jul2025 16:15:09.244] [main/INFO] [STDERR/]: [optifine.OptiFineTransformer:getOptiFineResourcePatched:414]: 	at MC-BOOTSTRAP/cpw.mods.modlauncher@10.0.9/cpw.mods.modlauncher.LaunchPluginHandler.lambda$announceLaunch$10(LaunchPluginHandler.java:100)
[30Jul2025 16:15:09.244] [main/INFO] [STDERR/]: [optifine.OptiFineTransformer:getOptiFineResourcePatched:414]: 	at MC-BOOTSTRAP/org.spongepowered.mixin/org.spongepowered.asm.launch.MixinLaunchPluginLegacy.getClassNode(MixinLaunchPluginLegacy.java:222)
[30Jul2025 16:15:09.245] [main/INFO] [STDERR/]: [optifine.OptiFineTransformer:getOptiFineResourcePatched:414]: 	at MC-BOOTSTRAP/org.spongepowered.mixin/org.spongepowered.asm.launch.MixinLaunchPluginLegacy.getClassNode(MixinLaunchPluginLegacy.java:207)
[30Jul2025 16:15:09.246] [main/INFO] [STDERR/]: [optifine.OptiFineTransformer:getOptiFineResourcePatched:414]: 	at MC-BOOTSTRAP/org.spongepowered.mixin/org.spongepowered.asm.mixin.transformer.ClassInfo.forName(ClassInfo.java:2005)
[30Jul2025 16:15:09.246] [main/INFO] [STDERR/]: [optifine.OptiFineTransformer:getOptiFineResourcePatched:414]: 	at MC-BOOTSTRAP/org.spongepowered.mixin/org.spongepowered.asm.mixin.transformer.MixinInfo.getTargetClass(MixinInfo.java:1017)
[30Jul2025 16:15:09.247] [main/INFO] [STDERR/]: [optifine.OptiFineTransformer:getOptiFineResourcePatched:414]: 	at MC-BOOTSTRAP/org.spongepowered.mixin/org.spongepowered.asm.mixin.transformer.MixinInfo.readTargetClasses(MixinInfo.java:1007)
[30Jul2025 16:15:09.247] [main/INFO] [STDERR/]: [optifine.OptiFineTransformer:getOptiFineResourcePatched:414]: 	at MC-BOOTSTRAP/org.spongepowered.mixin/org.spongepowered.asm.mixin.transformer.MixinInfo.parseTargets(MixinInfo.java:895)
[30Jul2025 16:15:09.247] [main/INFO] [STDERR/]: [optifine.OptiFineTransformer:getOptiFineResourcePatched:414]: 	at MC-BOOTSTRAP/org.spongepowered.mixin/org.spongepowered.asm.mixin.transformer.MixinConfig.prepareMixins(MixinConfig.java:867)
[30Jul2025 16:15:09.247] [main/INFO] [STDERR/]: [optifine.OptiFineTransformer:getOptiFineResourcePatched:414]: 	at MC-BOOTSTRAP/org.spongepowered.mixin/org.spongepowered.asm.mixin.transformer.MixinConfig.prepare(MixinConfig.java:775)
[30Jul2025 16:15:09.248] [main/INFO] [STDERR/]: [optifine.OptiFineTransformer:getOptiFineResourcePatched:414]: 	at MC-BOOTSTRAP/org.spongepowered.mixin/org.spongepowered.asm.mixin.transformer.MixinProcessor.prepareConfigs(MixinProcessor.java:539)
[30Jul2025 16:15:09.249] [main/INFO] [STDERR/]: [optifine.OptiFineTransformer:getOptiFineResourcePatched:414]: 	at MC-BOOTSTRAP/org.spongepowered.mixin/org.spongepowered.asm.mixin.transformer.MixinProcessor.select(MixinProcessor.java:462)
[30Jul2025 16:15:09.249] [main/INFO] [STDERR/]: [optifine.OptiFineTransformer:getOptiFineResourcePatched:414]: 	at MC-BOOTSTRAP/org.spongepowered.mixin/org.spongepowered.asm.mixin.transformer.MixinProcessor.checkSelect(MixinProcessor.java:438)
[30Jul2025 16:15:09.250] [main/INFO] [STDERR/]: [optifine.OptiFineTransformer:getOptiFineResourcePatched:414]: 	at MC-BOOTSTRAP/org.spongepowered.mixin/org.spongepowered.asm.mixin.transformer.MixinProcessor.applyMixins(MixinProcessor.java:290)
[30Jul2025 16:15:09.251] [main/INFO] [STDERR/]: [optifine.OptiFineTransformer:getOptiFineResourcePatched:414]: 	at MC-BOOTSTRAP/org.spongepowered.mixin/org.spongepowered.asm.mixin.transformer.MixinTransformer.transformClass(MixinTransformer.java:250)
[30Jul2025 16:15:09.252] [main/INFO] [STDERR/]: [optifine.OptiFineTransformer:getOptiFineResourcePatched:414]: 	at MC-BOOTSTRAP/org.spongepowered.mixin/org.spongepowered.asm.service.modlauncher.MixinTransformationHandler.processClass(MixinTransformationHandler.java:131)
[30Jul2025 16:15:09.252] [main/INFO] [STDERR/]: [optifine.OptiFineTransformer:getOptiFineResourcePatched:414]: 	at MC-BOOTSTRAP/org.spongepowered.mixin/org.spongepowered.asm.launch.MixinLaunchPluginLegacy.processClass(MixinLaunchPluginLegacy.java:131)
[30Jul2025 16:15:09.253] [main/INFO] [STDERR/]: [optifine.OptiFineTransformer:getOptiFineResourcePatched:414]: 	at MC-BOOTSTRAP/cpw.mods.modlauncher@10.0.9/cpw.mods.modlauncher.serviceapi.ILaunchPluginService.processClassWithFlags(ILaunchPluginService.java:156)
[30Jul2025 16:15:09.253] [main/INFO] [STDERR/]: [optifine.OptiFineTransformer:getOptiFineResourcePatched:414]: 	at MC-BOOTSTRAP/cpw.mods.modlauncher@10.0.9/cpw.mods.modlauncher.LaunchPluginHandler.offerClassNodeToPlugins(LaunchPluginHandler.java:88)
[30Jul2025 16:15:09.253] [main/INFO] [STDERR/]: [optifine.OptiFineTransformer:getOptiFineResourcePatched:414]: 	at MC-BOOTSTRAP/cpw.mods.modlauncher@10.0.9/cpw.mods.modlauncher.ClassTransformer.transform(ClassTransformer.java:120)
[30Jul2025 16:15:09.253] [main/INFO] [STDERR/]: [optifine.OptiFineTransformer:getOptiFineResourcePatched:414]: 	at MC-BOOTSTRAP/cpw.mods.modlauncher@10.0.9/cpw.mods.modlauncher.TransformingClassLoader.maybeTransformClassBytes(TransformingClassLoader.java:50)
[30Jul2025 16:15:09.253] [main/INFO] [STDERR/]: [optifine.OptiFineTransformer:getOptiFineResourcePatched:414]: 	at cpw.mods.securejarhandler/cpw.mods.cl.ModuleClassLoader.readerToClass(ModuleClassLoader.java:113)
[30Jul2025 16:15:09.254] [main/INFO] [STDERR/]: [optifine.OptiFineTransformer:getOptiFineResourcePatched:414]: 	at cpw.mods.securejarhandler/cpw.mods.cl.ModuleClassLoader.lambda$findClass$15(ModuleClassLoader.java:219)
[30Jul2025 16:15:09.254] [main/INFO] [STDERR/]: [optifine.OptiFineTransformer:getOptiFineResourcePatched:414]: 	at cpw.mods.securejarhandler/cpw.mods.cl.ModuleClassLoader.loadFromModule(ModuleClassLoader.java:229)
[30Jul2025 16:15:09.257] [main/INFO] [STDERR/]: [optifine.OptiFineTransformer:getOptiFineResourcePatched:414]: 	at cpw.mods.securejarhandler/cpw.mods.cl.ModuleClassLoader.findClass(ModuleClassLoader.java:219)
[30Jul2025 16:15:09.257] [main/INFO] [STDERR/]: [optifine.OptiFineTransformer:getOptiFineResourcePatched:414]: 	at java.base/java.lang.ClassLoader.loadClass(ClassLoader.java:637)
[30Jul2025 16:15:09.258] [main/INFO] [STDERR/]: [optifine.OptiFineTransformer:getOptiFineResourcePatched:414]: 	at java.base/java.lang.Class.forName(Class.java:545)
[30Jul2025 16:15:09.258] [main/INFO] [STDERR/]: [optifine.OptiFineTransformer:getOptiFineResourcePatched:414]: 	at MC-BOOTSTRAP/fmlloader@1.20.1-47.3.7/net.minecraftforge.fml.loading.ImmediateWindowHandler$DummyProvider.lambda$updateModuleReads$1(ImmediateWindowHandler.java:145)
[30Jul2025 16:15:09.259] [main/INFO] [STDERR/]: [optifine.OptiFineTransformer:getOptiFineResourcePatched:414]: 	at java.base/java.util.Optional.map(Optional.java:260)
[30Jul2025 16:15:09.259] [main/INFO] [STDERR/]: [optifine.OptiFineTransformer:getOptiFineResourcePatched:414]: 	at MC-BOOTSTRAP/fmlloader@1.20.1-47.3.7/net.minecraftforge.fml.loading.ImmediateWindowHandler$DummyProvider.updateModuleReads(ImmediateWindowHandler.java:145)
[30Jul2025 16:15:09.259] [main/INFO] [STDERR/]: [optifine.OptiFineTransformer:getOptiFineResourcePatched:414]: 	at MC-BOOTSTRAP/fmlloader@1.20.1-47.3.7/net.minecraftforge.fml.loading.ImmediateWindowHandler.acceptGameLayer(ImmediateWindowHandler.java:71)
[30Jul2025 16:15:09.260] [main/INFO] [STDERR/]: [optifine.OptiFineTransformer:getOptiFineResourcePatched:414]: 	at MC-BOOTSTRAP/fmlloader@1.20.1-47.3.7/net.minecraftforge.fml.loading.FMLLoader.beforeStart(FMLLoader.java:207)
[30Jul2025 16:15:09.260] [main/INFO] [STDERR/]: [optifine.OptiFineTransformer:getOptiFineResourcePatched:414]: 	at MC-BOOTSTRAP/fmlloader@1.20.1-47.3.7/net.minecraftforge.fml.loading.targets.CommonLaunchHandler.launchService(CommonLaunchHandler.java:92)
[30Jul2025 16:15:09.261] [main/INFO] [STDERR/]: [optifine.OptiFineTransformer:getOptiFineResourcePatched:414]: 	at MC-BOOTSTRAP/cpw.mods.modlauncher@10.0.9/cpw.mods.modlauncher.LaunchServiceHandlerDecorator.launch(LaunchServiceHandlerDecorator.java:30)
[30Jul2025 16:15:09.261] [main/INFO] [STDERR/]: [optifine.OptiFineTransformer:getOptiFineResourcePatched:414]: 	at MC-BOOTSTRAP/cpw.mods.modlauncher@10.0.9/cpw.mods.modlauncher.LaunchServiceHandler.launch(LaunchServiceHandler.java:53)
[30Jul2025 16:15:09.262] [main/INFO] [STDERR/]: [optifine.OptiFineTransformer:getOptiFineResourcePatched:414]: 	at MC-BOOTSTRAP/cpw.mods.modlauncher@10.0.9/cpw.mods.modlauncher.LaunchServiceHandler.launch(LaunchServiceHandler.java:71)
[30Jul2025 16:15:09.262] [main/INFO] [STDERR/]: [optifine.OptiFineTransformer:getOptiFineResourcePatched:414]: 	at MC-BOOTSTRAP/cpw.mods.modlauncher@10.0.9/cpw.mods.modlauncher.Launcher.run(Launcher.java:108)
[30Jul2025 16:15:09.262] [main/INFO] [STDERR/]: [optifine.OptiFineTransformer:getOptiFineResourcePatched:414]: 	at MC-BOOTSTRAP/cpw.mods.modlauncher@10.0.9/cpw.mods.modlauncher.Launcher.main(Launcher.java:78)
[30Jul2025 16:15:09.263] [main/INFO] [STDERR/]: [optifine.OptiFineTransformer:getOptiFineResourcePatched:414]: 	at MC-BOOTSTRAP/cpw.mods.modlauncher@10.0.9/cpw.mods.modlauncher.BootstrapLaunchConsumer.accept(BootstrapLaunchConsumer.java:26)
[30Jul2025 16:15:09.264] [main/INFO] [STDERR/]: [optifine.OptiFineTransformer:getOptiFineResourcePatched:414]: 	at MC-BOOTSTRAP/cpw.mods.modlauncher@10.0.9/cpw.mods.modlauncher.BootstrapLaunchConsumer.accept(BootstrapLaunchConsumer.java:23)
[30Jul2025 16:15:09.264] [main/INFO] [STDERR/]: [optifine.OptiFineTransformer:getOptiFineResourcePatched:414]: 	at cpw.mods.bootstraplauncher@1.1.2/cpw.mods.bootstraplauncher.BootstrapLauncher.main(BootstrapLauncher.java:141)
[30Jul2025 16:15:09.506] [main/INFO] [STDERR/]: [optifine.OptiFineTransformer:getOptiFineResourcePatched:414]: java.io.IOException: Base resource not found: bcn.class
[30Jul2025 16:15:09.507] [main/INFO] [STDERR/]: [optifine.OptiFineTransformer:getOptiFineResourcePatched:414]: 	at LAYER SERVICE/optifine/optifine.Patcher.applyPatch(Patcher.java:146)
[30Jul2025 16:15:09.508] [main/INFO] [STDERR/]: [optifine.OptiFineTransformer:getOptiFineResourcePatched:414]: 	at LAYER SERVICE/optifine/optifine.OptiFineTransformer.getOptiFineResourcePatched(OptiFineTransformer.java:396)
[30Jul2025 16:15:09.508] [main/INFO] [STDERR/]: [optifine.OptiFineTransformer:getOptiFineResourcePatched:414]: 	at LAYER SERVICE/optifine/optifine.OptiFineTransformer.getOptiFineResourceStreamPatched(OptiFineTransformer.java:368)
[30Jul2025 16:15:09.508] [main/INFO] [STDERR/]: [optifine.OptiFineTransformer:getOptiFineResourcePatched:414]: 	at LAYER SERVICE/optifine/optifine.OptiFineTransformer.getOptiFineResourceStream(OptiFineTransformer.java:291)
[30Jul2025 16:15:09.509] [main/INFO] [STDERR/]: [optifine.OptiFineTransformer:getOptiFineResourcePatched:414]: 	at LAYER SERVICE/optifine/optifine.OptiFineTransformer.getOptiFineResource(OptiFineTransformer.java:260)
[30Jul2025 16:15:09.509] [main/INFO] [STDERR/]: [optifine.OptiFineTransformer:getOptiFineResourcePatched:414]: 	at LAYER SERVICE/optifine/optifine.OptiFineTransformer.transform(OptiFineTransformer.java:171)
[30Jul2025 16:15:09.509] [main/INFO] [STDERR/]: [optifine.OptiFineTransformer:getOptiFineResourcePatched:414]: 	at LAYER SERVICE/optifine/optifine.OptiFineTransformer.transform(OptiFineTransformer.java:1)
[30Jul2025 16:15:09.510] [main/INFO] [STDERR/]: [optifine.OptiFineTransformer:getOptiFineResourcePatched:414]: 	at MC-BOOTSTRAP/cpw.mods.modlauncher@10.0.9/cpw.mods.modlauncher.TransformerHolder.transform(TransformerHolder.java:41)
[30Jul2025 16:15:09.510] [main/INFO] [STDERR/]: [optifine.OptiFineTransformer:getOptiFineResourcePatched:414]: 	at MC-BOOTSTRAP/cpw.mods.modlauncher@10.0.9/cpw.mods.modlauncher.ClassTransformer.performVote(ClassTransformer.java:179)
[30Jul2025 16:15:09.511] [main/INFO] [STDERR/]: [optifine.OptiFineTransformer:getOptiFineResourcePatched:414]: 	at MC-BOOTSTRAP/cpw.mods.modlauncher@10.0.9/cpw.mods.modlauncher.ClassTransformer.transform(ClassTransformer.java:98)
[30Jul2025 16:15:09.511] [main/INFO] [STDERR/]: [optifine.OptiFineTransformer:getOptiFineResourcePatched:414]: 	at MC-BOOTSTRAP/cpw.mods.modlauncher@10.0.9/cpw.mods.modlauncher.TransformingClassLoader.maybeTransformClassBytes(TransformingClassLoader.java:50)
[30Jul2025 16:15:09.511] [main/INFO] [STDERR/]: [optifine.OptiFineTransformer:getOptiFineResourcePatched:414]: 	at cpw.mods.securejarhandler/cpw.mods.cl.ModuleClassLoader.getMaybeTransformedClassBytes(ModuleClassLoader.java:250)
[30Jul2025 16:15:09.512] [main/INFO] [STDERR/]: [optifine.OptiFineTransformer:getOptiFineResourcePatched:414]: 	at MC-BOOTSTRAP/cpw.mods.modlauncher@10.0.9/cpw.mods.modlauncher.TransformingClassLoader.buildTransformedClassNodeFor(TransformingClassLoader.java:58)
[30Jul2025 16:15:09.512] [main/INFO] [STDERR/]: [optifine.OptiFineTransformer:getOptiFineResourcePatched:414]: 	at MC-BOOTSTRAP/cpw.mods.modlauncher@10.0.9/cpw.mods.modlauncher.TransformerClassWriter.computeHierarchyFromFile(TransformerClassWriter.java:149)
[30Jul2025 16:15:09.513] [main/INFO] [STDERR/]: [optifine.OptiFineTransformer:getOptiFineResourcePatched:414]: 	at MC-BOOTSTRAP/cpw.mods.modlauncher@10.0.9/cpw.mods.modlauncher.TransformerClassWriter.computeHierarchy(TransformerClassWriter.java:112)
[30Jul2025 16:15:09.515] [main/INFO] [STDERR/]: [optifine.OptiFineTransformer:getOptiFineResourcePatched:414]: 	at MC-BOOTSTRAP/cpw.mods.modlauncher@10.0.9/cpw.mods.modlauncher.TransformerClassWriter$SuperCollectingVisitor.visit(TransformerClassWriter.java:177)
[30Jul2025 16:15:09.515] [main/INFO] [STDERR/]: [optifine.OptiFineTransformer:getOptiFineResourcePatched:414]: 	at org.objectweb.asm@9.7/org.objectweb.asm.ClassReader.accept(ClassReader.java:570)
[30Jul2025 16:15:09.515] [main/INFO] [STDERR/]: [optifine.OptiFineTransformer:getOptiFineResourcePatched:414]: 	at org.objectweb.asm@9.7/org.objectweb.asm.ClassReader.accept(ClassReader.java:425)
[30Jul2025 16:15:09.515] [main/INFO] [STDERR/]: [optifine.OptiFineTransformer:getOptiFineResourcePatched:414]: 	at MC-BOOTSTRAP/cpw.mods.modlauncher@10.0.9/cpw.mods.modlauncher.TransformerClassWriter.computeHierarchyFromFile(TransformerClassWriter.java:151)
[30Jul2025 16:15:09.516] [main/INFO] [STDERR/]: [optifine.OptiFineTransformer:getOptiFineResourcePatched:414]: 	at MC-BOOTSTRAP/cpw.mods.modlauncher@10.0.9/cpw.mods.modlauncher.TransformerClassWriter.computeHierarchy(TransformerClassWriter.java:112)
[30Jul2025 16:15:09.517] [main/INFO] [STDERR/]: [optifine.OptiFineTransformer:getOptiFineResourcePatched:414]: 	at MC-BOOTSTRAP/cpw.mods.modlauncher@10.0.9/cpw.mods.modlauncher.TransformerClassWriter$SuperCollectingVisitor.visit(TransformerClassWriter.java:177)
[30Jul2025 16:15:09.517] [main/INFO] [STDERR/]: [optifine.OptiFineTransformer:getOptiFineResourcePatched:414]: 	at org.objectweb.asm.tree@9.7/org.objectweb.asm.tree.ClassNode.accept(ClassNode.java:388)
[30Jul2025 16:15:09.518] [main/INFO] [STDERR/]: [optifine.OptiFineTransformer:getOptiFineResourcePatched:414]: 	at MC-BOOTSTRAP/cpw.mods.modlauncher@10.0.9/cpw.mods.modlauncher.TransformerClassWriter.computeHierarchy(TransformerClassWriter.java:99)
[30Jul2025 16:15:09.520] [main/INFO] [STDERR/]: [optifine.OptiFineTransformer:getOptiFineResourcePatched:414]: 	at MC-BOOTSTRAP/cpw.mods.modlauncher@10.0.9/cpw.mods.modlauncher.TransformerClassWriter.getCommonSuperClass(TransformerClassWriter.java:59)
[30Jul2025 16:15:09.521] [main/INFO] [STDERR/]: [optifine.OptiFineTransformer:getOptiFineResourcePatched:414]: 	at org.objectweb.asm@9.7/org.objectweb.asm.SymbolTable.addMergedType(SymbolTable.java:1264)
[30Jul2025 16:15:09.522] [main/INFO] [STDERR/]: [optifine.OptiFineTransformer:getOptiFineResourcePatched:414]: 	at org.objectweb.asm@9.7/org.objectweb.asm.Frame.merge(Frame.java:1311)
[30Jul2025 16:15:09.522] [main/INFO] [STDERR/]: [optifine.OptiFineTransformer:getOptiFineResourcePatched:414]: 	at org.objectweb.asm@9.7/org.objectweb.asm.Frame.merge(Frame.java:1208)
[30Jul2025 16:15:09.523] [main/INFO] [STDERR/]: [optifine.OptiFineTransformer:getOptiFineResourcePatched:414]: 	at org.objectweb.asm@9.7/org.objectweb.asm.MethodWriter.computeAllFrames(MethodWriter.java:1612)
[30Jul2025 16:15:09.524] [main/INFO] [STDERR/]: [optifine.OptiFineTransformer:getOptiFineResourcePatched:414]: 	at org.objectweb.asm@9.7/org.objectweb.asm.MethodWriter.visitMaxs(MethodWriter.java:1548)
[30Jul2025 16:15:09.524] [main/INFO] [STDERR/]: [optifine.OptiFineTransformer:getOptiFineResourcePatched:414]: 	at org.objectweb.asm.tree@9.7/org.objectweb.asm.tree.MethodNode.accept(MethodNode.java:767)
[30Jul2025 16:15:09.524] [main/INFO] [STDERR/]: [optifine.OptiFineTransformer:getOptiFineResourcePatched:414]: 	at org.objectweb.asm.tree@9.7/org.objectweb.asm.tree.MethodNode.accept(MethodNode.java:647)
[30Jul2025 16:15:09.525] [main/INFO] [STDERR/]: [optifine.OptiFineTransformer:getOptiFineResourcePatched:414]: 	at org.objectweb.asm.tree@9.7/org.objectweb.asm.tree.ClassNode.accept(ClassNode.java:468)
[30Jul2025 16:15:09.526] [main/INFO] [STDERR/]: [optifine.OptiFineTransformer:getOptiFineResourcePatched:414]: 	at MC-BOOTSTRAP/cpw.mods.modlauncher@10.0.9/cpw.mods.modlauncher.ClassTransformer.transform(ClassTransformer.java:133)
[30Jul2025 16:15:09.526] [main/INFO] [STDERR/]: [optifine.OptiFineTransformer:getOptiFineResourcePatched:414]: 	at MC-BOOTSTRAP/cpw.mods.modlauncher@10.0.9/cpw.mods.modlauncher.TransformingClassLoader.maybeTransformClassBytes(TransformingClassLoader.java:50)
[30Jul2025 16:15:09.527] [main/INFO] [STDERR/]: [optifine.OptiFineTransformer:getOptiFineResourcePatched:414]: 	at cpw.mods.securejarhandler/cpw.mods.cl.ModuleClassLoader.getMaybeTransformedClassBytes(ModuleClassLoader.java:250)
[30Jul2025 16:15:09.528] [main/INFO] [STDERR/]: [optifine.OptiFineTransformer:getOptiFineResourcePatched:414]: 	at MC-BOOTSTRAP/cpw.mods.modlauncher@10.0.9/cpw.mods.modlauncher.TransformingClassLoader.buildTransformedClassNodeFor(TransformingClassLoader.java:58)
[30Jul2025 16:15:09.529] [main/INFO] [STDERR/]: [optifine.OptiFineTransformer:getOptiFineResourcePatched:414]: 	at MC-BOOTSTRAP/cpw.mods.modlauncher@10.0.9/cpw.mods.modlauncher.LaunchPluginHandler.lambda$announceLaunch$10(LaunchPluginHandler.java:100)
[30Jul2025 16:15:09.530] [main/INFO] [STDERR/]: [optifine.OptiFineTransformer:getOptiFineResourcePatched:414]: 	at MC-BOOTSTRAP/org.spongepowered.mixin/org.spongepowered.asm.launch.MixinLaunchPluginLegacy.getClassNode(MixinLaunchPluginLegacy.java:222)
[30Jul2025 16:15:09.530] [main/INFO] [STDERR/]: [optifine.OptiFineTransformer:getOptiFineResourcePatched:414]: 	at MC-BOOTSTRAP/org.spongepowered.mixin/org.spongepowered.asm.launch.MixinLaunchPluginLegacy.getClassNode(MixinLaunchPluginLegacy.java:207)
[30Jul2025 16:15:09.531] [main/INFO] [STDERR/]: [optifine.OptiFineTransformer:getOptiFineResourcePatched:414]: 	at MC-BOOTSTRAP/org.spongepowered.mixin/org.spongepowered.asm.mixin.transformer.ClassInfo.forName(ClassInfo.java:2005)
[30Jul2025 16:15:09.531] [main/INFO] [STDERR/]: [optifine.OptiFineTransformer:getOptiFineResourcePatched:414]: 	at MC-BOOTSTRAP/org.spongepowered.mixin/org.spongepowered.asm.mixin.transformer.MixinInfo.getTargetClass(MixinInfo.java:1017)
[30Jul2025 16:15:09.531] [main/INFO] [STDERR/]: [optifine.OptiFineTransformer:getOptiFineResourcePatched:414]: 	at MC-BOOTSTRAP/org.spongepowered.mixin/org.spongepowered.asm.mixin.transformer.MixinInfo.readTargetClasses(MixinInfo.java:1007)
[30Jul2025 16:15:09.531] [main/INFO] [STDERR/]: [optifine.OptiFineTransformer:getOptiFineResourcePatched:414]: 	at MC-BOOTSTRAP/org.spongepowered.mixin/org.spongepowered.asm.mixin.transformer.MixinInfo.parseTargets(MixinInfo.java:895)
[30Jul2025 16:15:09.531] [main/INFO] [STDERR/]: [optifine.OptiFineTransformer:getOptiFineResourcePatched:414]: 	at MC-BOOTSTRAP/org.spongepowered.mixin/org.spongepowered.asm.mixin.transformer.MixinConfig.prepareMixins(MixinConfig.java:867)
[30Jul2025 16:15:09.532] [main/INFO] [STDERR/]: [optifine.OptiFineTransformer:getOptiFineResourcePatched:414]: 	at MC-BOOTSTRAP/org.spongepowered.mixin/org.spongepowered.asm.mixin.transformer.MixinConfig.prepare(MixinConfig.java:775)
[30Jul2025 16:15:09.532] [main/INFO] [STDERR/]: [optifine.OptiFineTransformer:getOptiFineResourcePatched:414]: 	at MC-BOOTSTRAP/org.spongepowered.mixin/org.spongepowered.asm.mixin.transformer.MixinProcessor.prepareConfigs(MixinProcessor.java:539)
[30Jul2025 16:15:09.537] [main/INFO] [STDERR/]: [optifine.OptiFineTransformer:getOptiFineResourcePatched:414]: 	at MC-BOOTSTRAP/org.spongepowered.mixin/org.spongepowered.asm.mixin.transformer.MixinProcessor.select(MixinProcessor.java:462)
[30Jul2025 16:15:09.538] [main/INFO] [STDERR/]: [optifine.OptiFineTransformer:getOptiFineResourcePatched:414]: 	at MC-BOOTSTRAP/org.spongepowered.mixin/org.spongepowered.asm.mixin.transformer.MixinProcessor.checkSelect(MixinProcessor.java:438)
[30Jul2025 16:15:09.538] [main/INFO] [STDERR/]: [optifine.OptiFineTransformer:getOptiFineResourcePatched:414]: 	at MC-BOOTSTRAP/org.spongepowered.mixin/org.spongepowered.asm.mixin.transformer.MixinProcessor.applyMixins(MixinProcessor.java:290)
[30Jul2025 16:15:09.539] [main/INFO] [STDERR/]: [optifine.OptiFineTransformer:getOptiFineResourcePatched:414]: 	at MC-BOOTSTRAP/org.spongepowered.mixin/org.spongepowered.asm.mixin.transformer.MixinTransformer.transformClass(MixinTransformer.java:250)
[30Jul2025 16:15:09.539] [main/INFO] [STDERR/]: [optifine.OptiFineTransformer:getOptiFineResourcePatched:414]: 	at MC-BOOTSTRAP/org.spongepowered.mixin/org.spongepowered.asm.service.modlauncher.MixinTransformationHandler.processClass(MixinTransformationHandler.java:131)
[30Jul2025 16:15:09.539] [main/INFO] [STDERR/]: [optifine.OptiFineTransformer:getOptiFineResourcePatched:414]: 	at MC-BOOTSTRAP/org.spongepowered.mixin/org.spongepowered.asm.launch.MixinLaunchPluginLegacy.processClass(MixinLaunchPluginLegacy.java:131)
[30Jul2025 16:15:09.540] [main/INFO] [STDERR/]: [optifine.OptiFineTransformer:getOptiFineResourcePatched:414]: 	at MC-BOOTSTRAP/cpw.mods.modlauncher@10.0.9/cpw.mods.modlauncher.serviceapi.ILaunchPluginService.processClassWithFlags(ILaunchPluginService.java:156)
[30Jul2025 16:15:09.540] [main/INFO] [STDERR/]: [optifine.OptiFineTransformer:getOptiFineResourcePatched:414]: 	at MC-BOOTSTRAP/cpw.mods.modlauncher@10.0.9/cpw.mods.modlauncher.LaunchPluginHandler.offerClassNodeToPlugins(LaunchPluginHandler.java:88)
[30Jul2025 16:15:09.541] [main/INFO] [STDERR/]: [optifine.OptiFineTransformer:getOptiFineResourcePatched:414]: 	at MC-BOOTSTRAP/cpw.mods.modlauncher@10.0.9/cpw.mods.modlauncher.ClassTransformer.transform(ClassTransformer.java:120)
[30Jul2025 16:15:09.541] [main/INFO] [STDERR/]: [optifine.OptiFineTransformer:getOptiFineResourcePatched:414]: 	at MC-BOOTSTRAP/cpw.mods.modlauncher@10.0.9/cpw.mods.modlauncher.TransformingClassLoader.maybeTransformClassBytes(TransformingClassLoader.java:50)
[30Jul2025 16:15:09.541] [main/INFO] [STDERR/]: [optifine.OptiFineTransformer:getOptiFineResourcePatched:414]: 	at cpw.mods.securejarhandler/cpw.mods.cl.ModuleClassLoader.readerToClass(ModuleClassLoader.java:113)
[30Jul2025 16:15:09.542] [main/INFO] [STDERR/]: [optifine.OptiFineTransformer:getOptiFineResourcePatched:414]: 	at cpw.mods.securejarhandler/cpw.mods.cl.ModuleClassLoader.lambda$findClass$15(ModuleClassLoader.java:219)
[30Jul2025 16:15:09.542] [main/INFO] [STDERR/]: [optifine.OptiFineTransformer:getOptiFineResourcePatched:414]: 	at cpw.mods.securejarhandler/cpw.mods.cl.ModuleClassLoader.loadFromModule(ModuleClassLoader.java:229)
[30Jul2025 16:15:09.543] [main/INFO] [STDERR/]: [optifine.OptiFineTransformer:getOptiFineResourcePatched:414]: 	at cpw.mods.securejarhandler/cpw.mods.cl.ModuleClassLoader.findClass(ModuleClassLoader.java:219)
[30Jul2025 16:15:09.544] [main/INFO] [STDERR/]: [optifine.OptiFineTransformer:getOptiFineResourcePatched:414]: 	at java.base/java.lang.ClassLoader.loadClass(ClassLoader.java:637)
[30Jul2025 16:15:09.544] [main/INFO] [STDERR/]: [optifine.OptiFineTransformer:getOptiFineResourcePatched:414]: 	at java.base/java.lang.Class.forName(Class.java:545)
[30Jul2025 16:15:09.544] [main/INFO] [STDERR/]: [optifine.OptiFineTransformer:getOptiFineResourcePatched:414]: 	at MC-BOOTSTRAP/fmlloader@1.20.1-47.3.7/net.minecraftforge.fml.loading.ImmediateWindowHandler$DummyProvider.lambda$updateModuleReads$1(ImmediateWindowHandler.java:145)
[30Jul2025 16:15:09.545] [main/INFO] [STDERR/]: [optifine.OptiFineTransformer:getOptiFineResourcePatched:414]: 	at java.base/java.util.Optional.map(Optional.java:260)
[30Jul2025 16:15:09.545] [main/INFO] [STDERR/]: [optifine.OptiFineTransformer:getOptiFineResourcePatched:414]: 	at MC-BOOTSTRAP/fmlloader@1.20.1-47.3.7/net.minecraftforge.fml.loading.ImmediateWindowHandler$DummyProvider.updateModuleReads(ImmediateWindowHandler.java:145)
[30Jul2025 16:15:09.546] [main/INFO] [STDERR/]: [optifine.OptiFineTransformer:getOptiFineResourcePatched:414]: 	at MC-BOOTSTRAP/fmlloader@1.20.1-47.3.7/net.minecraftforge.fml.loading.ImmediateWindowHandler.acceptGameLayer(ImmediateWindowHandler.java:71)
[30Jul2025 16:15:09.546] [main/INFO] [STDERR/]: [optifine.OptiFineTransformer:getOptiFineResourcePatched:414]: 	at MC-BOOTSTRAP/fmlloader@1.20.1-47.3.7/net.minecraftforge.fml.loading.FMLLoader.beforeStart(FMLLoader.java:207)
[30Jul2025 16:15:09.546] [main/INFO] [STDERR/]: [optifine.OptiFineTransformer:getOptiFineResourcePatched:414]: 	at MC-BOOTSTRAP/fmlloader@1.20.1-47.3.7/net.minecraftforge.fml.loading.targets.CommonLaunchHandler.launchService(CommonLaunchHandler.java:92)
[30Jul2025 16:15:09.547] [main/INFO] [STDERR/]: [optifine.OptiFineTransformer:getOptiFineResourcePatched:414]: 	at MC-BOOTSTRAP/cpw.mods.modlauncher@10.0.9/cpw.mods.modlauncher.LaunchServiceHandlerDecorator.launch(LaunchServiceHandlerDecorator.java:30)
[30Jul2025 16:15:09.548] [main/INFO] [STDERR/]: [optifine.OptiFineTransformer:getOptiFineResourcePatched:414]: 	at MC-BOOTSTRAP/cpw.mods.modlauncher@10.0.9/cpw.mods.modlauncher.LaunchServiceHandler.launch(LaunchServiceHandler.java:53)
[30Jul2025 16:15:09.548] [main/INFO] [STDERR/]: [optifine.OptiFineTransformer:getOptiFineResourcePatched:414]: 	at MC-BOOTSTRAP/cpw.mods.modlauncher@10.0.9/cpw.mods.modlauncher.LaunchServiceHandler.launch(LaunchServiceHandler.java:71)
[30Jul2025 16:15:09.549] [main/INFO] [STDERR/]: [optifine.OptiFineTransformer:getOptiFineResourcePatched:414]: 	at MC-BOOTSTRAP/cpw.mods.modlauncher@10.0.9/cpw.mods.modlauncher.Launcher.run(Launcher.java:108)
[30Jul2025 16:15:09.549] [main/INFO] [STDERR/]: [optifine.OptiFineTransformer:getOptiFineResourcePatched:414]: 	at MC-BOOTSTRAP/cpw.mods.modlauncher@10.0.9/cpw.mods.modlauncher.Launcher.main(Launcher.java:78)
[30Jul2025 16:15:09.550] [main/INFO] [STDERR/]: [optifine.OptiFineTransformer:getOptiFineResourcePatched:414]: 	at MC-BOOTSTRAP/cpw.mods.modlauncher@10.0.9/cpw.mods.modlauncher.BootstrapLaunchConsumer.accept(BootstrapLaunchConsumer.java:26)
[30Jul2025 16:15:09.550] [main/INFO] [STDERR/]: [optifine.OptiFineTransformer:getOptiFineResourcePatched:414]: 	at MC-BOOTSTRAP/cpw.mods.modlauncher@10.0.9/cpw.mods.modlauncher.BootstrapLaunchConsumer.accept(BootstrapLaunchConsumer.java:23)
[30Jul2025 16:15:09.551] [main/INFO] [STDERR/]: [optifine.OptiFineTransformer:getOptiFineResourcePatched:414]: 	at cpw.mods.bootstraplauncher@1.1.2/cpw.mods.bootstraplauncher.BootstrapLauncher.main(BootstrapLauncher.java:141)
[30Jul2025 16:15:09.702] [main/INFO] [STDERR/]: [optifine.OptiFineTransformer:getOptiFineResourcePatched:414]: java.io.IOException: Base resource not found: ac.class
[30Jul2025 16:15:09.703] [main/INFO] [STDERR/]: [optifine.OptiFineTransformer:getOptiFineResourcePatched:414]: 	at LAYER SERVICE/optifine/optifine.Patcher.applyPatch(Patcher.java:146)
[30Jul2025 16:15:09.703] [main/INFO] [STDERR/]: [optifine.OptiFineTransformer:getOptiFineResourcePatched:414]: 	at LAYER SERVICE/optifine/optifine.OptiFineTransformer.getOptiFineResourcePatched(OptiFineTransformer.java:396)
[30Jul2025 16:15:09.703] [main/INFO] [STDERR/]: [optifine.OptiFineTransformer:getOptiFineResourcePatched:414]: 	at LAYER SERVICE/optifine/optifine.OptiFineTransformer.getOptiFineResourceStreamPatched(OptiFineTransformer.java:368)
[30Jul2025 16:15:09.703] [main/INFO] [STDERR/]: [optifine.OptiFineTransformer:getOptiFineResourcePatched:414]: 	at LAYER SERVICE/optifine/optifine.OptiFineTransformer.getOptiFineResourceStream(OptiFineTransformer.java:291)
[30Jul2025 16:15:09.704] [main/INFO] [STDERR/]: [optifine.OptiFineTransformer:getOptiFineResourcePatched:414]: 	at LAYER SERVICE/optifine/optifine.OptiFineTransformer.getOptiFineResource(OptiFineTransformer.java:260)
[30Jul2025 16:15:09.704] [main/INFO] [STDERR/]: [optifine.OptiFineTransformer:getOptiFineResourcePatched:414]: 	at LAYER SERVICE/optifine/optifine.OptiFineTransformer.transform(OptiFineTransformer.java:171)
[30Jul2025 16:15:09.704] [main/INFO] [STDERR/]: [optifine.OptiFineTransformer:getOptiFineResourcePatched:414]: 	at LAYER SERVICE/optifine/optifine.OptiFineTransformer.transform(OptiFineTransformer.java:1)
[30Jul2025 16:15:09.704] [main/INFO] [STDERR/]: [optifine.OptiFineTransformer:getOptiFineResourcePatched:414]: 	at MC-BOOTSTRAP/cpw.mods.modlauncher@10.0.9/cpw.mods.modlauncher.TransformerHolder.transform(TransformerHolder.java:41)
[30Jul2025 16:15:09.704] [main/INFO] [STDERR/]: [optifine.OptiFineTransformer:getOptiFineResourcePatched:414]: 	at MC-BOOTSTRAP/cpw.mods.modlauncher@10.0.9/cpw.mods.modlauncher.ClassTransformer.performVote(ClassTransformer.java:179)
[30Jul2025 16:15:09.704] [main/INFO] [STDERR/]: [optifine.OptiFineTransformer:getOptiFineResourcePatched:414]: 	at MC-BOOTSTRAP/cpw.mods.modlauncher@10.0.9/cpw.mods.modlauncher.ClassTransformer.transform(ClassTransformer.java:98)
[30Jul2025 16:15:09.704] [main/INFO] [STDERR/]: [optifine.OptiFineTransformer:getOptiFineResourcePatched:414]: 	at MC-BOOTSTRAP/cpw.mods.modlauncher@10.0.9/cpw.mods.modlauncher.TransformingClassLoader.maybeTransformClassBytes(TransformingClassLoader.java:50)
[30Jul2025 16:15:09.705] [main/INFO] [STDERR/]: [optifine.OptiFineTransformer:getOptiFineResourcePatched:414]: 	at cpw.mods.securejarhandler/cpw.mods.cl.ModuleClassLoader.getMaybeTransformedClassBytes(ModuleClassLoader.java:250)
[30Jul2025 16:15:09.705] [main/INFO] [STDERR/]: [optifine.OptiFineTransformer:getOptiFineResourcePatched:414]: 	at MC-BOOTSTRAP/cpw.mods.modlauncher@10.0.9/cpw.mods.modlauncher.TransformingClassLoader.buildTransformedClassNodeFor(TransformingClassLoader.java:58)
[30Jul2025 16:15:09.708] [main/INFO] [STDERR/]: [optifine.OptiFineTransformer:getOptiFineResourcePatched:414]: 	at MC-BOOTSTRAP/cpw.mods.modlauncher@10.0.9/cpw.mods.modlauncher.LaunchPluginHandler.lambda$announceLaunch$10(LaunchPluginHandler.java:100)
[30Jul2025 16:15:09.708] [main/INFO] [STDERR/]: [optifine.OptiFineTransformer:getOptiFineResourcePatched:414]: 	at MC-BOOTSTRAP/org.spongepowered.mixin/org.spongepowered.asm.launch.MixinLaunchPluginLegacy.getClassNode(MixinLaunchPluginLegacy.java:222)
[30Jul2025 16:15:09.709] [main/INFO] [STDERR/]: [optifine.OptiFineTransformer:getOptiFineResourcePatched:414]: 	at MC-BOOTSTRAP/org.spongepowered.mixin/org.spongepowered.asm.launch.MixinLaunchPluginLegacy.getClassNode(MixinLaunchPluginLegacy.java:207)
[30Jul2025 16:15:09.709] [main/INFO] [STDERR/]: [optifine.OptiFineTransformer:getOptiFineResourcePatched:414]: 	at MC-BOOTSTRAP/org.spongepowered.mixin/org.spongepowered.asm.mixin.transformer.ClassInfo.forName(ClassInfo.java:2005)
[30Jul2025 16:15:09.709] [main/INFO] [STDERR/]: [optifine.OptiFineTransformer:getOptiFineResourcePatched:414]: 	at MC-BOOTSTRAP/org.spongepowered.mixin/org.spongepowered.asm.mixin.transformer.MixinInfo.getTargetClass(MixinInfo.java:1017)
[30Jul2025 16:15:09.710] [main/INFO] [STDERR/]: [optifine.OptiFineTransformer:getOptiFineResourcePatched:414]: 	at MC-BOOTSTRAP/org.spongepowered.mixin/org.spongepowered.asm.mixin.transformer.MixinInfo.readTargetClasses(MixinInfo.java:1007)
[30Jul2025 16:15:09.710] [main/INFO] [STDERR/]: [optifine.OptiFineTransformer:getOptiFineResourcePatched:414]: 	at MC-BOOTSTRAP/org.spongepowered.mixin/org.spongepowered.asm.mixin.transformer.MixinInfo.parseTargets(MixinInfo.java:895)
[30Jul2025 16:15:09.711] [main/INFO] [STDERR/]: [optifine.OptiFineTransformer:getOptiFineResourcePatched:414]: 	at MC-BOOTSTRAP/org.spongepowered.mixin/org.spongepowered.asm.mixin.transformer.MixinConfig.prepareMixins(MixinConfig.java:867)
[30Jul2025 16:15:09.711] [main/INFO] [STDERR/]: [optifine.OptiFineTransformer:getOptiFineResourcePatched:414]: 	at MC-BOOTSTRAP/org.spongepowered.mixin/org.spongepowered.asm.mixin.transformer.MixinConfig.prepare(MixinConfig.java:775)
[30Jul2025 16:15:09.712] [main/INFO] [STDERR/]: [optifine.OptiFineTransformer:getOptiFineResourcePatched:414]: 	at MC-BOOTSTRAP/org.spongepowered.mixin/org.spongepowered.asm.mixin.transformer.MixinProcessor.prepareConfigs(MixinProcessor.java:539)
[30Jul2025 16:15:09.713] [main/INFO] [STDERR/]: [optifine.OptiFineTransformer:getOptiFineResourcePatched:414]: 	at MC-BOOTSTRAP/org.spongepowered.mixin/org.spongepowered.asm.mixin.transformer.MixinProcessor.select(MixinProcessor.java:462)
[30Jul2025 16:15:09.713] [main/INFO] [STDERR/]: [optifine.OptiFineTransformer:getOptiFineResourcePatched:414]: 	at MC-BOOTSTRAP/org.spongepowered.mixin/org.spongepowered.asm.mixin.transformer.MixinProcessor.checkSelect(MixinProcessor.java:438)
[30Jul2025 16:15:09.714] [main/INFO] [STDERR/]: [optifine.OptiFineTransformer:getOptiFineResourcePatched:414]: 	at MC-BOOTSTRAP/org.spongepowered.mixin/org.spongepowered.asm.mixin.transformer.MixinProcessor.applyMixins(MixinProcessor.java:290)
[30Jul2025 16:15:09.714] [main/INFO] [STDERR/]: [optifine.OptiFineTransformer:getOptiFineResourcePatched:414]: 	at MC-BOOTSTRAP/org.spongepowered.mixin/org.spongepowered.asm.mixin.transformer.MixinTransformer.transformClass(MixinTransformer.java:250)
[30Jul2025 16:15:09.714] [main/INFO] [STDERR/]: [optifine.OptiFineTransformer:getOptiFineResourcePatched:414]: 	at MC-BOOTSTRAP/org.spongepowered.mixin/org.spongepowered.asm.service.modlauncher.MixinTransformationHandler.processClass(MixinTransformationHandler.java:131)
[30Jul2025 16:15:09.715] [main/INFO] [STDERR/]: [optifine.OptiFineTransformer:getOptiFineResourcePatched:414]: 	at MC-BOOTSTRAP/org.spongepowered.mixin/org.spongepowered.asm.launch.MixinLaunchPluginLegacy.processClass(MixinLaunchPluginLegacy.java:131)
[30Jul2025 16:15:09.716] [main/INFO] [STDERR/]: [optifine.OptiFineTransformer:getOptiFineResourcePatched:414]: 	at MC-BOOTSTRAP/cpw.mods.modlauncher@10.0.9/cpw.mods.modlauncher.serviceapi.ILaunchPluginService.processClassWithFlags(ILaunchPluginService.java:156)
[30Jul2025 16:15:09.716] [main/INFO] [STDERR/]: [optifine.OptiFineTransformer:getOptiFineResourcePatched:414]: 	at MC-BOOTSTRAP/cpw.mods.modlauncher@10.0.9/cpw.mods.modlauncher.LaunchPluginHandler.offerClassNodeToPlugins(LaunchPluginHandler.java:88)
[30Jul2025 16:15:09.717] [main/INFO] [STDERR/]: [optifine.OptiFineTransformer:getOptiFineResourcePatched:414]: 	at MC-BOOTSTRAP/cpw.mods.modlauncher@10.0.9/cpw.mods.modlauncher.ClassTransformer.transform(ClassTransformer.java:120)
[30Jul2025 16:15:09.717] [main/INFO] [STDERR/]: [optifine.OptiFineTransformer:getOptiFineResourcePatched:414]: 	at MC-BOOTSTRAP/cpw.mods.modlauncher@10.0.9/cpw.mods.modlauncher.TransformingClassLoader.maybeTransformClassBytes(TransformingClassLoader.java:50)
[30Jul2025 16:15:09.718] [main/INFO] [STDERR/]: [optifine.OptiFineTransformer:getOptiFineResourcePatched:414]: 	at cpw.mods.securejarhandler/cpw.mods.cl.ModuleClassLoader.readerToClass(ModuleClassLoader.java:113)
[30Jul2025 16:15:09.718] [main/INFO] [STDERR/]: [optifine.OptiFineTransformer:getOptiFineResourcePatched:414]: 	at cpw.mods.securejarhandler/cpw.mods.cl.ModuleClassLoader.lambda$findClass$15(ModuleClassLoader.java:219)
[30Jul2025 16:15:09.719] [main/INFO] [STDERR/]: [optifine.OptiFineTransformer:getOptiFineResourcePatched:414]: 	at cpw.mods.securejarhandler/cpw.mods.cl.ModuleClassLoader.loadFromModule(ModuleClassLoader.java:229)
[30Jul2025 16:15:09.719] [main/INFO] [STDERR/]: [optifine.OptiFineTransformer:getOptiFineResourcePatched:414]: 	at cpw.mods.securejarhandler/cpw.mods.cl.ModuleClassLoader.findClass(ModuleClassLoader.java:219)
[30Jul2025 16:15:09.720] [main/INFO] [STDERR/]: [optifine.OptiFineTransformer:getOptiFineResourcePatched:414]: 	at java.base/java.lang.ClassLoader.loadClass(ClassLoader.java:637)
[30Jul2025 16:15:09.720] [main/INFO] [STDERR/]: [optifine.OptiFineTransformer:getOptiFineResourcePatched:414]: 	at java.base/java.lang.Class.forName(Class.java:545)
[30Jul2025 16:15:09.720] [main/INFO] [STDERR/]: [optifine.OptiFineTransformer:getOptiFineResourcePatched:414]: 	at MC-BOOTSTRAP/fmlloader@1.20.1-47.3.7/net.minecraftforge.fml.loading.ImmediateWindowHandler$DummyProvider.lambda$updateModuleReads$1(ImmediateWindowHandler.java:145)
[30Jul2025 16:15:09.721] [main/INFO] [STDERR/]: [optifine.OptiFineTransformer:getOptiFineResourcePatched:414]: 	at java.base/java.util.Optional.map(Optional.java:260)
[30Jul2025 16:15:09.721] [main/INFO] [STDERR/]: [optifine.OptiFineTransformer:getOptiFineResourcePatched:414]: 	at MC-BOOTSTRAP/fmlloader@1.20.1-47.3.7/net.minecraftforge.fml.loading.ImmediateWindowHandler$DummyProvider.updateModuleReads(ImmediateWindowHandler.java:145)
[30Jul2025 16:15:09.722] [main/INFO] [STDERR/]: [optifine.OptiFineTransformer:getOptiFineResourcePatched:414]: 	at MC-BOOTSTRAP/fmlloader@1.20.1-47.3.7/net.minecraftforge.fml.loading.ImmediateWindowHandler.acceptGameLayer(ImmediateWindowHandler.java:71)
[30Jul2025 16:15:09.722] [main/INFO] [STDERR/]: [optifine.OptiFineTransformer:getOptiFineResourcePatched:414]: 	at MC-BOOTSTRAP/fmlloader@1.20.1-47.3.7/net.minecraftforge.fml.loading.FMLLoader.beforeStart(FMLLoader.java:207)
[30Jul2025 16:15:09.722] [main/INFO] [STDERR/]: [optifine.OptiFineTransformer:getOptiFineResourcePatched:414]: 	at MC-BOOTSTRAP/fmlloader@1.20.1-47.3.7/net.minecraftforge.fml.loading.targets.CommonLaunchHandler.launchService(CommonLaunchHandler.java:92)
[30Jul2025 16:15:09.723] [main/INFO] [STDERR/]: [optifine.OptiFineTransformer:getOptiFineResourcePatched:414]: 	at MC-BOOTSTRAP/cpw.mods.modlauncher@10.0.9/cpw.mods.modlauncher.LaunchServiceHandlerDecorator.launch(LaunchServiceHandlerDecorator.java:30)
[30Jul2025 16:15:09.723] [main/INFO] [STDERR/]: [optifine.OptiFineTransformer:getOptiFineResourcePatched:414]: 	at MC-BOOTSTRAP/cpw.mods.modlauncher@10.0.9/cpw.mods.modlauncher.LaunchServiceHandler.launch(LaunchServiceHandler.java:53)
[30Jul2025 16:15:09.723] [main/INFO] [STDERR/]: [optifine.OptiFineTransformer:getOptiFineResourcePatched:414]: 	at MC-BOOTSTRAP/cpw.mods.modlauncher@10.0.9/cpw.mods.modlauncher.LaunchServiceHandler.launch(LaunchServiceHandler.java:71)
[30Jul2025 16:15:09.724] [main/INFO] [STDERR/]: [optifine.OptiFineTransformer:getOptiFineResourcePatched:414]: 	at MC-BOOTSTRAP/cpw.mods.modlauncher@10.0.9/cpw.mods.modlauncher.Launcher.run(Launcher.java:108)
[30Jul2025 16:15:09.724] [main/INFO] [STDERR/]: [optifine.OptiFineTransformer:getOptiFineResourcePatched:414]: 	at MC-BOOTSTRAP/cpw.mods.modlauncher@10.0.9/cpw.mods.modlauncher.Launcher.main(Launcher.java:78)
[30Jul2025 16:15:09.727] [main/INFO] [STDERR/]: [optifine.OptiFineTransformer:getOptiFineResourcePatched:414]: 	at MC-BOOTSTRAP/cpw.mods.modlauncher@10.0.9/cpw.mods.modlauncher.BootstrapLaunchConsumer.accept(BootstrapLaunchConsumer.java:26)
[30Jul2025 16:15:09.727] [main/INFO] [STDERR/]: [optifine.OptiFineTransformer:getOptiFineResourcePatched:414]: 	at MC-BOOTSTRAP/cpw.mods.modlauncher@10.0.9/cpw.mods.modlauncher.BootstrapLaunchConsumer.accept(BootstrapLaunchConsumer.java:23)
[30Jul2025 16:15:09.727] [main/INFO] [STDERR/]: [optifine.OptiFineTransformer:getOptiFineResourcePatched:414]: 	at cpw.mods.bootstraplauncher@1.1.2/cpw.mods.bootstraplauncher.BootstrapLauncher.main(BootstrapLauncher.java:141)
[30Jul2025 16:15:09.753] [main/INFO] [STDERR/]: [optifine.OptiFineTransformer:getOptiFineResourcePatched:414]: java.io.IOException: Base resource not found: dde.class
[30Jul2025 16:15:09.753] [main/INFO] [STDERR/]: [optifine.OptiFineTransformer:getOptiFineResourcePatched:414]: 	at LAYER SERVICE/optifine/optifine.Patcher.applyPatch(Patcher.java:146)
[30Jul2025 16:15:09.754] [main/INFO] [STDERR/]: [optifine.OptiFineTransformer:getOptiFineResourcePatched:414]: 	at LAYER SERVICE/optifine/optifine.OptiFineTransformer.getOptiFineResourcePatched(OptiFineTransformer.java:396)
[30Jul2025 16:15:09.754] [main/INFO] [STDERR/]: [optifine.OptiFineTransformer:getOptiFineResourcePatched:414]: 	at LAYER SERVICE/optifine/optifine.OptiFineTransformer.getOptiFineResourceStreamPatched(OptiFineTransformer.java:368)
[30Jul2025 16:15:09.754] [main/INFO] [STDERR/]: [optifine.OptiFineTransformer:getOptiFineResourcePatched:414]: 	at LAYER SERVICE/optifine/optifine.OptiFineTransformer.getOptiFineResourceStream(OptiFineTransformer.java:291)
[30Jul2025 16:15:09.754] [main/INFO] [STDERR/]: [optifine.OptiFineTransformer:getOptiFineResourcePatched:414]: 	at LAYER SERVICE/optifine/optifine.OptiFineTransformer.getOptiFineResource(OptiFineTransformer.java:260)
[30Jul2025 16:15:09.754] [main/INFO] [STDERR/]: [optifine.OptiFineTransformer:getOptiFineResourcePatched:414]: 	at LAYER SERVICE/optifine/optifine.OptiFineTransformer.transform(OptiFineTransformer.java:171)
[30Jul2025 16:15:09.754] [main/INFO] [STDERR/]: [optifine.OptiFineTransformer:getOptiFineResourcePatched:414]: 	at LAYER SERVICE/optifine/optifine.OptiFineTransformer.transform(OptiFineTransformer.java:1)
[30Jul2025 16:15:09.755] [main/INFO] [STDERR/]: [optifine.OptiFineTransformer:getOptiFineResourcePatched:414]: 	at MC-BOOTSTRAP/cpw.mods.modlauncher@10.0.9/cpw.mods.modlauncher.TransformerHolder.transform(TransformerHolder.java:41)
[30Jul2025 16:15:09.755] [main/INFO] [STDERR/]: [optifine.OptiFineTransformer:getOptiFineResourcePatched:414]: 	at MC-BOOTSTRAP/cpw.mods.modlauncher@10.0.9/cpw.mods.modlauncher.ClassTransformer.performVote(ClassTransformer.java:179)
[30Jul2025 16:15:09.755] [main/INFO] [STDERR/]: [optifine.OptiFineTransformer:getOptiFineResourcePatched:414]: 	at MC-BOOTSTRAP/cpw.mods.modlauncher@10.0.9/cpw.mods.modlauncher.ClassTransformer.transform(ClassTransformer.java:98)
[30Jul2025 16:15:09.756] [main/INFO] [STDERR/]: [optifine.OptiFineTransformer:getOptiFineResourcePatched:414]: 	at MC-BOOTSTRAP/cpw.mods.modlauncher@10.0.9/cpw.mods.modlauncher.TransformingClassLoader.maybeTransformClassBytes(TransformingClassLoader.java:50)
[30Jul2025 16:15:09.756] [main/INFO] [STDERR/]: [optifine.OptiFineTransformer:getOptiFineResourcePatched:414]: 	at cpw.mods.securejarhandler/cpw.mods.cl.ModuleClassLoader.getMaybeTransformedClassBytes(ModuleClassLoader.java:250)
[30Jul2025 16:15:09.756] [main/INFO] [STDERR/]: [optifine.OptiFineTransformer:getOptiFineResourcePatched:414]: 	at MC-BOOTSTRAP/cpw.mods.modlauncher@10.0.9/cpw.mods.modlauncher.TransformingClassLoader.buildTransformedClassNodeFor(TransformingClassLoader.java:58)
[30Jul2025 16:15:09.756] [main/INFO] [STDERR/]: [optifine.OptiFineTransformer:getOptiFineResourcePatched:414]: 	at MC-BOOTSTRAP/cpw.mods.modlauncher@10.0.9/cpw.mods.modlauncher.LaunchPluginHandler.lambda$announceLaunch$10(LaunchPluginHandler.java:100)
[30Jul2025 16:15:09.756] [main/INFO] [STDERR/]: [optifine.OptiFineTransformer:getOptiFineResourcePatched:414]: 	at MC-BOOTSTRAP/org.spongepowered.mixin/org.spongepowered.asm.launch.MixinLaunchPluginLegacy.getClassNode(MixinLaunchPluginLegacy.java:222)
[30Jul2025 16:15:09.757] [main/INFO] [STDERR/]: [optifine.OptiFineTransformer:getOptiFineResourcePatched:414]: 	at MC-BOOTSTRAP/org.spongepowered.mixin/org.spongepowered.asm.launch.MixinLaunchPluginLegacy.getClassNode(MixinLaunchPluginLegacy.java:207)
[30Jul2025 16:15:09.757] [main/INFO] [STDERR/]: [optifine.OptiFineTransformer:getOptiFineResourcePatched:414]: 	at MC-BOOTSTRAP/org.spongepowered.mixin/org.spongepowered.asm.mixin.transformer.ClassInfo.forName(ClassInfo.java:2005)
[30Jul2025 16:15:09.757] [main/INFO] [STDERR/]: [optifine.OptiFineTransformer:getOptiFineResourcePatched:414]: 	at MC-BOOTSTRAP/org.spongepowered.mixin/org.spongepowered.asm.mixin.transformer.MixinInfo.getTargetClass(MixinInfo.java:1017)
[30Jul2025 16:15:09.757] [main/INFO] [STDERR/]: [optifine.OptiFineTransformer:getOptiFineResourcePatched:414]: 	at MC-BOOTSTRAP/org.spongepowered.mixin/org.spongepowered.asm.mixin.transformer.MixinInfo.readTargetClasses(MixinInfo.java:1007)
[30Jul2025 16:15:09.757] [main/INFO] [STDERR/]: [optifine.OptiFineTransformer:getOptiFineResourcePatched:414]: 	at MC-BOOTSTRAP/org.spongepowered.mixin/org.spongepowered.asm.mixin.transformer.MixinInfo.parseTargets(MixinInfo.java:895)
[30Jul2025 16:15:09.757] [main/INFO] [STDERR/]: [optifine.OptiFineTransformer:getOptiFineResourcePatched:414]: 	at MC-BOOTSTRAP/org.spongepowered.mixin/org.spongepowered.asm.mixin.transformer.MixinConfig.prepareMixins(MixinConfig.java:867)
[30Jul2025 16:15:09.758] [main/INFO] [STDERR/]: [optifine.OptiFineTransformer:getOptiFineResourcePatched:414]: 	at MC-BOOTSTRAP/org.spongepowered.mixin/org.spongepowered.asm.mixin.transformer.MixinConfig.prepare(MixinConfig.java:775)
[30Jul2025 16:15:09.758] [main/INFO] [STDERR/]: [optifine.OptiFineTransformer:getOptiFineResourcePatched:414]: 	at MC-BOOTSTRAP/org.spongepowered.mixin/org.spongepowered.asm.mixin.transformer.MixinProcessor.prepareConfigs(MixinProcessor.java:539)
[30Jul2025 16:15:09.758] [main/INFO] [STDERR/]: [optifine.OptiFineTransformer:getOptiFineResourcePatched:414]: 	at MC-BOOTSTRAP/org.spongepowered.mixin/org.spongepowered.asm.mixin.transformer.MixinProcessor.select(MixinProcessor.java:462)
[30Jul2025 16:15:09.758] [main/INFO] [STDERR/]: [optifine.OptiFineTransformer:getOptiFineResourcePatched:414]: 	at MC-BOOTSTRAP/org.spongepowered.mixin/org.spongepowered.asm.mixin.transformer.MixinProcessor.checkSelect(MixinProcessor.java:438)
[30Jul2025 16:15:09.759] [main/INFO] [STDERR/]: [optifine.OptiFineTransformer:getOptiFineResourcePatched:414]: 	at MC-BOOTSTRAP/org.spongepowered.mixin/org.spongepowered.asm.mixin.transformer.MixinProcessor.applyMixins(MixinProcessor.java:290)
[30Jul2025 16:15:09.759] [main/INFO] [STDERR/]: [optifine.OptiFineTransformer:getOptiFineResourcePatched:414]: 	at MC-BOOTSTRAP/org.spongepowered.mixin/org.spongepowered.asm.mixin.transformer.MixinTransformer.transformClass(MixinTransformer.java:250)
[30Jul2025 16:15:09.759] [main/INFO] [STDERR/]: [optifine.OptiFineTransformer:getOptiFineResourcePatched:414]: 	at MC-BOOTSTRAP/org.spongepowered.mixin/org.spongepowered.asm.service.modlauncher.MixinTransformationHandler.processClass(MixinTransformationHandler.java:131)
[30Jul2025 16:15:09.759] [main/INFO] [STDERR/]: [optifine.OptiFineTransformer:getOptiFineResourcePatched:414]: 	at MC-BOOTSTRAP/org.spongepowered.mixin/org.spongepowered.asm.launch.MixinLaunchPluginLegacy.processClass(MixinLaunchPluginLegacy.java:131)
[30Jul2025 16:15:09.759] [main/INFO] [STDERR/]: [optifine.OptiFineTransformer:getOptiFineResourcePatched:414]: 	at MC-BOOTSTRAP/cpw.mods.modlauncher@10.0.9/cpw.mods.modlauncher.serviceapi.ILaunchPluginService.processClassWithFlags(ILaunchPluginService.java:156)
[30Jul2025 16:15:09.759] [main/INFO] [STDERR/]: [optifine.OptiFineTransformer:getOptiFineResourcePatched:414]: 	at MC-BOOTSTRAP/cpw.mods.modlauncher@10.0.9/cpw.mods.modlauncher.LaunchPluginHandler.offerClassNodeToPlugins(LaunchPluginHandler.java:88)
[30Jul2025 16:15:09.760] [main/INFO] [STDERR/]: [optifine.OptiFineTransformer:getOptiFineResourcePatched:414]: 	at MC-BOOTSTRAP/cpw.mods.modlauncher@10.0.9/cpw.mods.modlauncher.ClassTransformer.transform(ClassTransformer.java:120)
[30Jul2025 16:15:09.760] [main/INFO] [STDERR/]: [optifine.OptiFineTransformer:getOptiFineResourcePatched:414]: 	at MC-BOOTSTRAP/cpw.mods.modlauncher@10.0.9/cpw.mods.modlauncher.TransformingClassLoader.maybeTransformClassBytes(TransformingClassLoader.java:50)
[30Jul2025 16:15:09.760] [main/INFO] [STDERR/]: [optifine.OptiFineTransformer:getOptiFineResourcePatched:414]: 	at cpw.mods.securejarhandler/cpw.mods.cl.ModuleClassLoader.readerToClass(ModuleClassLoader.java:113)
[30Jul2025 16:15:09.760] [main/INFO] [STDERR/]: [optifine.OptiFineTransformer:getOptiFineResourcePatched:414]: 	at cpw.mods.securejarhandler/cpw.mods.cl.ModuleClassLoader.lambda$findClass$15(ModuleClassLoader.java:219)
[30Jul2025 16:15:09.760] [main/INFO] [STDERR/]: [optifine.OptiFineTransformer:getOptiFineResourcePatched:414]: 	at cpw.mods.securejarhandler/cpw.mods.cl.ModuleClassLoader.loadFromModule(ModuleClassLoader.java:229)
[30Jul2025 16:15:09.761] [main/INFO] [STDERR/]: [optifine.OptiFineTransformer:getOptiFineResourcePatched:414]: 	at cpw.mods.securejarhandler/cpw.mods.cl.ModuleClassLoader.findClass(ModuleClassLoader.java:219)
[30Jul2025 16:15:09.763] [main/INFO] [STDERR/]: [optifine.OptiFineTransformer:getOptiFineResourcePatched:414]: 	at java.base/java.lang.ClassLoader.loadClass(ClassLoader.java:637)
[30Jul2025 16:15:09.764] [main/INFO] [STDERR/]: [optifine.OptiFineTransformer:getOptiFineResourcePatched:414]: 	at java.base/java.lang.Class.forName(Class.java:545)
[30Jul2025 16:15:09.764] [main/INFO] [STDERR/]: [optifine.OptiFineTransformer:getOptiFineResourcePatched:414]: 	at MC-BOOTSTRAP/fmlloader@1.20.1-47.3.7/net.minecraftforge.fml.loading.ImmediateWindowHandler$DummyProvider.lambda$updateModuleReads$1(ImmediateWindowHandler.java:145)
[30Jul2025 16:15:09.764] [main/INFO] [STDERR/]: [optifine.OptiFineTransformer:getOptiFineResourcePatched:414]: 	at java.base/java.util.Optional.map(Optional.java:260)
[30Jul2025 16:15:09.764] [main/INFO] [STDERR/]: [optifine.OptiFineTransformer:getOptiFineResourcePatched:414]: 	at MC-BOOTSTRAP/fmlloader@1.20.1-47.3.7/net.minecraftforge.fml.loading.ImmediateWindowHandler$DummyProvider.updateModuleReads(ImmediateWindowHandler.java:145)
[30Jul2025 16:15:09.765] [main/INFO] [STDERR/]: [optifine.OptiFineTransformer:getOptiFineResourcePatched:414]: 	at MC-BOOTSTRAP/fmlloader@1.20.1-47.3.7/net.minecraftforge.fml.loading.ImmediateWindowHandler.acceptGameLayer(ImmediateWindowHandler.java:71)
[30Jul2025 16:15:09.765] [main/INFO] [STDERR/]: [optifine.OptiFineTransformer:getOptiFineResourcePatched:414]: 	at MC-BOOTSTRAP/fmlloader@1.20.1-47.3.7/net.minecraftforge.fml.loading.FMLLoader.beforeStart(FMLLoader.java:207)
[30Jul2025 16:15:09.765] [main/INFO] [STDERR/]: [optifine.OptiFineTransformer:getOptiFineResourcePatched:414]: 	at MC-BOOTSTRAP/fmlloader@1.20.1-47.3.7/net.minecraftforge.fml.loading.targets.CommonLaunchHandler.launchService(CommonLaunchHandler.java:92)
[30Jul2025 16:15:09.765] [main/INFO] [STDERR/]: [optifine.OptiFineTransformer:getOptiFineResourcePatched:414]: 	at MC-BOOTSTRAP/cpw.mods.modlauncher@10.0.9/cpw.mods.modlauncher.LaunchServiceHandlerDecorator.launch(LaunchServiceHandlerDecorator.java:30)
[30Jul2025 16:15:09.765] [main/INFO] [STDERR/]: [optifine.OptiFineTransformer:getOptiFineResourcePatched:414]: 	at MC-BOOTSTRAP/cpw.mods.modlauncher@10.0.9/cpw.mods.modlauncher.LaunchServiceHandler.launch(LaunchServiceHandler.java:53)
[30Jul2025 16:15:09.766] [main/INFO] [STDERR/]: [optifine.OptiFineTransformer:getOptiFineResourcePatched:414]: 	at MC-BOOTSTRAP/cpw.mods.modlauncher@10.0.9/cpw.mods.modlauncher.LaunchServiceHandler.launch(LaunchServiceHandler.java:71)
[30Jul2025 16:15:09.766] [main/INFO] [STDERR/]: [optifine.OptiFineTransformer:getOptiFineResourcePatched:414]: 	at MC-BOOTSTRAP/cpw.mods.modlauncher@10.0.9/cpw.mods.modlauncher.Launcher.run(Launcher.java:108)
[30Jul2025 16:15:09.766] [main/INFO] [STDERR/]: [optifine.OptiFineTransformer:getOptiFineResourcePatched:414]: 	at MC-BOOTSTRAP/cpw.mods.modlauncher@10.0.9/cpw.mods.modlauncher.Launcher.main(Launcher.java:78)
[30Jul2025 16:15:09.766] [main/INFO] [STDERR/]: [optifine.OptiFineTransformer:getOptiFineResourcePatched:414]: 	at MC-BOOTSTRAP/cpw.mods.modlauncher@10.0.9/cpw.mods.modlauncher.BootstrapLaunchConsumer.accept(BootstrapLaunchConsumer.java:26)
[30Jul2025 16:15:09.766] [main/INFO] [STDERR/]: [optifine.OptiFineTransformer:getOptiFineResourcePatched:414]: 	at MC-BOOTSTRAP/cpw.mods.modlauncher@10.0.9/cpw.mods.modlauncher.BootstrapLaunchConsumer.accept(BootstrapLaunchConsumer.java:23)
[30Jul2025 16:15:09.767] [main/INFO] [STDERR/]: [optifine.OptiFineTransformer:getOptiFineResourcePatched:414]: 	at cpw.mods.bootstraplauncher@1.1.2/cpw.mods.bootstraplauncher.BootstrapLauncher.main(BootstrapLauncher.java:141)
[30Jul2025 16:15:09.786] [main/INFO] [STDERR/]: [optifine.OptiFineTransformer:getOptiFineResourcePatched:414]: java.io.IOException: Base resource not found: deq.class
[30Jul2025 16:15:09.786] [main/INFO] [STDERR/]: [optifine.OptiFineTransformer:getOptiFineResourcePatched:414]: 	at LAYER SERVICE/optifine/optifine.Patcher.applyPatch(Patcher.java:146)
[30Jul2025 16:15:09.786] [main/INFO] [STDERR/]: [optifine.OptiFineTransformer:getOptiFineResourcePatched:414]: 	at LAYER SERVICE/optifine/optifine.OptiFineTransformer.getOptiFineResourcePatched(OptiFineTransformer.java:396)
[30Jul2025 16:15:09.786] [main/INFO] [STDERR/]: [optifine.OptiFineTransformer:getOptiFineResourcePatched:414]: 	at LAYER SERVICE/optifine/optifine.OptiFineTransformer.getOptiFineResourceStreamPatched(OptiFineTransformer.java:368)
[30Jul2025 16:15:09.787] [main/INFO] [STDERR/]: [optifine.OptiFineTransformer:getOptiFineResourcePatched:414]: 	at LAYER SERVICE/optifine/optifine.OptiFineTransformer.getOptiFineResourceStream(OptiFineTransformer.java:291)
[30Jul2025 16:15:09.787] [main/INFO] [STDERR/]: [optifine.OptiFineTransformer:getOptiFineResourcePatched:414]: 	at LAYER SERVICE/optifine/optifine.OptiFineTransformer.getOptiFineResource(OptiFineTransformer.java:260)
[30Jul2025 16:15:09.787] [main/INFO] [STDERR/]: [optifine.OptiFineTransformer:getOptiFineResourcePatched:414]: 	at LAYER SERVICE/optifine/optifine.OptiFineTransformer.transform(OptiFineTransformer.java:171)
[30Jul2025 16:15:09.788] [main/INFO] [STDERR/]: [optifine.OptiFineTransformer:getOptiFineResourcePatched:414]: 	at LAYER SERVICE/optifine/optifine.OptiFineTransformer.transform(OptiFineTransformer.java:1)
[30Jul2025 16:15:09.788] [main/INFO] [STDERR/]: [optifine.OptiFineTransformer:getOptiFineResourcePatched:414]: 	at MC-BOOTSTRAP/cpw.mods.modlauncher@10.0.9/cpw.mods.modlauncher.TransformerHolder.transform(TransformerHolder.java:41)
[30Jul2025 16:15:09.789] [main/INFO] [STDERR/]: [optifine.OptiFineTransformer:getOptiFineResourcePatched:414]: 	at MC-BOOTSTRAP/cpw.mods.modlauncher@10.0.9/cpw.mods.modlauncher.ClassTransformer.performVote(ClassTransformer.java:179)
[30Jul2025 16:15:09.789] [main/INFO] [STDERR/]: [optifine.OptiFineTransformer:getOptiFineResourcePatched:414]: 	at MC-BOOTSTRAP/cpw.mods.modlauncher@10.0.9/cpw.mods.modlauncher.ClassTransformer.transform(ClassTransformer.java:98)
[30Jul2025 16:15:09.789] [main/INFO] [STDERR/]: [optifine.OptiFineTransformer:getOptiFineResourcePatched:414]: 	at MC-BOOTSTRAP/cpw.mods.modlauncher@10.0.9/cpw.mods.modlauncher.TransformingClassLoader.maybeTransformClassBytes(TransformingClassLoader.java:50)
[30Jul2025 16:15:09.790] [main/INFO] [STDERR/]: [optifine.OptiFineTransformer:getOptiFineResourcePatched:414]: 	at cpw.mods.securejarhandler/cpw.mods.cl.ModuleClassLoader.getMaybeTransformedClassBytes(ModuleClassLoader.java:250)
[30Jul2025 16:15:09.790] [main/INFO] [STDERR/]: [optifine.OptiFineTransformer:getOptiFineResourcePatched:414]: 	at MC-BOOTSTRAP/cpw.mods.modlauncher@10.0.9/cpw.mods.modlauncher.TransformingClassLoader.buildTransformedClassNodeFor(TransformingClassLoader.java:58)
[30Jul2025 16:15:09.791] [main/INFO] [STDERR/]: [optifine.OptiFineTransformer:getOptiFineResourcePatched:414]: 	at MC-BOOTSTRAP/cpw.mods.modlauncher@10.0.9/cpw.mods.modlauncher.LaunchPluginHandler.lambda$announceLaunch$10(LaunchPluginHandler.java:100)
[30Jul2025 16:15:09.791] [main/INFO] [STDERR/]: [optifine.OptiFineTransformer:getOptiFineResourcePatched:414]: 	at MC-BOOTSTRAP/org.spongepowered.mixin/org.spongepowered.asm.launch.MixinLaunchPluginLegacy.getClassNode(MixinLaunchPluginLegacy.java:222)
[30Jul2025 16:15:09.792] [main/INFO] [STDERR/]: [optifine.OptiFineTransformer:getOptiFineResourcePatched:414]: 	at MC-BOOTSTRAP/org.spongepowered.mixin/org.spongepowered.asm.launch.MixinLaunchPluginLegacy.getClassNode(MixinLaunchPluginLegacy.java:207)
[30Jul2025 16:15:09.794] [main/INFO] [STDERR/]: [optifine.OptiFineTransformer:getOptiFineResourcePatched:414]: 	at MC-BOOTSTRAP/org.spongepowered.mixin/org.spongepowered.asm.mixin.transformer.ClassInfo.forName(ClassInfo.java:2005)
[30Jul2025 16:15:09.794] [main/INFO] [STDERR/]: [optifine.OptiFineTransformer:getOptiFineResourcePatched:414]: 	at MC-BOOTSTRAP/org.spongepowered.mixin/org.spongepowered.asm.mixin.transformer.MixinInfo.getTargetClass(MixinInfo.java:1017)
[30Jul2025 16:15:09.794] [main/INFO] [STDERR/]: [optifine.OptiFineTransformer:getOptiFineResourcePatched:414]: 	at MC-BOOTSTRAP/org.spongepowered.mixin/org.spongepowered.asm.mixin.transformer.MixinInfo.readTargetClasses(MixinInfo.java:1007)
[30Jul2025 16:15:09.794] [main/INFO] [STDERR/]: [optifine.OptiFineTransformer:getOptiFineResourcePatched:414]: 	at MC-BOOTSTRAP/org.spongepowered.mixin/org.spongepowered.asm.mixin.transformer.MixinInfo.parseTargets(MixinInfo.java:895)
[30Jul2025 16:15:09.794] [main/INFO] [STDERR/]: [optifine.OptiFineTransformer:getOptiFineResourcePatched:414]: 	at MC-BOOTSTRAP/org.spongepowered.mixin/org.spongepowered.asm.mixin.transformer.MixinConfig.prepareMixins(MixinConfig.java:867)
[30Jul2025 16:15:09.794] [main/INFO] [STDERR/]: [optifine.OptiFineTransformer:getOptiFineResourcePatched:414]: 	at MC-BOOTSTRAP/org.spongepowered.mixin/org.spongepowered.asm.mixin.transformer.MixinConfig.prepare(MixinConfig.java:775)
[30Jul2025 16:15:09.794] [main/INFO] [STDERR/]: [optifine.OptiFineTransformer:getOptiFineResourcePatched:414]: 	at MC-BOOTSTRAP/org.spongepowered.mixin/org.spongepowered.asm.mixin.transformer.MixinProcessor.prepareConfigs(MixinProcessor.java:539)
[30Jul2025 16:15:09.795] [main/INFO] [STDERR/]: [optifine.OptiFineTransformer:getOptiFineResourcePatched:414]: 	at MC-BOOTSTRAP/org.spongepowered.mixin/org.spongepowered.asm.mixin.transformer.MixinProcessor.select(MixinProcessor.java:462)
[30Jul2025 16:15:09.795] [main/INFO] [STDERR/]: [optifine.OptiFineTransformer:getOptiFineResourcePatched:414]: 	at MC-BOOTSTRAP/org.spongepowered.mixin/org.spongepowered.asm.mixin.transformer.MixinProcessor.checkSelect(MixinProcessor.java:438)
[30Jul2025 16:15:09.795] [main/INFO] [STDERR/]: [optifine.OptiFineTransformer:getOptiFineResourcePatched:414]: 	at MC-BOOTSTRAP/org.spongepowered.mixin/org.spongepowered.asm.mixin.transformer.MixinProcessor.applyMixins(MixinProcessor.java:290)
[30Jul2025 16:15:09.795] [main/INFO] [STDERR/]: [optifine.OptiFineTransformer:getOptiFineResourcePatched:414]: 	at MC-BOOTSTRAP/org.spongepowered.mixin/org.spongepowered.asm.mixin.transformer.MixinTransformer.transformClass(MixinTransformer.java:250)
[30Jul2025 16:15:09.795] [main/INFO] [STDERR/]: [optifine.OptiFineTransformer:getOptiFineResourcePatched:414]: 	at MC-BOOTSTRAP/org.spongepowered.mixin/org.spongepowered.asm.service.modlauncher.MixinTransformationHandler.processClass(MixinTransformationHandler.java:131)
[30Jul2025 16:15:09.795] [main/INFO] [STDERR/]: [optifine.OptiFineTransformer:getOptiFineResourcePatched:414]: 	at MC-BOOTSTRAP/org.spongepowered.mixin/org.spongepowered.asm.launch.MixinLaunchPluginLegacy.processClass(MixinLaunchPluginLegacy.java:131)
[30Jul2025 16:15:09.795] [main/INFO] [STDERR/]: [optifine.OptiFineTransformer:getOptiFineResourcePatched:414]: 	at MC-BOOTSTRAP/cpw.mods.modlauncher@10.0.9/cpw.mods.modlauncher.serviceapi.ILaunchPluginService.processClassWithFlags(ILaunchPluginService.java:156)
[30Jul2025 16:15:09.796] [main/INFO] [STDERR/]: [optifine.OptiFineTransformer:getOptiFineResourcePatched:414]: 	at MC-BOOTSTRAP/cpw.mods.modlauncher@10.0.9/cpw.mods.modlauncher.LaunchPluginHandler.offerClassNodeToPlugins(LaunchPluginHandler.java:88)
[30Jul2025 16:15:09.796] [main/INFO] [STDERR/]: [optifine.OptiFineTransformer:getOptiFineResourcePatched:414]: 	at MC-BOOTSTRAP/cpw.mods.modlauncher@10.0.9/cpw.mods.modlauncher.ClassTransformer.transform(ClassTransformer.java:120)
[30Jul2025 16:15:09.796] [main/INFO] [STDERR/]: [optifine.OptiFineTransformer:getOptiFineResourcePatched:414]: 	at MC-BOOTSTRAP/cpw.mods.modlauncher@10.0.9/cpw.mods.modlauncher.TransformingClassLoader.maybeTransformClassBytes(TransformingClassLoader.java:50)
[30Jul2025 16:15:09.796] [main/INFO] [STDERR/]: [optifine.OptiFineTransformer:getOptiFineResourcePatched:414]: 	at cpw.mods.securejarhandler/cpw.mods.cl.ModuleClassLoader.readerToClass(ModuleClassLoader.java:113)
[30Jul2025 16:15:09.799] [main/INFO] [STDERR/]: [optifine.OptiFineTransformer:getOptiFineResourcePatched:414]: 	at cpw.mods.securejarhandler/cpw.mods.cl.ModuleClassLoader.lambda$findClass$15(ModuleClassLoader.java:219)
[30Jul2025 16:15:09.799] [main/INFO] [STDERR/]: [optifine.OptiFineTransformer:getOptiFineResourcePatched:414]: 	at cpw.mods.securejarhandler/cpw.mods.cl.ModuleClassLoader.loadFromModule(ModuleClassLoader.java:229)
[30Jul2025 16:15:09.799] [main/INFO] [STDERR/]: [optifine.OptiFineTransformer:getOptiFineResourcePatched:414]: 	at cpw.mods.securejarhandler/cpw.mods.cl.ModuleClassLoader.findClass(ModuleClassLoader.java:219)
[30Jul2025 16:15:09.799] [main/INFO] [STDERR/]: [optifine.OptiFineTransformer:getOptiFineResourcePatched:414]: 	at java.base/java.lang.ClassLoader.loadClass(ClassLoader.java:637)
[30Jul2025 16:15:09.800] [main/INFO] [STDERR/]: [optifine.OptiFineTransformer:getOptiFineResourcePatched:414]: 	at java.base/java.lang.Class.forName(Class.java:545)
[30Jul2025 16:15:09.800] [main/INFO] [STDERR/]: [optifine.OptiFineTransformer:getOptiFineResourcePatched:414]: 	at MC-BOOTSTRAP/fmlloader@1.20.1-47.3.7/net.minecraftforge.fml.loading.ImmediateWindowHandler$DummyProvider.lambda$updateModuleReads$1(ImmediateWindowHandler.java:145)
[30Jul2025 16:15:09.800] [main/INFO] [STDERR/]: [optifine.OptiFineTransformer:getOptiFineResourcePatched:414]: 	at java.base/java.util.Optional.map(Optional.java:260)
[30Jul2025 16:15:09.800] [main/INFO] [STDERR/]: [optifine.OptiFineTransformer:getOptiFineResourcePatched:414]: 	at MC-BOOTSTRAP/fmlloader@1.20.1-47.3.7/net.minecraftforge.fml.loading.ImmediateWindowHandler$DummyProvider.updateModuleReads(ImmediateWindowHandler.java:145)
[30Jul2025 16:15:09.801] [main/INFO] [STDERR/]: [optifine.OptiFineTransformer:getOptiFineResourcePatched:414]: 	at MC-BOOTSTRAP/fmlloader@1.20.1-47.3.7/net.minecraftforge.fml.loading.ImmediateWindowHandler.acceptGameLayer(ImmediateWindowHandler.java:71)
[30Jul2025 16:15:09.801] [main/INFO] [STDERR/]: [optifine.OptiFineTransformer:getOptiFineResourcePatched:414]: 	at MC-BOOTSTRAP/fmlloader@1.20.1-47.3.7/net.minecraftforge.fml.loading.FMLLoader.beforeStart(FMLLoader.java:207)
[30Jul2025 16:15:09.801] [main/INFO] [STDERR/]: [optifine.OptiFineTransformer:getOptiFineResourcePatched:414]: 	at MC-BOOTSTRAP/fmlloader@1.20.1-47.3.7/net.minecraftforge.fml.loading.targets.CommonLaunchHandler.launchService(CommonLaunchHandler.java:92)
[30Jul2025 16:15:09.801] [main/INFO] [STDERR/]: [optifine.OptiFineTransformer:getOptiFineResourcePatched:414]: 	at MC-BOOTSTRAP/cpw.mods.modlauncher@10.0.9/cpw.mods.modlauncher.LaunchServiceHandlerDecorator.launch(LaunchServiceHandlerDecorator.java:30)
[30Jul2025 16:15:09.801] [main/INFO] [STDERR/]: [optifine.OptiFineTransformer:getOptiFineResourcePatched:414]: 	at MC-BOOTSTRAP/cpw.mods.modlauncher@10.0.9/cpw.mods.modlauncher.LaunchServiceHandler.launch(LaunchServiceHandler.java:53)
[30Jul2025 16:15:09.802] [main/INFO] [STDERR/]: [optifine.OptiFineTransformer:getOptiFineResourcePatched:414]: 	at MC-BOOTSTRAP/cpw.mods.modlauncher@10.0.9/cpw.mods.modlauncher.LaunchServiceHandler.launch(LaunchServiceHandler.java:71)
[30Jul2025 16:15:09.804] [main/INFO] [STDERR/]: [optifine.OptiFineTransformer:getOptiFineResourcePatched:414]: 	at MC-BOOTSTRAP/cpw.mods.modlauncher@10.0.9/cpw.mods.modlauncher.Launcher.run(Launcher.java:108)
[30Jul2025 16:15:09.805] [main/INFO] [STDERR/]: [optifine.OptiFineTransformer:getOptiFineResourcePatched:414]: 	at MC-BOOTSTRAP/cpw.mods.modlauncher@10.0.9/cpw.mods.modlauncher.Launcher.main(Launcher.java:78)
[30Jul2025 16:15:09.805] [main/INFO] [STDERR/]: [optifine.OptiFineTransformer:getOptiFineResourcePatched:414]: 	at MC-BOOTSTRAP/cpw.mods.modlauncher@10.0.9/cpw.mods.modlauncher.BootstrapLaunchConsumer.accept(BootstrapLaunchConsumer.java:26)
[30Jul2025 16:15:09.805] [main/INFO] [STDERR/]: [optifine.OptiFineTransformer:getOptiFineResourcePatched:414]: 	at MC-BOOTSTRAP/cpw.mods.modlauncher@10.0.9/cpw.mods.modlauncher.BootstrapLaunchConsumer.accept(BootstrapLaunchConsumer.java:23)
[30Jul2025 16:15:09.805] [main/INFO] [STDERR/]: [optifine.OptiFineTransformer:getOptiFineResourcePatched:414]: 	at cpw.mods.bootstraplauncher@1.1.2/cpw.mods.bootstraplauncher.BootstrapLauncher.main(BootstrapLauncher.java:141)
[30Jul2025 16:15:09.809] [main/INFO] [STDERR/]: [optifine.OptiFineTransformer:getOptiFineResourcePatched:414]: java.io.IOException: Base resource not found: apl.class
[30Jul2025 16:15:09.812] [main/INFO] [STDERR/]: [optifine.OptiFineTransformer:getOptiFineResourcePatched:414]: 	at LAYER SERVICE/optifine/optifine.Patcher.applyPatch(Patcher.java:146)
[30Jul2025 16:15:09.812] [main/INFO] [STDERR/]: [optifine.OptiFineTransformer:getOptiFineResourcePatched:414]: 	at LAYER SERVICE/optifine/optifine.OptiFineTransformer.getOptiFineResourcePatched(OptiFineTransformer.java:396)
[30Jul2025 16:15:09.812] [main/INFO] [STDERR/]: [optifine.OptiFineTransformer:getOptiFineResourcePatched:414]: 	at LAYER SERVICE/optifine/optifine.OptiFineTransformer.getOptiFineResourceStreamPatched(OptiFineTransformer.java:368)
[30Jul2025 16:15:09.812] [main/INFO] [STDERR/]: [optifine.OptiFineTransformer:getOptiFineResourcePatched:414]: 	at LAYER SERVICE/optifine/optifine.OptiFineTransformer.getOptiFineResourceStream(OptiFineTransformer.java:291)
[30Jul2025 16:15:09.813] [main/INFO] [STDERR/]: [optifine.OptiFineTransformer:getOptiFineResourcePatched:414]: 	at LAYER SERVICE/optifine/optifine.OptiFineTransformer.getOptiFineResource(OptiFineTransformer.java:260)
[30Jul2025 16:15:09.813] [main/INFO] [STDERR/]: [optifine.OptiFineTransformer:getOptiFineResourcePatched:414]: 	at LAYER SERVICE/optifine/optifine.OptiFineTransformer.transform(OptiFineTransformer.java:171)
[30Jul2025 16:15:09.813] [main/INFO] [STDERR/]: [optifine.OptiFineTransformer:getOptiFineResourcePatched:414]: 	at LAYER SERVICE/optifine/optifine.OptiFineTransformer.transform(OptiFineTransformer.java:1)
[30Jul2025 16:15:09.813] [main/INFO] [STDERR/]: [optifine.OptiFineTransformer:getOptiFineResourcePatched:414]: 	at MC-BOOTSTRAP/cpw.mods.modlauncher@10.0.9/cpw.mods.modlauncher.TransformerHolder.transform(TransformerHolder.java:41)
[30Jul2025 16:15:09.813] [main/INFO] [STDERR/]: [optifine.OptiFineTransformer:getOptiFineResourcePatched:414]: 	at MC-BOOTSTRAP/cpw.mods.modlauncher@10.0.9/cpw.mods.modlauncher.ClassTransformer.performVote(ClassTransformer.java:179)
[30Jul2025 16:15:09.814] [main/INFO] [STDERR/]: [optifine.OptiFineTransformer:getOptiFineResourcePatched:414]: 	at MC-BOOTSTRAP/cpw.mods.modlauncher@10.0.9/cpw.mods.modlauncher.ClassTransformer.transform(ClassTransformer.java:98)
[30Jul2025 16:15:09.814] [main/INFO] [STDERR/]: [optifine.OptiFineTransformer:getOptiFineResourcePatched:414]: 	at MC-BOOTSTRAP/cpw.mods.modlauncher@10.0.9/cpw.mods.modlauncher.TransformingClassLoader.maybeTransformClassBytes(TransformingClassLoader.java:50)
[30Jul2025 16:15:09.814] [main/INFO] [STDERR/]: [optifine.OptiFineTransformer:getOptiFineResourcePatched:414]: 	at cpw.mods.securejarhandler/cpw.mods.cl.ModuleClassLoader.getMaybeTransformedClassBytes(ModuleClassLoader.java:250)
[30Jul2025 16:15:09.814] [main/INFO] [STDERR/]: [optifine.OptiFineTransformer:getOptiFineResourcePatched:414]: 	at MC-BOOTSTRAP/cpw.mods.modlauncher@10.0.9/cpw.mods.modlauncher.TransformingClassLoader.buildTransformedClassNodeFor(TransformingClassLoader.java:58)
[30Jul2025 16:15:09.815] [main/INFO] [STDERR/]: [optifine.OptiFineTransformer:getOptiFineResourcePatched:414]: 	at MC-BOOTSTRAP/cpw.mods.modlauncher@10.0.9/cpw.mods.modlauncher.TransformerClassWriter.computeHierarchyFromFile(TransformerClassWriter.java:149)
[30Jul2025 16:15:09.815] [main/INFO] [STDERR/]: [optifine.OptiFineTransformer:getOptiFineResourcePatched:414]: 	at MC-BOOTSTRAP/cpw.mods.modlauncher@10.0.9/cpw.mods.modlauncher.TransformerClassWriter.computeHierarchy(TransformerClassWriter.java:112)
[30Jul2025 16:15:09.815] [main/INFO] [STDERR/]: [optifine.OptiFineTransformer:getOptiFineResourcePatched:414]: 	at MC-BOOTSTRAP/cpw.mods.modlauncher@10.0.9/cpw.mods.modlauncher.TransformerClassWriter.getSupers(TransformerClassWriter.java:83)
[30Jul2025 16:15:09.815] [main/INFO] [STDERR/]: [optifine.OptiFineTransformer:getOptiFineResourcePatched:414]: 	at MC-BOOTSTRAP/cpw.mods.modlauncher@10.0.9/cpw.mods.modlauncher.TransformerClassWriter.getCommonSuperClass(TransformerClassWriter.java:63)
[30Jul2025 16:15:09.816] [main/INFO] [STDERR/]: [optifine.OptiFineTransformer:getOptiFineResourcePatched:414]: 	at org.objectweb.asm@9.7/org.objectweb.asm.SymbolTable.addMergedType(SymbolTable.java:1264)
[30Jul2025 16:15:09.816] [main/INFO] [STDERR/]: [optifine.OptiFineTransformer:getOptiFineResourcePatched:414]: 	at org.objectweb.asm@9.7/org.objectweb.asm.Frame.merge(Frame.java:1311)
[30Jul2025 16:15:09.816] [main/INFO] [STDERR/]: [optifine.OptiFineTransformer:getOptiFineResourcePatched:414]: 	at org.objectweb.asm@9.7/org.objectweb.asm.Frame.merge(Frame.java:1208)
[30Jul2025 16:15:09.816] [main/INFO] [STDERR/]: [optifine.OptiFineTransformer:getOptiFineResourcePatched:414]: 	at org.objectweb.asm@9.7/org.objectweb.asm.MethodWriter.computeAllFrames(MethodWriter.java:1612)
[30Jul2025 16:15:09.816] [main/INFO] [STDERR/]: [optifine.OptiFineTransformer:getOptiFineResourcePatched:414]: 	at org.objectweb.asm@9.7/org.objectweb.asm.MethodWriter.visitMaxs(MethodWriter.java:1548)
[30Jul2025 16:15:09.817] [main/INFO] [STDERR/]: [optifine.OptiFineTransformer:getOptiFineResourcePatched:414]: 	at org.objectweb.asm.tree@9.7/org.objectweb.asm.tree.MethodNode.accept(MethodNode.java:767)
[30Jul2025 16:15:09.817] [main/INFO] [STDERR/]: [optifine.OptiFineTransformer:getOptiFineResourcePatched:414]: 	at org.objectweb.asm.tree@9.7/org.objectweb.asm.tree.MethodNode.accept(MethodNode.java:647)
[30Jul2025 16:15:09.818] [main/INFO] [STDERR/]: [optifine.OptiFineTransformer:getOptiFineResourcePatched:414]: 	at org.objectweb.asm.tree@9.7/org.objectweb.asm.tree.ClassNode.accept(ClassNode.java:468)
[30Jul2025 16:15:09.819] [main/INFO] [STDERR/]: [optifine.OptiFineTransformer:getOptiFineResourcePatched:414]: 	at MC-BOOTSTRAP/cpw.mods.modlauncher@10.0.9/cpw.mods.modlauncher.ClassTransformer.transform(ClassTransformer.java:133)
[30Jul2025 16:15:09.821] [main/INFO] [STDERR/]: [optifine.OptiFineTransformer:getOptiFineResourcePatched:414]: 	at MC-BOOTSTRAP/cpw.mods.modlauncher@10.0.9/cpw.mods.modlauncher.TransformingClassLoader.maybeTransformClassBytes(TransformingClassLoader.java:50)
[30Jul2025 16:15:09.821] [main/INFO] [STDERR/]: [optifine.OptiFineTransformer:getOptiFineResourcePatched:414]: 	at cpw.mods.securejarhandler/cpw.mods.cl.ModuleClassLoader.getMaybeTransformedClassBytes(ModuleClassLoader.java:250)
[30Jul2025 16:15:09.822] [main/INFO] [STDERR/]: [optifine.OptiFineTransformer:getOptiFineResourcePatched:414]: 	at MC-BOOTSTRAP/cpw.mods.modlauncher@10.0.9/cpw.mods.modlauncher.TransformingClassLoader.buildTransformedClassNodeFor(TransformingClassLoader.java:58)
[30Jul2025 16:15:09.822] [main/INFO] [STDERR/]: [optifine.OptiFineTransformer:getOptiFineResourcePatched:414]: 	at MC-BOOTSTRAP/cpw.mods.modlauncher@10.0.9/cpw.mods.modlauncher.LaunchPluginHandler.lambda$announceLaunch$10(LaunchPluginHandler.java:100)
[30Jul2025 16:15:09.823] [main/INFO] [STDERR/]: [optifine.OptiFineTransformer:getOptiFineResourcePatched:414]: 	at MC-BOOTSTRAP/org.spongepowered.mixin/org.spongepowered.asm.launch.MixinLaunchPluginLegacy.getClassNode(MixinLaunchPluginLegacy.java:222)
[30Jul2025 16:15:09.823] [main/INFO] [STDERR/]: [optifine.OptiFineTransformer:getOptiFineResourcePatched:414]: 	at MC-BOOTSTRAP/org.spongepowered.mixin/org.spongepowered.asm.launch.MixinLaunchPluginLegacy.getClassNode(MixinLaunchPluginLegacy.java:207)
[30Jul2025 16:15:09.824] [main/INFO] [STDERR/]: [optifine.OptiFineTransformer:getOptiFineResourcePatched:414]: 	at MC-BOOTSTRAP/org.spongepowered.mixin/org.spongepowered.asm.mixin.transformer.ClassInfo.forName(ClassInfo.java:2005)
[30Jul2025 16:15:09.825] [main/INFO] [STDERR/]: [optifine.OptiFineTransformer:getOptiFineResourcePatched:414]: 	at MC-BOOTSTRAP/org.spongepowered.mixin/org.spongepowered.asm.mixin.transformer.MixinInfo.getTargetClass(MixinInfo.java:1017)
[30Jul2025 16:15:09.825] [main/INFO] [STDERR/]: [optifine.OptiFineTransformer:getOptiFineResourcePatched:414]: 	at MC-BOOTSTRAP/org.spongepowered.mixin/org.spongepowered.asm.mixin.transformer.MixinInfo.readTargetClasses(MixinInfo.java:1007)
[30Jul2025 16:15:09.826] [main/INFO] [STDERR/]: [optifine.OptiFineTransformer:getOptiFineResourcePatched:414]: 	at MC-BOOTSTRAP/org.spongepowered.mixin/org.spongepowered.asm.mixin.transformer.MixinInfo.parseTargets(MixinInfo.java:895)
[30Jul2025 16:15:09.826] [main/INFO] [STDERR/]: [optifine.OptiFineTransformer:getOptiFineResourcePatched:414]: 	at MC-BOOTSTRAP/org.spongepowered.mixin/org.spongepowered.asm.mixin.transformer.MixinConfig.prepareMixins(MixinConfig.java:867)
[30Jul2025 16:15:09.826] [main/INFO] [STDERR/]: [optifine.OptiFineTransformer:getOptiFineResourcePatched:414]: 	at MC-BOOTSTRAP/org.spongepowered.mixin/org.spongepowered.asm.mixin.transformer.MixinConfig.prepare(MixinConfig.java:775)
[30Jul2025 16:15:09.827] [main/INFO] [STDERR/]: [optifine.OptiFineTransformer:getOptiFineResourcePatched:414]: 	at MC-BOOTSTRAP/org.spongepowered.mixin/org.spongepowered.asm.mixin.transformer.MixinProcessor.prepareConfigs(MixinProcessor.java:539)
[30Jul2025 16:15:09.827] [main/INFO] [STDERR/]: [optifine.OptiFineTransformer:getOptiFineResourcePatched:414]: 	at MC-BOOTSTRAP/org.spongepowered.mixin/org.spongepowered.asm.mixin.transformer.MixinProcessor.select(MixinProcessor.java:462)
[30Jul2025 16:15:09.827] [main/INFO] [STDERR/]: [optifine.OptiFineTransformer:getOptiFineResourcePatched:414]: 	at MC-BOOTSTRAP/org.spongepowered.mixin/org.spongepowered.asm.mixin.transformer.MixinProcessor.checkSelect(MixinProcessor.java:438)
[30Jul2025 16:15:09.827] [main/INFO] [STDERR/]: [optifine.OptiFineTransformer:getOptiFineResourcePatched:414]: 	at MC-BOOTSTRAP/org.spongepowered.mixin/org.spongepowered.asm.mixin.transformer.MixinProcessor.applyMixins(MixinProcessor.java:290)
[30Jul2025 16:15:09.827] [main/INFO] [STDERR/]: [optifine.OptiFineTransformer:getOptiFineResourcePatched:414]: 	at MC-BOOTSTRAP/org.spongepowered.mixin/org.spongepowered.asm.mixin.transformer.MixinTransformer.transformClass(MixinTransformer.java:250)
[30Jul2025 16:15:09.827] [main/INFO] [STDERR/]: [optifine.OptiFineTransformer:getOptiFineResourcePatched:414]: 	at MC-BOOTSTRAP/org.spongepowered.mixin/org.spongepowered.asm.service.modlauncher.MixinTransformationHandler.processClass(MixinTransformationHandler.java:131)
[30Jul2025 16:15:09.828] [main/INFO] [STDERR/]: [optifine.OptiFineTransformer:getOptiFineResourcePatched:414]: 	at MC-BOOTSTRAP/org.spongepowered.mixin/org.spongepowered.asm.launch.MixinLaunchPluginLegacy.processClass(MixinLaunchPluginLegacy.java:131)
[30Jul2025 16:15:09.828] [main/INFO] [STDERR/]: [optifine.OptiFineTransformer:getOptiFineResourcePatched:414]: 	at MC-BOOTSTRAP/cpw.mods.modlauncher@10.0.9/cpw.mods.modlauncher.serviceapi.ILaunchPluginService.processClassWithFlags(ILaunchPluginService.java:156)
[30Jul2025 16:15:09.828] [main/INFO] [STDERR/]: [optifine.OptiFineTransformer:getOptiFineResourcePatched:414]: 	at MC-BOOTSTRAP/cpw.mods.modlauncher@10.0.9/cpw.mods.modlauncher.LaunchPluginHandler.offerClassNodeToPlugins(LaunchPluginHandler.java:88)
[30Jul2025 16:15:09.828] [main/INFO] [STDERR/]: [optifine.OptiFineTransformer:getOptiFineResourcePatched:414]: 	at MC-BOOTSTRAP/cpw.mods.modlauncher@10.0.9/cpw.mods.modlauncher.ClassTransformer.transform(ClassTransformer.java:120)
[30Jul2025 16:15:09.828] [main/INFO] [STDERR/]: [optifine.OptiFineTransformer:getOptiFineResourcePatched:414]: 	at MC-BOOTSTRAP/cpw.mods.modlauncher@10.0.9/cpw.mods.modlauncher.TransformingClassLoader.maybeTransformClassBytes(TransformingClassLoader.java:50)
[30Jul2025 16:15:09.828] [main/INFO] [STDERR/]: [optifine.OptiFineTransformer:getOptiFineResourcePatched:414]: 	at cpw.mods.securejarhandler/cpw.mods.cl.ModuleClassLoader.readerToClass(ModuleClassLoader.java:113)
[30Jul2025 16:15:09.828] [main/INFO] [STDERR/]: [optifine.OptiFineTransformer:getOptiFineResourcePatched:414]: 	at cpw.mods.securejarhandler/cpw.mods.cl.ModuleClassLoader.lambda$findClass$15(ModuleClassLoader.java:219)
[30Jul2025 16:15:09.829] [main/INFO] [STDERR/]: [optifine.OptiFineTransformer:getOptiFineResourcePatched:414]: 	at cpw.mods.securejarhandler/cpw.mods.cl.ModuleClassLoader.loadFromModule(ModuleClassLoader.java:229)
[30Jul2025 16:15:09.830] [main/INFO] [STDERR/]: [optifine.OptiFineTransformer:getOptiFineResourcePatched:414]: 	at cpw.mods.securejarhandler/cpw.mods.cl.ModuleClassLoader.findClass(ModuleClassLoader.java:219)
[30Jul2025 16:15:09.830] [main/INFO] [STDERR/]: [optifine.OptiFineTransformer:getOptiFineResourcePatched:414]: 	at java.base/java.lang.ClassLoader.loadClass(ClassLoader.java:637)
[30Jul2025 16:15:09.830] [main/INFO] [STDERR/]: [optifine.OptiFineTransformer:getOptiFineResourcePatched:414]: 	at java.base/java.lang.Class.forName(Class.java:545)
[30Jul2025 16:15:09.830] [main/INFO] [STDERR/]: [optifine.OptiFineTransformer:getOptiFineResourcePatched:414]: 	at MC-BOOTSTRAP/fmlloader@1.20.1-47.3.7/net.minecraftforge.fml.loading.ImmediateWindowHandler$DummyProvider.lambda$updateModuleReads$1(ImmediateWindowHandler.java:145)
[30Jul2025 16:15:09.830] [main/INFO] [STDERR/]: [optifine.OptiFineTransformer:getOptiFineResourcePatched:414]: 	at java.base/java.util.Optional.map(Optional.java:260)
[30Jul2025 16:15:09.831] [main/INFO] [STDERR/]: [optifine.OptiFineTransformer:getOptiFineResourcePatched:414]: 	at MC-BOOTSTRAP/fmlloader@1.20.1-47.3.7/net.minecraftforge.fml.loading.ImmediateWindowHandler$DummyProvider.updateModuleReads(ImmediateWindowHandler.java:145)
[30Jul2025 16:15:09.831] [main/INFO] [STDERR/]: [optifine.OptiFineTransformer:getOptiFineResourcePatched:414]: 	at MC-BOOTSTRAP/fmlloader@1.20.1-47.3.7/net.minecraftforge.fml.loading.ImmediateWindowHandler.acceptGameLayer(ImmediateWindowHandler.java:71)
[30Jul2025 16:15:09.831] [main/INFO] [STDERR/]: [optifine.OptiFineTransformer:getOptiFineResourcePatched:414]: 	at MC-BOOTSTRAP/fmlloader@1.20.1-47.3.7/net.minecraftforge.fml.loading.FMLLoader.beforeStart(FMLLoader.java:207)
[30Jul2025 16:15:09.831] [main/INFO] [STDERR/]: [optifine.OptiFineTransformer:getOptiFineResourcePatched:414]: 	at MC-BOOTSTRAP/fmlloader@1.20.1-47.3.7/net.minecraftforge.fml.loading.targets.CommonLaunchHandler.launchService(CommonLaunchHandler.java:92)
[30Jul2025 16:15:09.831] [main/INFO] [STDERR/]: [optifine.OptiFineTransformer:getOptiFineResourcePatched:414]: 	at MC-BOOTSTRAP/cpw.mods.modlauncher@10.0.9/cpw.mods.modlauncher.LaunchServiceHandlerDecorator.launch(LaunchServiceHandlerDecorator.java:30)
[30Jul2025 16:15:09.831] [main/INFO] [STDERR/]: [optifine.OptiFineTransformer:getOptiFineResourcePatched:414]: 	at MC-BOOTSTRAP/cpw.mods.modlauncher@10.0.9/cpw.mods.modlauncher.LaunchServiceHandler.launch(LaunchServiceHandler.java:53)
[30Jul2025 16:15:09.832] [main/INFO] [STDERR/]: [optifine.OptiFineTransformer:getOptiFineResourcePatched:414]: 	at MC-BOOTSTRAP/cpw.mods.modlauncher@10.0.9/cpw.mods.modlauncher.LaunchServiceHandler.launch(LaunchServiceHandler.java:71)
[30Jul2025 16:15:09.833] [main/INFO] [STDERR/]: [optifine.OptiFineTransformer:getOptiFineResourcePatched:414]: 	at MC-BOOTSTRAP/cpw.mods.modlauncher@10.0.9/cpw.mods.modlauncher.Launcher.run(Launcher.java:108)
[30Jul2025 16:15:09.834] [main/INFO] [STDERR/]: [optifine.OptiFineTransformer:getOptiFineResourcePatched:414]: 	at MC-BOOTSTRAP/cpw.mods.modlauncher@10.0.9/cpw.mods.modlauncher.Launcher.main(Launcher.java:78)
[30Jul2025 16:15:09.834] [main/INFO] [STDERR/]: [optifine.OptiFineTransformer:getOptiFineResourcePatched:414]: 	at MC-BOOTSTRAP/cpw.mods.modlauncher@10.0.9/cpw.mods.modlauncher.BootstrapLaunchConsumer.accept(BootstrapLaunchConsumer.java:26)
[30Jul2025 16:15:09.835] [main/INFO] [STDERR/]: [optifine.OptiFineTransformer:getOptiFineResourcePatched:414]: 	at MC-BOOTSTRAP/cpw.mods.modlauncher@10.0.9/cpw.mods.modlauncher.BootstrapLaunchConsumer.accept(BootstrapLaunchConsumer.java:23)
[30Jul2025 16:15:09.835] [main/INFO] [STDERR/]: [optifine.OptiFineTransformer:getOptiFineResourcePatched:414]: 	at cpw.mods.bootstraplauncher@1.1.2/cpw.mods.bootstraplauncher.BootstrapLauncher.main(BootstrapLauncher.java:141)
[30Jul2025 16:15:09.838] [main/INFO] [STDERR/]: [optifine.OptiFineTransformer:getOptiFineResourcePatched:414]: java.io.IOException: Base resource not found: ans.class
[30Jul2025 16:15:09.840] [main/INFO] [STDERR/]: [optifine.OptiFineTransformer:getOptiFineResourcePatched:414]: 	at LAYER SERVICE/optifine/optifine.Patcher.applyPatch(Patcher.java:146)
[30Jul2025 16:15:09.840] [main/INFO] [STDERR/]: [optifine.OptiFineTransformer:getOptiFineResourcePatched:414]: 	at LAYER SERVICE/optifine/optifine.OptiFineTransformer.getOptiFineResourcePatched(OptiFineTransformer.java:396)
[30Jul2025 16:15:09.840] [main/INFO] [STDERR/]: [optifine.OptiFineTransformer:getOptiFineResourcePatched:414]: 	at LAYER SERVICE/optifine/optifine.OptiFineTransformer.getOptiFineResourceStreamPatched(OptiFineTransformer.java:368)
[30Jul2025 16:15:09.840] [main/INFO] [STDERR/]: [optifine.OptiFineTransformer:getOptiFineResourcePatched:414]: 	at LAYER SERVICE/optifine/optifine.OptiFineTransformer.getOptiFineResourceStream(OptiFineTransformer.java:291)
[30Jul2025 16:15:09.841] [main/INFO] [STDERR/]: [optifine.OptiFineTransformer:getOptiFineResourcePatched:414]: 	at LAYER SERVICE/optifine/optifine.OptiFineTransformer.getOptiFineResource(OptiFineTransformer.java:260)
[30Jul2025 16:15:09.841] [main/INFO] [STDERR/]: [optifine.OptiFineTransformer:getOptiFineResourcePatched:414]: 	at LAYER SERVICE/optifine/optifine.OptiFineTransformer.transform(OptiFineTransformer.java:171)
[30Jul2025 16:15:09.841] [main/INFO] [STDERR/]: [optifine.OptiFineTransformer:getOptiFineResourcePatched:414]: 	at LAYER SERVICE/optifine/optifine.OptiFineTransformer.transform(OptiFineTransformer.java:1)
[30Jul2025 16:15:09.843] [main/INFO] [STDERR/]: [optifine.OptiFineTransformer:getOptiFineResourcePatched:414]: 	at MC-BOOTSTRAP/cpw.mods.modlauncher@10.0.9/cpw.mods.modlauncher.TransformerHolder.transform(TransformerHolder.java:41)
[30Jul2025 16:15:09.843] [main/INFO] [STDERR/]: [optifine.OptiFineTransformer:getOptiFineResourcePatched:414]: 	at MC-BOOTSTRAP/cpw.mods.modlauncher@10.0.9/cpw.mods.modlauncher.ClassTransformer.performVote(ClassTransformer.java:179)
[30Jul2025 16:15:09.843] [main/INFO] [STDERR/]: [optifine.OptiFineTransformer:getOptiFineResourcePatched:414]: 	at MC-BOOTSTRAP/cpw.mods.modlauncher@10.0.9/cpw.mods.modlauncher.ClassTransformer.transform(ClassTransformer.java:98)
[30Jul2025 16:15:09.844] [main/INFO] [STDERR/]: [optifine.OptiFineTransformer:getOptiFineResourcePatched:414]: 	at MC-BOOTSTRAP/cpw.mods.modlauncher@10.0.9/cpw.mods.modlauncher.TransformingClassLoader.maybeTransformClassBytes(TransformingClassLoader.java:50)
[30Jul2025 16:15:09.844] [main/INFO] [STDERR/]: [optifine.OptiFineTransformer:getOptiFineResourcePatched:414]: 	at cpw.mods.securejarhandler/cpw.mods.cl.ModuleClassLoader.getMaybeTransformedClassBytes(ModuleClassLoader.java:250)
[30Jul2025 16:15:09.844] [main/INFO] [STDERR/]: [optifine.OptiFineTransformer:getOptiFineResourcePatched:414]: 	at MC-BOOTSTRAP/cpw.mods.modlauncher@10.0.9/cpw.mods.modlauncher.TransformingClassLoader.buildTransformedClassNodeFor(TransformingClassLoader.java:58)
[30Jul2025 16:15:09.845] [main/INFO] [STDERR/]: [optifine.OptiFineTransformer:getOptiFineResourcePatched:414]: 	at MC-BOOTSTRAP/cpw.mods.modlauncher@10.0.9/cpw.mods.modlauncher.TransformerClassWriter.computeHierarchyFromFile(TransformerClassWriter.java:149)
[30Jul2025 16:15:09.845] [main/INFO] [STDERR/]: [optifine.OptiFineTransformer:getOptiFineResourcePatched:414]: 	at MC-BOOTSTRAP/cpw.mods.modlauncher@10.0.9/cpw.mods.modlauncher.TransformerClassWriter.computeHierarchy(TransformerClassWriter.java:112)
[30Jul2025 16:15:09.845] [main/INFO] [STDERR/]: [optifine.OptiFineTransformer:getOptiFineResourcePatched:414]: 	at MC-BOOTSTRAP/cpw.mods.modlauncher@10.0.9/cpw.mods.modlauncher.TransformerClassWriter$SuperCollectingVisitor.lambda$visit$0(TransformerClassWriter.java:185)
[30Jul2025 16:15:09.845] [main/INFO] [STDERR/]: [optifine.OptiFineTransformer:getOptiFineResourcePatched:414]: 	at java.base/java.util.Spliterators$ArraySpliterator.forEachRemaining(Spliterators.java:992)
[30Jul2025 16:15:09.845] [main/INFO] [STDERR/]: [optifine.OptiFineTransformer:getOptiFineResourcePatched:414]: 	at java.base/java.util.stream.ReferencePipeline$Head.forEach(ReferencePipeline.java:762)
[30Jul2025 16:15:09.846] [main/INFO] [STDERR/]: [optifine.OptiFineTransformer:getOptiFineResourcePatched:414]: 	at MC-BOOTSTRAP/cpw.mods.modlauncher@10.0.9/cpw.mods.modlauncher.TransformerClassWriter$SuperCollectingVisitor.visit(TransformerClassWriter.java:184)
[30Jul2025 16:15:09.846] [main/INFO] [STDERR/]: [optifine.OptiFineTransformer:getOptiFineResourcePatched:414]: 	at org.objectweb.asm@9.7/org.objectweb.asm.ClassReader.accept(ClassReader.java:570)
[30Jul2025 16:15:09.848] [main/INFO] [STDERR/]: [optifine.OptiFineTransformer:getOptiFineResourcePatched:414]: 	at org.objectweb.asm@9.7/org.objectweb.asm.ClassReader.accept(ClassReader.java:425)
[30Jul2025 16:15:09.849] [main/INFO] [STDERR/]: [optifine.OptiFineTransformer:getOptiFineResourcePatched:414]: 	at MC-BOOTSTRAP/cpw.mods.modlauncher@10.0.9/cpw.mods.modlauncher.TransformerClassWriter.computeHierarchyFromFile(TransformerClassWriter.java:151)
[30Jul2025 16:15:09.849] [main/INFO] [STDERR/]: [optifine.OptiFineTransformer:getOptiFineResourcePatched:414]: 	at MC-BOOTSTRAP/cpw.mods.modlauncher@10.0.9/cpw.mods.modlauncher.TransformerClassWriter.computeHierarchy(TransformerClassWriter.java:112)
[30Jul2025 16:15:09.849] [main/INFO] [STDERR/]: [optifine.OptiFineTransformer:getOptiFineResourcePatched:414]: 	at MC-BOOTSTRAP/cpw.mods.modlauncher@10.0.9/cpw.mods.modlauncher.TransformerClassWriter.getSupers(TransformerClassWriter.java:83)
[30Jul2025 16:15:09.850] [main/INFO] [STDERR/]: [optifine.OptiFineTransformer:getOptiFineResourcePatched:414]: 	at MC-BOOTSTRAP/cpw.mods.modlauncher@10.0.9/cpw.mods.modlauncher.TransformerClassWriter.getCommonSuperClass(TransformerClassWriter.java:63)
[30Jul2025 16:15:09.850] [main/INFO] [STDERR/]: [optifine.OptiFineTransformer:getOptiFineResourcePatched:414]: 	at org.objectweb.asm@9.7/org.objectweb.asm.SymbolTable.addMergedType(SymbolTable.java:1264)
[30Jul2025 16:15:09.850] [main/INFO] [STDERR/]: [optifine.OptiFineTransformer:getOptiFineResourcePatched:414]: 	at org.objectweb.asm@9.7/org.objectweb.asm.Frame.merge(Frame.java:1311)
[30Jul2025 16:15:09.853] [main/INFO] [STDERR/]: [optifine.OptiFineTransformer:getOptiFineResourcePatched:414]: 	at org.objectweb.asm@9.7/org.objectweb.asm.Frame.merge(Frame.java:1208)
[30Jul2025 16:15:09.853] [main/INFO] [STDERR/]: [optifine.OptiFineTransformer:getOptiFineResourcePatched:414]: 	at org.objectweb.asm@9.7/org.objectweb.asm.MethodWriter.computeAllFrames(MethodWriter.java:1612)
[30Jul2025 16:15:09.854] [main/INFO] [STDERR/]: [optifine.OptiFineTransformer:getOptiFineResourcePatched:414]: 	at org.objectweb.asm@9.7/org.objectweb.asm.MethodWriter.visitMaxs(MethodWriter.java:1548)
[30Jul2025 16:15:09.854] [main/INFO] [STDERR/]: [optifine.OptiFineTransformer:getOptiFineResourcePatched:414]: 	at org.objectweb.asm.tree@9.7/org.objectweb.asm.tree.MethodNode.accept(MethodNode.java:767)
[30Jul2025 16:15:09.854] [main/INFO] [STDERR/]: [optifine.OptiFineTransformer:getOptiFineResourcePatched:414]: 	at org.objectweb.asm.tree@9.7/org.objectweb.asm.tree.MethodNode.accept(MethodNode.java:647)
[30Jul2025 16:15:09.855] [main/INFO] [STDERR/]: [optifine.OptiFineTransformer:getOptiFineResourcePatched:414]: 	at org.objectweb.asm.tree@9.7/org.objectweb.asm.tree.ClassNode.accept(ClassNode.java:468)
[30Jul2025 16:15:09.855] [main/INFO] [STDERR/]: [optifine.OptiFineTransformer:getOptiFineResourcePatched:414]: 	at MC-BOOTSTRAP/cpw.mods.modlauncher@10.0.9/cpw.mods.modlauncher.ClassTransformer.transform(ClassTransformer.java:133)
[30Jul2025 16:15:09.855] [main/INFO] [STDERR/]: [optifine.OptiFineTransformer:getOptiFineResourcePatched:414]: 	at MC-BOOTSTRAP/cpw.mods.modlauncher@10.0.9/cpw.mods.modlauncher.TransformingClassLoader.maybeTransformClassBytes(TransformingClassLoader.java:50)
[30Jul2025 16:15:09.856] [main/INFO] [STDERR/]: [optifine.OptiFineTransformer:getOptiFineResourcePatched:414]: 	at cpw.mods.securejarhandler/cpw.mods.cl.ModuleClassLoader.getMaybeTransformedClassBytes(ModuleClassLoader.java:250)
[30Jul2025 16:15:09.856] [main/INFO] [STDERR/]: [optifine.OptiFineTransformer:getOptiFineResourcePatched:414]: 	at MC-BOOTSTRAP/cpw.mods.modlauncher@10.0.9/cpw.mods.modlauncher.TransformingClassLoader.buildTransformedClassNodeFor(TransformingClassLoader.java:58)
[30Jul2025 16:15:09.856] [main/INFO] [STDERR/]: [optifine.OptiFineTransformer:getOptiFineResourcePatched:414]: 	at MC-BOOTSTRAP/cpw.mods.modlauncher@10.0.9/cpw.mods.modlauncher.LaunchPluginHandler.lambda$announceLaunch$10(LaunchPluginHandler.java:100)
[30Jul2025 16:15:09.856] [main/INFO] [STDERR/]: [optifine.OptiFineTransformer:getOptiFineResourcePatched:414]: 	at MC-BOOTSTRAP/org.spongepowered.mixin/org.spongepowered.asm.launch.MixinLaunchPluginLegacy.getClassNode(MixinLaunchPluginLegacy.java:222)
[30Jul2025 16:15:09.856] [main/INFO] [STDERR/]: [optifine.OptiFineTransformer:getOptiFineResourcePatched:414]: 	at MC-BOOTSTRAP/org.spongepowered.mixin/org.spongepowered.asm.launch.MixinLaunchPluginLegacy.getClassNode(MixinLaunchPluginLegacy.java:207)
[30Jul2025 16:15:09.857] [main/INFO] [STDERR/]: [optifine.OptiFineTransformer:getOptiFineResourcePatched:414]: 	at MC-BOOTSTRAP/org.spongepowered.mixin/org.spongepowered.asm.mixin.transformer.ClassInfo.forName(ClassInfo.java:2005)
[30Jul2025 16:15:09.857] [main/INFO] [STDERR/]: [optifine.OptiFineTransformer:getOptiFineResourcePatched:414]: 	at MC-BOOTSTRAP/org.spongepowered.mixin/org.spongepowered.asm.mixin.transformer.MixinInfo.getTargetClass(MixinInfo.java:1017)
[30Jul2025 16:15:09.857] [main/INFO] [STDERR/]: [optifine.OptiFineTransformer:getOptiFineResourcePatched:414]: 	at MC-BOOTSTRAP/org.spongepowered.mixin/org.spongepowered.asm.mixin.transformer.MixinInfo.readTargetClasses(MixinInfo.java:1007)
[30Jul2025 16:15:09.857] [main/INFO] [STDERR/]: [optifine.OptiFineTransformer:getOptiFineResourcePatched:414]: 	at MC-BOOTSTRAP/org.spongepowered.mixin/org.spongepowered.asm.mixin.transformer.MixinInfo.parseTargets(MixinInfo.java:895)
[30Jul2025 16:15:09.857] [main/INFO] [STDERR/]: [optifine.OptiFineTransformer:getOptiFineResourcePatched:414]: 	at MC-BOOTSTRAP/org.spongepowered.mixin/org.spongepowered.asm.mixin.transformer.MixinConfig.prepareMixins(MixinConfig.java:867)
[30Jul2025 16:15:09.858] [main/INFO] [STDERR/]: [optifine.OptiFineTransformer:getOptiFineResourcePatched:414]: 	at MC-BOOTSTRAP/org.spongepowered.mixin/org.spongepowered.asm.mixin.transformer.MixinConfig.prepare(MixinConfig.java:775)
[30Jul2025 16:15:09.858] [main/INFO] [STDERR/]: [optifine.OptiFineTransformer:getOptiFineResourcePatched:414]: 	at MC-BOOTSTRAP/org.spongepowered.mixin/org.spongepowered.asm.mixin.transformer.MixinProcessor.prepareConfigs(MixinProcessor.java:539)
[30Jul2025 16:15:09.858] [main/INFO] [STDERR/]: [optifine.OptiFineTransformer:getOptiFineResourcePatched:414]: 	at MC-BOOTSTRAP/org.spongepowered.mixin/org.spongepowered.asm.mixin.transformer.MixinProcessor.select(MixinProcessor.java:462)
[30Jul2025 16:15:09.859] [main/INFO] [STDERR/]: [optifine.OptiFineTransformer:getOptiFineResourcePatched:414]: 	at MC-BOOTSTRAP/org.spongepowered.mixin/org.spongepowered.asm.mixin.transformer.MixinProcessor.checkSelect(MixinProcessor.java:438)
[30Jul2025 16:15:09.859] [main/INFO] [STDERR/]: [optifine.OptiFineTransformer:getOptiFineResourcePatched:414]: 	at MC-BOOTSTRAP/org.spongepowered.mixin/org.spongepowered.asm.mixin.transformer.MixinProcessor.applyMixins(MixinProcessor.java:290)
[30Jul2025 16:15:09.859] [main/INFO] [STDERR/]: [optifine.OptiFineTransformer:getOptiFineResourcePatched:414]: 	at MC-BOOTSTRAP/org.spongepowered.mixin/org.spongepowered.asm.mixin.transformer.MixinTransformer.transformClass(MixinTransformer.java:250)
[30Jul2025 16:15:09.859] [main/INFO] [STDERR/]: [optifine.OptiFineTransformer:getOptiFineResourcePatched:414]: 	at MC-BOOTSTRAP/org.spongepowered.mixin/org.spongepowered.asm.service.modlauncher.MixinTransformationHandler.processClass(MixinTransformationHandler.java:131)
[30Jul2025 16:15:09.859] [main/INFO] [STDERR/]: [optifine.OptiFineTransformer:getOptiFineResourcePatched:414]: 	at MC-BOOTSTRAP/org.spongepowered.mixin/org.spongepowered.asm.launch.MixinLaunchPluginLegacy.processClass(MixinLaunchPluginLegacy.java:131)
[30Jul2025 16:15:09.860] [main/INFO] [STDERR/]: [optifine.OptiFineTransformer:getOptiFineResourcePatched:414]: 	at MC-BOOTSTRAP/cpw.mods.modlauncher@10.0.9/cpw.mods.modlauncher.serviceapi.ILaunchPluginService.processClassWithFlags(ILaunchPluginService.java:156)
[30Jul2025 16:15:09.860] [main/INFO] [STDERR/]: [optifine.OptiFineTransformer:getOptiFineResourcePatched:414]: 	at MC-BOOTSTRAP/cpw.mods.modlauncher@10.0.9/cpw.mods.modlauncher.LaunchPluginHandler.offerClassNodeToPlugins(LaunchPluginHandler.java:88)
[30Jul2025 16:15:09.860] [main/INFO] [STDERR/]: [optifine.OptiFineTransformer:getOptiFineResourcePatched:414]: 	at MC-BOOTSTRAP/cpw.mods.modlauncher@10.0.9/cpw.mods.modlauncher.ClassTransformer.transform(ClassTransformer.java:120)
[30Jul2025 16:15:09.860] [main/INFO] [STDERR/]: [optifine.OptiFineTransformer:getOptiFineResourcePatched:414]: 	at MC-BOOTSTRAP/cpw.mods.modlauncher@10.0.9/cpw.mods.modlauncher.TransformingClassLoader.maybeTransformClassBytes(TransformingClassLoader.java:50)
[30Jul2025 16:15:09.860] [main/INFO] [STDERR/]: [optifine.OptiFineTransformer:getOptiFineResourcePatched:414]: 	at cpw.mods.securejarhandler/cpw.mods.cl.ModuleClassLoader.readerToClass(ModuleClassLoader.java:113)
[30Jul2025 16:15:09.860] [main/INFO] [STDERR/]: [optifine.OptiFineTransformer:getOptiFineResourcePatched:414]: 	at cpw.mods.securejarhandler/cpw.mods.cl.ModuleClassLoader.lambda$findClass$15(ModuleClassLoader.java:219)
[30Jul2025 16:15:09.861] [main/INFO] [STDERR/]: [optifine.OptiFineTransformer:getOptiFineResourcePatched:414]: 	at cpw.mods.securejarhandler/cpw.mods.cl.ModuleClassLoader.loadFromModule(ModuleClassLoader.java:229)
[30Jul2025 16:15:09.861] [main/INFO] [STDERR/]: [optifine.OptiFineTransformer:getOptiFineResourcePatched:414]: 	at cpw.mods.securejarhandler/cpw.mods.cl.ModuleClassLoader.findClass(ModuleClassLoader.java:219)
[30Jul2025 16:15:09.861] [main/INFO] [STDERR/]: [optifine.OptiFineTransformer:getOptiFineResourcePatched:414]: 	at java.base/java.lang.ClassLoader.loadClass(ClassLoader.java:637)
[30Jul2025 16:15:09.861] [main/INFO] [STDERR/]: [optifine.OptiFineTransformer:getOptiFineResourcePatched:414]: 	at java.base/java.lang.Class.forName(Class.java:545)
[30Jul2025 16:15:09.862] [main/INFO] [STDERR/]: [optifine.OptiFineTransformer:getOptiFineResourcePatched:414]: 	at MC-BOOTSTRAP/fmlloader@1.20.1-47.3.7/net.minecraftforge.fml.loading.ImmediateWindowHandler$DummyProvider.lambda$updateModuleReads$1(ImmediateWindowHandler.java:145)
[30Jul2025 16:15:09.862] [main/INFO] [STDERR/]: [optifine.OptiFineTransformer:getOptiFineResourcePatched:414]: 	at java.base/java.util.Optional.map(Optional.java:260)
[30Jul2025 16:15:09.864] [main/INFO] [STDERR/]: [optifine.OptiFineTransformer:getOptiFineResourcePatched:414]: 	at MC-BOOTSTRAP/fmlloader@1.20.1-47.3.7/net.minecraftforge.fml.loading.ImmediateWindowHandler$DummyProvider.updateModuleReads(ImmediateWindowHandler.java:145)
[30Jul2025 16:15:09.864] [main/INFO] [STDERR/]: [optifine.OptiFineTransformer:getOptiFineResourcePatched:414]: 	at MC-BOOTSTRAP/fmlloader@1.20.1-47.3.7/net.minecraftforge.fml.loading.ImmediateWindowHandler.acceptGameLayer(ImmediateWindowHandler.java:71)
[30Jul2025 16:15:09.864] [main/INFO] [STDERR/]: [optifine.OptiFineTransformer:getOptiFineResourcePatched:414]: 	at MC-BOOTSTRAP/fmlloader@1.20.1-47.3.7/net.minecraftforge.fml.loading.FMLLoader.beforeStart(FMLLoader.java:207)
[30Jul2025 16:15:09.864] [main/INFO] [STDERR/]: [optifine.OptiFineTransformer:getOptiFineResourcePatched:414]: 	at MC-BOOTSTRAP/fmlloader@1.20.1-47.3.7/net.minecraftforge.fml.loading.targets.CommonLaunchHandler.launchService(CommonLaunchHandler.java:92)
[30Jul2025 16:15:09.865] [main/INFO] [STDERR/]: [optifine.OptiFineTransformer:getOptiFineResourcePatched:414]: 	at MC-BOOTSTRAP/cpw.mods.modlauncher@10.0.9/cpw.mods.modlauncher.LaunchServiceHandlerDecorator.launch(LaunchServiceHandlerDecorator.java:30)
[30Jul2025 16:15:09.865] [main/INFO] [STDERR/]: [optifine.OptiFineTransformer:getOptiFineResourcePatched:414]: 	at MC-BOOTSTRAP/cpw.mods.modlauncher@10.0.9/cpw.mods.modlauncher.LaunchServiceHandler.launch(LaunchServiceHandler.java:53)
[30Jul2025 16:15:09.865] [main/INFO] [STDERR/]: [optifine.OptiFineTransformer:getOptiFineResourcePatched:414]: 	at MC-BOOTSTRAP/cpw.mods.modlauncher@10.0.9/cpw.mods.modlauncher.LaunchServiceHandler.launch(LaunchServiceHandler.java:71)
[30Jul2025 16:15:09.868] [main/INFO] [STDERR/]: [optifine.OptiFineTransformer:getOptiFineResourcePatched:414]: 	at MC-BOOTSTRAP/cpw.mods.modlauncher@10.0.9/cpw.mods.modlauncher.Launcher.run(Launcher.java:108)
[30Jul2025 16:15:09.868] [main/INFO] [STDERR/]: [optifine.OptiFineTransformer:getOptiFineResourcePatched:414]: 	at MC-BOOTSTRAP/cpw.mods.modlauncher@10.0.9/cpw.mods.modlauncher.Launcher.main(Launcher.java:78)
[30Jul2025 16:15:09.869] [main/INFO] [STDERR/]: [optifine.OptiFineTransformer:getOptiFineResourcePatched:414]: 	at MC-BOOTSTRAP/cpw.mods.modlauncher@10.0.9/cpw.mods.modlauncher.BootstrapLaunchConsumer.accept(BootstrapLaunchConsumer.java:26)
[30Jul2025 16:15:09.869] [main/INFO] [STDERR/]: [optifine.OptiFineTransformer:getOptiFineResourcePatched:414]: 	at MC-BOOTSTRAP/cpw.mods.modlauncher@10.0.9/cpw.mods.modlauncher.BootstrapLaunchConsumer.accept(BootstrapLaunchConsumer.java:23)
[30Jul2025 16:15:09.869] [main/INFO] [STDERR/]: [optifine.OptiFineTransformer:getOptiFineResourcePatched:414]: 	at cpw.mods.bootstraplauncher@1.1.2/cpw.mods.bootstraplauncher.BootstrapLauncher.main(BootstrapLauncher.java:141)
[30Jul2025 16:15:09.978] [main/INFO] [STDERR/]: [optifine.OptiFineTransformer:getOptiFineResourcePatched:414]: java.io.IOException: Base resource not found: ha$a.class
[30Jul2025 16:15:09.978] [main/INFO] [STDERR/]: [optifine.OptiFineTransformer:getOptiFineResourcePatched:414]: 	at LAYER SERVICE/optifine/optifine.Patcher.applyPatch(Patcher.java:146)
[30Jul2025 16:15:09.979] [main/INFO] [STDERR/]: [optifine.OptiFineTransformer:getOptiFineResourcePatched:414]: 	at LAYER SERVICE/optifine/optifine.OptiFineTransformer.getOptiFineResourcePatched(OptiFineTransformer.java:396)
[30Jul2025 16:15:09.979] [main/INFO] [STDERR/]: [optifine.OptiFineTransformer:getOptiFineResourcePatched:414]: 	at LAYER SERVICE/optifine/optifine.OptiFineTransformer.getOptiFineResourceStreamPatched(OptiFineTransformer.java:368)
[30Jul2025 16:15:09.979] [main/INFO] [STDERR/]: [optifine.OptiFineTransformer:getOptiFineResourcePatched:414]: 	at LAYER SERVICE/optifine/optifine.OptiFineTransformer.getOptiFineResourceStream(OptiFineTransformer.java:291)
[30Jul2025 16:15:09.979] [main/INFO] [STDERR/]: [optifine.OptiFineTransformer:getOptiFineResourcePatched:414]: 	at LAYER SERVICE/optifine/optifine.OptiFineTransformer.getOptiFineResource(OptiFineTransformer.java:260)
[30Jul2025 16:15:09.979] [main/INFO] [STDERR/]: [optifine.OptiFineTransformer:getOptiFineResourcePatched:414]: 	at LAYER SERVICE/optifine/optifine.OptiFineTransformer.transform(OptiFineTransformer.java:171)
[30Jul2025 16:15:09.980] [main/INFO] [STDERR/]: [optifine.OptiFineTransformer:getOptiFineResourcePatched:414]: 	at LAYER SERVICE/optifine/optifine.OptiFineTransformer.transform(OptiFineTransformer.java:1)
[30Jul2025 16:15:09.980] [main/INFO] [STDERR/]: [optifine.OptiFineTransformer:getOptiFineResourcePatched:414]: 	at MC-BOOTSTRAP/cpw.mods.modlauncher@10.0.9/cpw.mods.modlauncher.TransformerHolder.transform(TransformerHolder.java:41)
[30Jul2025 16:15:09.980] [main/INFO] [STDERR/]: [optifine.OptiFineTransformer:getOptiFineResourcePatched:414]: 	at MC-BOOTSTRAP/cpw.mods.modlauncher@10.0.9/cpw.mods.modlauncher.ClassTransformer.performVote(ClassTransformer.java:179)
[30Jul2025 16:15:09.980] [main/INFO] [STDERR/]: [optifine.OptiFineTransformer:getOptiFineResourcePatched:414]: 	at MC-BOOTSTRAP/cpw.mods.modlauncher@10.0.9/cpw.mods.modlauncher.ClassTransformer.transform(ClassTransformer.java:98)
[30Jul2025 16:15:09.981] [main/INFO] [STDERR/]: [optifine.OptiFineTransformer:getOptiFineResourcePatched:414]: 	at MC-BOOTSTRAP/cpw.mods.modlauncher@10.0.9/cpw.mods.modlauncher.TransformingClassLoader.maybeTransformClassBytes(TransformingClassLoader.java:50)
[30Jul2025 16:15:09.981] [main/INFO] [STDERR/]: [optifine.OptiFineTransformer:getOptiFineResourcePatched:414]: 	at cpw.mods.securejarhandler/cpw.mods.cl.ModuleClassLoader.getMaybeTransformedClassBytes(ModuleClassLoader.java:250)
[30Jul2025 16:15:09.981] [main/INFO] [STDERR/]: [optifine.OptiFineTransformer:getOptiFineResourcePatched:414]: 	at MC-BOOTSTRAP/cpw.mods.modlauncher@10.0.9/cpw.mods.modlauncher.TransformingClassLoader.buildTransformedClassNodeFor(TransformingClassLoader.java:58)
[30Jul2025 16:15:09.981] [main/INFO] [STDERR/]: [optifine.OptiFineTransformer:getOptiFineResourcePatched:414]: 	at MC-BOOTSTRAP/cpw.mods.modlauncher@10.0.9/cpw.mods.modlauncher.LaunchPluginHandler.lambda$announceLaunch$10(LaunchPluginHandler.java:100)
[30Jul2025 16:15:09.981] [main/INFO] [STDERR/]: [optifine.OptiFineTransformer:getOptiFineResourcePatched:414]: 	at MC-BOOTSTRAP/org.spongepowered.mixin/org.spongepowered.asm.launch.MixinLaunchPluginLegacy.getClassNode(MixinLaunchPluginLegacy.java:222)
[30Jul2025 16:15:09.982] [main/INFO] [STDERR/]: [optifine.OptiFineTransformer:getOptiFineResourcePatched:414]: 	at MC-BOOTSTRAP/org.spongepowered.mixin/org.spongepowered.asm.launch.MixinLaunchPluginLegacy.getClassNode(MixinLaunchPluginLegacy.java:207)
[30Jul2025 16:15:09.982] [main/INFO] [STDERR/]: [optifine.OptiFineTransformer:getOptiFineResourcePatched:414]: 	at MC-BOOTSTRAP/org.spongepowered.mixin/org.spongepowered.asm.mixin.transformer.ClassInfo.forName(ClassInfo.java:2005)
[30Jul2025 16:15:09.982] [main/INFO] [STDERR/]: [optifine.OptiFineTransformer:getOptiFineResourcePatched:414]: 	at MC-BOOTSTRAP/org.spongepowered.mixin/org.spongepowered.asm.mixin.transformer.MixinInfo$State.readInnerClasses(MixinInfo.java:429)
[30Jul2025 16:15:09.982] [main/INFO] [STDERR/]: [optifine.OptiFineTransformer:getOptiFineResourcePatched:414]: 	at MC-BOOTSTRAP/org.spongepowered.mixin/org.spongepowered.asm.mixin.transformer.MixinInfo$State.validate(MixinInfo.java:339)
[30Jul2025 16:15:09.983] [main/INFO] [STDERR/]: [optifine.OptiFineTransformer:getOptiFineResourcePatched:414]: 	at MC-BOOTSTRAP/org.spongepowered.mixin/org.spongepowered.asm.mixin.transformer.MixinInfo.validate(MixinInfo.java:913)
[30Jul2025 16:15:09.983] [main/INFO] [STDERR/]: [optifine.OptiFineTransformer:getOptiFineResourcePatched:414]: 	at MC-BOOTSTRAP/org.spongepowered.mixin/org.spongepowered.asm.mixin.transformer.MixinConfig.postInitialise(MixinConfig.java:801)
[30Jul2025 16:15:09.983] [main/INFO] [STDERR/]: [optifine.OptiFineTransformer:getOptiFineResourcePatched:414]: 	at MC-BOOTSTRAP/org.spongepowered.mixin/org.spongepowered.asm.mixin.transformer.MixinProcessor.prepareConfigs(MixinProcessor.java:567)
[30Jul2025 16:15:09.983] [main/INFO] [STDERR/]: [optifine.OptiFineTransformer:getOptiFineResourcePatched:414]: 	at MC-BOOTSTRAP/org.spongepowered.mixin/org.spongepowered.asm.mixin.transformer.MixinProcessor.select(MixinProcessor.java:462)
[30Jul2025 16:15:09.983] [main/INFO] [STDERR/]: [optifine.OptiFineTransformer:getOptiFineResourcePatched:414]: 	at MC-BOOTSTRAP/org.spongepowered.mixin/org.spongepowered.asm.mixin.transformer.MixinProcessor.checkSelect(MixinProcessor.java:438)
[30Jul2025 16:15:09.984] [main/INFO] [STDERR/]: [optifine.OptiFineTransformer:getOptiFineResourcePatched:414]: 	at MC-BOOTSTRAP/org.spongepowered.mixin/org.spongepowered.asm.mixin.transformer.MixinProcessor.applyMixins(MixinProcessor.java:290)
[30Jul2025 16:15:09.984] [main/INFO] [STDERR/]: [optifine.OptiFineTransformer:getOptiFineResourcePatched:414]: 	at MC-BOOTSTRAP/org.spongepowered.mixin/org.spongepowered.asm.mixin.transformer.MixinTransformer.transformClass(MixinTransformer.java:250)
[30Jul2025 16:15:09.984] [main/INFO] [STDERR/]: [optifine.OptiFineTransformer:getOptiFineResourcePatched:414]: 	at MC-BOOTSTRAP/org.spongepowered.mixin/org.spongepowered.asm.service.modlauncher.MixinTransformationHandler.processClass(MixinTransformationHandler.java:131)
[30Jul2025 16:15:09.984] [main/INFO] [STDERR/]: [optifine.OptiFineTransformer:getOptiFineResourcePatched:414]: 	at MC-BOOTSTRAP/org.spongepowered.mixin/org.spongepowered.asm.launch.MixinLaunchPluginLegacy.processClass(MixinLaunchPluginLegacy.java:131)
[30Jul2025 16:15:09.984] [main/INFO] [STDERR/]: [optifine.OptiFineTransformer:getOptiFineResourcePatched:414]: 	at MC-BOOTSTRAP/cpw.mods.modlauncher@10.0.9/cpw.mods.modlauncher.serviceapi.ILaunchPluginService.processClassWithFlags(ILaunchPluginService.java:156)
[30Jul2025 16:15:09.985] [main/INFO] [STDERR/]: [optifine.OptiFineTransformer:getOptiFineResourcePatched:414]: 	at MC-BOOTSTRAP/cpw.mods.modlauncher@10.0.9/cpw.mods.modlauncher.LaunchPluginHandler.offerClassNodeToPlugins(LaunchPluginHandler.java:88)
[30Jul2025 16:15:09.985] [main/INFO] [STDERR/]: [optifine.OptiFineTransformer:getOptiFineResourcePatched:414]: 	at MC-BOOTSTRAP/cpw.mods.modlauncher@10.0.9/cpw.mods.modlauncher.ClassTransformer.transform(ClassTransformer.java:120)
[30Jul2025 16:15:09.985] [main/INFO] [STDERR/]: [optifine.OptiFineTransformer:getOptiFineResourcePatched:414]: 	at MC-BOOTSTRAP/cpw.mods.modlauncher@10.0.9/cpw.mods.modlauncher.TransformingClassLoader.maybeTransformClassBytes(TransformingClassLoader.java:50)
[30Jul2025 16:15:09.985] [main/INFO] [STDERR/]: [optifine.OptiFineTransformer:getOptiFineResourcePatched:414]: 	at cpw.mods.securejarhandler/cpw.mods.cl.ModuleClassLoader.readerToClass(ModuleClassLoader.java:113)
[30Jul2025 16:15:09.986] [main/INFO] [STDERR/]: [optifine.OptiFineTransformer:getOptiFineResourcePatched:414]: 	at cpw.mods.securejarhandler/cpw.mods.cl.ModuleClassLoader.lambda$findClass$15(ModuleClassLoader.java:219)
[30Jul2025 16:15:09.986] [main/INFO] [STDERR/]: [optifine.OptiFineTransformer:getOptiFineResourcePatched:414]: 	at cpw.mods.securejarhandler/cpw.mods.cl.ModuleClassLoader.loadFromModule(ModuleClassLoader.java:229)
[30Jul2025 16:15:09.986] [main/INFO] [STDERR/]: [optifine.OptiFineTransformer:getOptiFineResourcePatched:414]: 	at cpw.mods.securejarhandler/cpw.mods.cl.ModuleClassLoader.findClass(ModuleClassLoader.java:219)
[30Jul2025 16:15:09.986] [main/INFO] [STDERR/]: [optifine.OptiFineTransformer:getOptiFineResourcePatched:414]: 	at java.base/java.lang.ClassLoader.loadClass(ClassLoader.java:637)
[30Jul2025 16:15:09.986] [main/INFO] [STDERR/]: [optifine.OptiFineTransformer:getOptiFineResourcePatched:414]: 	at java.base/java.lang.Class.forName(Class.java:545)
[30Jul2025 16:15:09.987] [main/INFO] [STDERR/]: [optifine.OptiFineTransformer:getOptiFineResourcePatched:414]: 	at MC-BOOTSTRAP/fmlloader@1.20.1-47.3.7/net.minecraftforge.fml.loading.ImmediateWindowHandler$DummyProvider.lambda$updateModuleReads$1(ImmediateWindowHandler.java:145)
[30Jul2025 16:15:09.987] [main/INFO] [STDERR/]: [optifine.OptiFineTransformer:getOptiFineResourcePatched:414]: 	at java.base/java.util.Optional.map(Optional.java:260)
[30Jul2025 16:15:09.987] [main/INFO] [STDERR/]: [optifine.OptiFineTransformer:getOptiFineResourcePatched:414]: 	at MC-BOOTSTRAP/fmlloader@1.20.1-47.3.7/net.minecraftforge.fml.loading.ImmediateWindowHandler$DummyProvider.updateModuleReads(ImmediateWindowHandler.java:145)
[30Jul2025 16:15:09.987] [main/INFO] [STDERR/]: [optifine.OptiFineTransformer:getOptiFineResourcePatched:414]: 	at MC-BOOTSTRAP/fmlloader@1.20.1-47.3.7/net.minecraftforge.fml.loading.ImmediateWindowHandler.acceptGameLayer(ImmediateWindowHandler.java:71)
[30Jul2025 16:15:09.988] [main/INFO] [STDERR/]: [optifine.OptiFineTransformer:getOptiFineResourcePatched:414]: 	at MC-BOOTSTRAP/fmlloader@1.20.1-47.3.7/net.minecraftforge.fml.loading.FMLLoader.beforeStart(FMLLoader.java:207)
[30Jul2025 16:15:09.988] [main/INFO] [STDERR/]: [optifine.OptiFineTransformer:getOptiFineResourcePatched:414]: 	at MC-BOOTSTRAP/fmlloader@1.20.1-47.3.7/net.minecraftforge.fml.loading.targets.CommonLaunchHandler.launchService(CommonLaunchHandler.java:92)
[30Jul2025 16:15:09.989] [main/INFO] [STDERR/]: [optifine.OptiFineTransformer:getOptiFineResourcePatched:414]: 	at MC-BOOTSTRAP/cpw.mods.modlauncher@10.0.9/cpw.mods.modlauncher.LaunchServiceHandlerDecorator.launch(LaunchServiceHandlerDecorator.java:30)
[30Jul2025 16:15:09.989] [main/INFO] [STDERR/]: [optifine.OptiFineTransformer:getOptiFineResourcePatched:414]: 	at MC-BOOTSTRAP/cpw.mods.modlauncher@10.0.9/cpw.mods.modlauncher.LaunchServiceHandler.launch(LaunchServiceHandler.java:53)
[30Jul2025 16:15:09.989] [main/INFO] [STDERR/]: [optifine.OptiFineTransformer:getOptiFineResourcePatched:414]: 	at MC-BOOTSTRAP/cpw.mods.modlauncher@10.0.9/cpw.mods.modlauncher.LaunchServiceHandler.launch(LaunchServiceHandler.java:71)
[30Jul2025 16:15:09.990] [main/INFO] [STDERR/]: [optifine.OptiFineTransformer:getOptiFineResourcePatched:414]: 	at MC-BOOTSTRAP/cpw.mods.modlauncher@10.0.9/cpw.mods.modlauncher.Launcher.run(Launcher.java:108)
[30Jul2025 16:15:09.990] [main/INFO] [STDERR/]: [optifine.OptiFineTransformer:getOptiFineResourcePatched:414]: 	at MC-BOOTSTRAP/cpw.mods.modlauncher@10.0.9/cpw.mods.modlauncher.Launcher.main(Launcher.java:78)
[30Jul2025 16:15:09.991] [main/INFO] [STDERR/]: [optifine.OptiFineTransformer:getOptiFineResourcePatched:414]: 	at MC-BOOTSTRAP/cpw.mods.modlauncher@10.0.9/cpw.mods.modlauncher.BootstrapLaunchConsumer.accept(BootstrapLaunchConsumer.java:26)
[30Jul2025 16:15:09.991] [main/INFO] [STDERR/]: [optifine.OptiFineTransformer:getOptiFineResourcePatched:414]: 	at MC-BOOTSTRAP/cpw.mods.modlauncher@10.0.9/cpw.mods.modlauncher.BootstrapLaunchConsumer.accept(BootstrapLaunchConsumer.java:23)
[30Jul2025 16:15:09.991] [main/INFO] [STDERR/]: [optifine.OptiFineTransformer:getOptiFineResourcePatched:414]: 	at cpw.mods.bootstraplauncher@1.1.2/cpw.mods.bootstraplauncher.BootstrapLauncher.main(BootstrapLauncher.java:141)
[30Jul2025 16:15:10.003] [main/INFO] [STDERR/]: [optifine.OptiFineTransformer:getOptiFineResourcePatched:414]: java.io.IOException: Base resource not found: emz.class
[30Jul2025 16:15:10.004] [main/INFO] [STDERR/]: [optifine.OptiFineTransformer:getOptiFineResourcePatched:414]: 	at LAYER SERVICE/optifine/optifine.Patcher.applyPatch(Patcher.java:146)
[30Jul2025 16:15:10.005] [main/INFO] [STDERR/]: [optifine.OptiFineTransformer:getOptiFineResourcePatched:414]: 	at LAYER SERVICE/optifine/optifine.OptiFineTransformer.getOptiFineResourcePatched(OptiFineTransformer.java:396)
[30Jul2025 16:15:10.005] [main/INFO] [STDERR/]: [optifine.OptiFineTransformer:getOptiFineResourcePatched:414]: 	at LAYER SERVICE/optifine/optifine.OptiFineTransformer.getOptiFineResourceStreamPatched(OptiFineTransformer.java:368)
[30Jul2025 16:15:10.005] [main/INFO] [STDERR/]: [optifine.OptiFineTransformer:getOptiFineResourcePatched:414]: 	at LAYER SERVICE/optifine/optifine.OptiFineTransformer.getOptiFineResourceStream(OptiFineTransformer.java:291)
[30Jul2025 16:15:10.006] [main/INFO] [STDERR/]: [optifine.OptiFineTransformer:getOptiFineResourcePatched:414]: 	at LAYER SERVICE/optifine/optifine.OptiFineTransformer.getOptiFineResource(OptiFineTransformer.java:260)
[30Jul2025 16:15:10.006] [main/INFO] [STDERR/]: [optifine.OptiFineTransformer:getOptiFineResourcePatched:414]: 	at LAYER SERVICE/optifine/optifine.OptiFineTransformer.transform(OptiFineTransformer.java:171)
[30Jul2025 16:15:10.006] [main/INFO] [STDERR/]: [optifine.OptiFineTransformer:getOptiFineResourcePatched:414]: 	at LAYER SERVICE/optifine/optifine.OptiFineTransformer.transform(OptiFineTransformer.java:1)
[30Jul2025 16:15:10.006] [main/INFO] [STDERR/]: [optifine.OptiFineTransformer:getOptiFineResourcePatched:414]: 	at MC-BOOTSTRAP/cpw.mods.modlauncher@10.0.9/cpw.mods.modlauncher.TransformerHolder.transform(TransformerHolder.java:41)
[30Jul2025 16:15:10.007] [main/INFO] [STDERR/]: [optifine.OptiFineTransformer:getOptiFineResourcePatched:414]: 	at MC-BOOTSTRAP/cpw.mods.modlauncher@10.0.9/cpw.mods.modlauncher.ClassTransformer.performVote(ClassTransformer.java:179)
[30Jul2025 16:15:10.007] [main/INFO] [STDERR/]: [optifine.OptiFineTransformer:getOptiFineResourcePatched:414]: 	at MC-BOOTSTRAP/cpw.mods.modlauncher@10.0.9/cpw.mods.modlauncher.ClassTransformer.transform(ClassTransformer.java:98)
[30Jul2025 16:15:10.007] [main/INFO] [STDERR/]: [optifine.OptiFineTransformer:getOptiFineResourcePatched:414]: 	at MC-BOOTSTRAP/cpw.mods.modlauncher@10.0.9/cpw.mods.modlauncher.TransformingClassLoader.maybeTransformClassBytes(TransformingClassLoader.java:50)
[30Jul2025 16:15:10.008] [main/INFO] [STDERR/]: [optifine.OptiFineTransformer:getOptiFineResourcePatched:414]: 	at cpw.mods.securejarhandler/cpw.mods.cl.ModuleClassLoader.getMaybeTransformedClassBytes(ModuleClassLoader.java:250)
[30Jul2025 16:15:10.008] [main/INFO] [STDERR/]: [optifine.OptiFineTransformer:getOptiFineResourcePatched:414]: 	at MC-BOOTSTRAP/cpw.mods.modlauncher@10.0.9/cpw.mods.modlauncher.TransformingClassLoader.buildTransformedClassNodeFor(TransformingClassLoader.java:58)
[30Jul2025 16:15:10.008] [main/INFO] [STDERR/]: [optifine.OptiFineTransformer:getOptiFineResourcePatched:414]: 	at MC-BOOTSTRAP/cpw.mods.modlauncher@10.0.9/cpw.mods.modlauncher.LaunchPluginHandler.lambda$announceLaunch$10(LaunchPluginHandler.java:100)
[30Jul2025 16:15:10.009] [main/INFO] [STDERR/]: [optifine.OptiFineTransformer:getOptiFineResourcePatched:414]: 	at MC-BOOTSTRAP/org.spongepowered.mixin/org.spongepowered.asm.launch.MixinLaunchPluginLegacy.getClassNode(MixinLaunchPluginLegacy.java:222)
[30Jul2025 16:15:10.009] [main/INFO] [STDERR/]: [optifine.OptiFineTransformer:getOptiFineResourcePatched:414]: 	at MC-BOOTSTRAP/org.spongepowered.mixin/org.spongepowered.asm.launch.MixinLaunchPluginLegacy.getClassNode(MixinLaunchPluginLegacy.java:207)
[30Jul2025 16:15:10.009] [main/INFO] [STDERR/]: [optifine.OptiFineTransformer:getOptiFineResourcePatched:414]: 	at MC-BOOTSTRAP/org.spongepowered.mixin/org.spongepowered.asm.mixin.transformer.ClassInfo.forName(ClassInfo.java:2005)
[30Jul2025 16:15:10.009] [main/INFO] [STDERR/]: [optifine.OptiFineTransformer:getOptiFineResourcePatched:414]: 	at MC-BOOTSTRAP/org.spongepowered.mixin/org.spongepowered.asm.mixin.transformer.MixinInfo.getTargetClass(MixinInfo.java:1017)
[30Jul2025 16:15:10.009] [main/INFO] [STDERR/]: [optifine.OptiFineTransformer:getOptiFineResourcePatched:414]: 	at MC-BOOTSTRAP/org.spongepowered.mixin/org.spongepowered.asm.mixin.transformer.MixinInfo.readTargetClasses(MixinInfo.java:1007)
[30Jul2025 16:15:10.011] [main/INFO] [STDERR/]: [optifine.OptiFineTransformer:getOptiFineResourcePatched:414]: 	at MC-BOOTSTRAP/org.spongepowered.mixin/org.spongepowered.asm.mixin.transformer.MixinInfo.parseTargets(MixinInfo.java:895)
[30Jul2025 16:15:10.012] [main/INFO] [STDERR/]: [optifine.OptiFineTransformer:getOptiFineResourcePatched:414]: 	at MC-BOOTSTRAP/org.spongepowered.mixin/org.spongepowered.asm.mixin.transformer.MixinConfig.prepareMixins(MixinConfig.java:867)
[30Jul2025 16:15:10.012] [main/INFO] [STDERR/]: [optifine.OptiFineTransformer:getOptiFineResourcePatched:414]: 	at MC-BOOTSTRAP/org.spongepowered.mixin/org.spongepowered.asm.mixin.transformer.MixinConfig.postInitialise(MixinConfig.java:795)
[30Jul2025 16:15:10.012] [main/INFO] [STDERR/]: [optifine.OptiFineTransformer:getOptiFineResourcePatched:414]: 	at MC-BOOTSTRAP/org.spongepowered.mixin/org.spongepowered.asm.mixin.transformer.MixinProcessor.prepareConfigs(MixinProcessor.java:567)
[30Jul2025 16:15:10.012] [main/INFO] [STDERR/]: [optifine.OptiFineTransformer:getOptiFineResourcePatched:414]: 	at MC-BOOTSTRAP/org.spongepowered.mixin/org.spongepowered.asm.mixin.transformer.MixinProcessor.select(MixinProcessor.java:462)
[30Jul2025 16:15:10.013] [main/INFO] [STDERR/]: [optifine.OptiFineTransformer:getOptiFineResourcePatched:414]: 	at MC-BOOTSTRAP/org.spongepowered.mixin/org.spongepowered.asm.mixin.transformer.MixinProcessor.checkSelect(MixinProcessor.java:438)
[30Jul2025 16:15:10.013] [main/INFO] [STDERR/]: [optifine.OptiFineTransformer:getOptiFineResourcePatched:414]: 	at MC-BOOTSTRAP/org.spongepowered.mixin/org.spongepowered.asm.mixin.transformer.MixinProcessor.applyMixins(MixinProcessor.java:290)
[30Jul2025 16:15:10.013] [main/INFO] [STDERR/]: [optifine.OptiFineTransformer:getOptiFineResourcePatched:414]: 	at MC-BOOTSTRAP/org.spongepowered.mixin/org.spongepowered.asm.mixin.transformer.MixinTransformer.transformClass(MixinTransformer.java:250)
[30Jul2025 16:15:10.013] [main/INFO] [STDERR/]: [optifine.OptiFineTransformer:getOptiFineResourcePatched:414]: 	at MC-BOOTSTRAP/org.spongepowered.mixin/org.spongepowered.asm.service.modlauncher.MixinTransformationHandler.processClass(MixinTransformationHandler.java:131)
[30Jul2025 16:15:10.013] [main/INFO] [STDERR/]: [optifine.OptiFineTransformer:getOptiFineResourcePatched:414]: 	at MC-BOOTSTRAP/org.spongepowered.mixin/org.spongepowered.asm.launch.MixinLaunchPluginLegacy.processClass(MixinLaunchPluginLegacy.java:131)
[30Jul2025 16:15:10.014] [main/INFO] [STDERR/]: [optifine.OptiFineTransformer:getOptiFineResourcePatched:414]: 	at MC-BOOTSTRAP/cpw.mods.modlauncher@10.0.9/cpw.mods.modlauncher.serviceapi.ILaunchPluginService.processClassWithFlags(ILaunchPluginService.java:156)
[30Jul2025 16:15:10.014] [main/INFO] [STDERR/]: [optifine.OptiFineTransformer:getOptiFineResourcePatched:414]: 	at MC-BOOTSTRAP/cpw.mods.modlauncher@10.0.9/cpw.mods.modlauncher.LaunchPluginHandler.offerClassNodeToPlugins(LaunchPluginHandler.java:88)
[30Jul2025 16:15:10.015] [main/INFO] [STDERR/]: [optifine.OptiFineTransformer:getOptiFineResourcePatched:414]: 	at MC-BOOTSTRAP/cpw.mods.modlauncher@10.0.9/cpw.mods.modlauncher.ClassTransformer.transform(ClassTransformer.java:120)
[30Jul2025 16:15:10.015] [main/INFO] [STDERR/]: [optifine.OptiFineTransformer:getOptiFineResourcePatched:414]: 	at MC-BOOTSTRAP/cpw.mods.modlauncher@10.0.9/cpw.mods.modlauncher.TransformingClassLoader.maybeTransformClassBytes(TransformingClassLoader.java:50)
[30Jul2025 16:15:10.015] [main/INFO] [STDERR/]: [optifine.OptiFineTransformer:getOptiFineResourcePatched:414]: 	at cpw.mods.securejarhandler/cpw.mods.cl.ModuleClassLoader.readerToClass(ModuleClassLoader.java:113)
[30Jul2025 16:15:10.015] [main/INFO] [STDERR/]: [optifine.OptiFineTransformer:getOptiFineResourcePatched:414]: 	at cpw.mods.securejarhandler/cpw.mods.cl.ModuleClassLoader.lambda$findClass$15(ModuleClassLoader.java:219)
[30Jul2025 16:15:10.016] [main/INFO] [STDERR/]: [optifine.OptiFineTransformer:getOptiFineResourcePatched:414]: 	at cpw.mods.securejarhandler/cpw.mods.cl.ModuleClassLoader.loadFromModule(ModuleClassLoader.java:229)
[30Jul2025 16:15:10.016] [main/INFO] [STDERR/]: [optifine.OptiFineTransformer:getOptiFineResourcePatched:414]: 	at cpw.mods.securejarhandler/cpw.mods.cl.ModuleClassLoader.findClass(ModuleClassLoader.java:219)
[30Jul2025 16:15:10.016] [main/INFO] [STDERR/]: [optifine.OptiFineTransformer:getOptiFineResourcePatched:414]: 	at java.base/java.lang.ClassLoader.loadClass(ClassLoader.java:637)
[30Jul2025 16:15:10.017] [main/INFO] [STDERR/]: [optifine.OptiFineTransformer:getOptiFineResourcePatched:414]: 	at java.base/java.lang.Class.forName(Class.java:545)
[30Jul2025 16:15:10.018] [main/INFO] [STDERR/]: [optifine.OptiFineTransformer:getOptiFineResourcePatched:414]: 	at MC-BOOTSTRAP/fmlloader@1.20.1-47.3.7/net.minecraftforge.fml.loading.ImmediateWindowHandler$DummyProvider.lambda$updateModuleReads$1(ImmediateWindowHandler.java:145)
[30Jul2025 16:15:10.018] [main/INFO] [STDERR/]: [optifine.OptiFineTransformer:getOptiFineResourcePatched:414]: 	at java.base/java.util.Optional.map(Optional.java:260)
[30Jul2025 16:15:10.018] [main/INFO] [STDERR/]: [optifine.OptiFineTransformer:getOptiFineResourcePatched:414]: 	at MC-BOOTSTRAP/fmlloader@1.20.1-47.3.7/net.minecraftforge.fml.loading.ImmediateWindowHandler$DummyProvider.updateModuleReads(ImmediateWindowHandler.java:145)
[30Jul2025 16:15:10.020] [main/INFO] [STDERR/]: [optifine.OptiFineTransformer:getOptiFineResourcePatched:414]: 	at MC-BOOTSTRAP/fmlloader@1.20.1-47.3.7/net.minecraftforge.fml.loading.ImmediateWindowHandler.acceptGameLayer(ImmediateWindowHandler.java:71)
[30Jul2025 16:15:10.020] [main/INFO] [STDERR/]: [optifine.OptiFineTransformer:getOptiFineResourcePatched:414]: 	at MC-BOOTSTRAP/fmlloader@1.20.1-47.3.7/net.minecraftforge.fml.loading.FMLLoader.beforeStart(FMLLoader.java:207)
[30Jul2025 16:15:10.021] [main/INFO] [STDERR/]: [optifine.OptiFineTransformer:getOptiFineResourcePatched:414]: 	at MC-BOOTSTRAP/fmlloader@1.20.1-47.3.7/net.minecraftforge.fml.loading.targets.CommonLaunchHandler.launchService(CommonLaunchHandler.java:92)
[30Jul2025 16:15:10.022] [main/INFO] [STDERR/]: [optifine.OptiFineTransformer:getOptiFineResourcePatched:414]: 	at MC-BOOTSTRAP/cpw.mods.modlauncher@10.0.9/cpw.mods.modlauncher.LaunchServiceHandlerDecorator.launch(LaunchServiceHandlerDecorator.java:30)
[30Jul2025 16:15:10.023] [main/INFO] [STDERR/]: [optifine.OptiFineTransformer:getOptiFineResourcePatched:414]: 	at MC-BOOTSTRAP/cpw.mods.modlauncher@10.0.9/cpw.mods.modlauncher.LaunchServiceHandler.launch(LaunchServiceHandler.java:53)
[30Jul2025 16:15:10.023] [main/INFO] [STDERR/]: [optifine.OptiFineTransformer:getOptiFineResourcePatched:414]: 	at MC-BOOTSTRAP/cpw.mods.modlauncher@10.0.9/cpw.mods.modlauncher.LaunchServiceHandler.launch(LaunchServiceHandler.java:71)
[30Jul2025 16:15:10.023] [main/INFO] [STDERR/]: [optifine.OptiFineTransformer:getOptiFineResourcePatched:414]: 	at MC-BOOTSTRAP/cpw.mods.modlauncher@10.0.9/cpw.mods.modlauncher.Launcher.run(Launcher.java:108)
[30Jul2025 16:15:10.023] [main/INFO] [STDERR/]: [optifine.OptiFineTransformer:getOptiFineResourcePatched:414]: 	at MC-BOOTSTRAP/cpw.mods.modlauncher@10.0.9/cpw.mods.modlauncher.Launcher.main(Launcher.java:78)
[30Jul2025 16:15:10.024] [main/INFO] [STDERR/]: [optifine.OptiFineTransformer:getOptiFineResourcePatched:414]: 	at MC-BOOTSTRAP/cpw.mods.modlauncher@10.0.9/cpw.mods.modlauncher.BootstrapLaunchConsumer.accept(BootstrapLaunchConsumer.java:26)
[30Jul2025 16:15:10.024] [main/INFO] [STDERR/]: [optifine.OptiFineTransformer:getOptiFineResourcePatched:414]: 	at MC-BOOTSTRAP/cpw.mods.modlauncher@10.0.9/cpw.mods.modlauncher.BootstrapLaunchConsumer.accept(BootstrapLaunchConsumer.java:23)
[30Jul2025 16:15:10.024] [main/INFO] [STDERR/]: [optifine.OptiFineTransformer:getOptiFineResourcePatched:414]: 	at cpw.mods.bootstraplauncher@1.1.2/cpw.mods.bootstraplauncher.BootstrapLauncher.main(BootstrapLauncher.java:141)
[30Jul2025 16:15:10.026] [main/ERROR] [net.minecraftforge.fml.loading.RuntimeDistCleaner/DISTXFORM]: Attempted to load class net/minecraft/client/Camera for invalid dist DEDICATED_SERVER
[30Jul2025 16:15:10.028] [main/WARN] [mixin/]: Error loading class: net/minecraft/client/Camera (java.lang.RuntimeException: Attempted to load class net/minecraft/client/Camera for invalid dist DEDICATED_SERVER)
[30Jul2025 16:15:10.028] [main/WARN] [mixin/]: @Mixin target net.minecraft.client.Camera was not found cameraoverhaul.mixins.json:CameraMixin
[30Jul2025 16:15:10.037] [main/INFO] [STDERR/]: [optifine.OptiFineTransformer:getOptiFineResourcePatched:414]: java.io.IOException: Base resource not found: fjq.class
[30Jul2025 16:15:10.037] [main/INFO] [STDERR/]: [optifine.OptiFineTransformer:getOptiFineResourcePatched:414]: 	at LAYER SERVICE/optifine/optifine.Patcher.applyPatch(Patcher.java:146)
[30Jul2025 16:15:10.037] [main/INFO] [STDERR/]: [optifine.OptiFineTransformer:getOptiFineResourcePatched:414]: 	at LAYER SERVICE/optifine/optifine.OptiFineTransformer.getOptiFineResourcePatched(OptiFineTransformer.java:396)
[30Jul2025 16:15:10.037] [main/INFO] [STDERR/]: [optifine.OptiFineTransformer:getOptiFineResourcePatched:414]: 	at LAYER SERVICE/optifine/optifine.OptiFineTransformer.getOptiFineResourceStreamPatched(OptiFineTransformer.java:368)
[30Jul2025 16:15:10.038] [main/INFO] [STDERR/]: [optifine.OptiFineTransformer:getOptiFineResourcePatched:414]: 	at LAYER SERVICE/optifine/optifine.OptiFineTransformer.getOptiFineResourceStream(OptiFineTransformer.java:291)
[30Jul2025 16:15:10.038] [main/INFO] [STDERR/]: [optifine.OptiFineTransformer:getOptiFineResourcePatched:414]: 	at LAYER SERVICE/optifine/optifine.OptiFineTransformer.getOptiFineResource(OptiFineTransformer.java:260)
[30Jul2025 16:15:10.038] [main/INFO] [STDERR/]: [optifine.OptiFineTransformer:getOptiFineResourcePatched:414]: 	at LAYER SERVICE/optifine/optifine.OptiFineTransformer.transform(OptiFineTransformer.java:171)
[30Jul2025 16:15:10.038] [main/INFO] [STDERR/]: [optifine.OptiFineTransformer:getOptiFineResourcePatched:414]: 	at LAYER SERVICE/optifine/optifine.OptiFineTransformer.transform(OptiFineTransformer.java:1)
[30Jul2025 16:15:10.039] [main/INFO] [STDERR/]: [optifine.OptiFineTransformer:getOptiFineResourcePatched:414]: 	at MC-BOOTSTRAP/cpw.mods.modlauncher@10.0.9/cpw.mods.modlauncher.TransformerHolder.transform(TransformerHolder.java:41)
[30Jul2025 16:15:10.039] [main/INFO] [STDERR/]: [optifine.OptiFineTransformer:getOptiFineResourcePatched:414]: 	at MC-BOOTSTRAP/cpw.mods.modlauncher@10.0.9/cpw.mods.modlauncher.ClassTransformer.performVote(ClassTransformer.java:179)
[30Jul2025 16:15:10.039] [main/INFO] [STDERR/]: [optifine.OptiFineTransformer:getOptiFineResourcePatched:414]: 	at MC-BOOTSTRAP/cpw.mods.modlauncher@10.0.9/cpw.mods.modlauncher.ClassTransformer.transform(ClassTransformer.java:98)
[30Jul2025 16:15:10.039] [main/INFO] [STDERR/]: [optifine.OptiFineTransformer:getOptiFineResourcePatched:414]: 	at MC-BOOTSTRAP/cpw.mods.modlauncher@10.0.9/cpw.mods.modlauncher.TransformingClassLoader.maybeTransformClassBytes(TransformingClassLoader.java:50)
[30Jul2025 16:15:10.040] [main/INFO] [STDERR/]: [optifine.OptiFineTransformer:getOptiFineResourcePatched:414]: 	at cpw.mods.securejarhandler/cpw.mods.cl.ModuleClassLoader.getMaybeTransformedClassBytes(ModuleClassLoader.java:250)
[30Jul2025 16:15:10.040] [main/INFO] [STDERR/]: [optifine.OptiFineTransformer:getOptiFineResourcePatched:414]: 	at MC-BOOTSTRAP/cpw.mods.modlauncher@10.0.9/cpw.mods.modlauncher.TransformingClassLoader.buildTransformedClassNodeFor(TransformingClassLoader.java:58)
[30Jul2025 16:15:10.040] [main/INFO] [STDERR/]: [optifine.OptiFineTransformer:getOptiFineResourcePatched:414]: 	at MC-BOOTSTRAP/cpw.mods.modlauncher@10.0.9/cpw.mods.modlauncher.LaunchPluginHandler.lambda$announceLaunch$10(LaunchPluginHandler.java:100)
[30Jul2025 16:15:10.040] [main/INFO] [STDERR/]: [optifine.OptiFineTransformer:getOptiFineResourcePatched:414]: 	at MC-BOOTSTRAP/org.spongepowered.mixin/org.spongepowered.asm.launch.MixinLaunchPluginLegacy.getClassNode(MixinLaunchPluginLegacy.java:222)
[30Jul2025 16:15:10.041] [main/INFO] [STDERR/]: [optifine.OptiFineTransformer:getOptiFineResourcePatched:414]: 	at MC-BOOTSTRAP/org.spongepowered.mixin/org.spongepowered.asm.launch.MixinLaunchPluginLegacy.getClassNode(MixinLaunchPluginLegacy.java:207)
[30Jul2025 16:15:10.041] [main/INFO] [STDERR/]: [optifine.OptiFineTransformer:getOptiFineResourcePatched:414]: 	at MC-BOOTSTRAP/org.spongepowered.mixin/org.spongepowered.asm.mixin.transformer.ClassInfo.forName(ClassInfo.java:2005)
[30Jul2025 16:15:10.041] [main/INFO] [STDERR/]: [optifine.OptiFineTransformer:getOptiFineResourcePatched:414]: 	at MC-BOOTSTRAP/org.spongepowered.mixin/org.spongepowered.asm.mixin.transformer.MixinInfo.getTargetClass(MixinInfo.java:1017)
[30Jul2025 16:15:10.041] [main/INFO] [STDERR/]: [optifine.OptiFineTransformer:getOptiFineResourcePatched:414]: 	at MC-BOOTSTRAP/org.spongepowered.mixin/org.spongepowered.asm.mixin.transformer.MixinInfo.readTargetClasses(MixinInfo.java:1007)
[30Jul2025 16:15:10.043] [main/INFO] [STDERR/]: [optifine.OptiFineTransformer:getOptiFineResourcePatched:414]: 	at MC-BOOTSTRAP/org.spongepowered.mixin/org.spongepowered.asm.mixin.transformer.MixinInfo.parseTargets(MixinInfo.java:895)
[30Jul2025 16:15:10.044] [main/INFO] [STDERR/]: [optifine.OptiFineTransformer:getOptiFineResourcePatched:414]: 	at MC-BOOTSTRAP/org.spongepowered.mixin/org.spongepowered.asm.mixin.transformer.MixinConfig.prepareMixins(MixinConfig.java:867)
[30Jul2025 16:15:10.045] [main/INFO] [STDERR/]: [optifine.OptiFineTransformer:getOptiFineResourcePatched:414]: 	at MC-BOOTSTRAP/org.spongepowered.mixin/org.spongepowered.asm.mixin.transformer.MixinConfig.postInitialise(MixinConfig.java:795)
[30Jul2025 16:15:10.046] [main/INFO] [STDERR/]: [optifine.OptiFineTransformer:getOptiFineResourcePatched:414]: 	at MC-BOOTSTRAP/org.spongepowered.mixin/org.spongepowered.asm.mixin.transformer.MixinProcessor.prepareConfigs(MixinProcessor.java:567)
[30Jul2025 16:15:10.046] [main/INFO] [STDERR/]: [optifine.OptiFineTransformer:getOptiFineResourcePatched:414]: 	at MC-BOOTSTRAP/org.spongepowered.mixin/org.spongepowered.asm.mixin.transformer.MixinProcessor.select(MixinProcessor.java:462)
[30Jul2025 16:15:10.046] [main/INFO] [STDERR/]: [optifine.OptiFineTransformer:getOptiFineResourcePatched:414]: 	at MC-BOOTSTRAP/org.spongepowered.mixin/org.spongepowered.asm.mixin.transformer.MixinProcessor.checkSelect(MixinProcessor.java:438)
[30Jul2025 16:15:10.047] [main/INFO] [STDERR/]: [optifine.OptiFineTransformer:getOptiFineResourcePatched:414]: 	at MC-BOOTSTRAP/org.spongepowered.mixin/org.spongepowered.asm.mixin.transformer.MixinProcessor.applyMixins(MixinProcessor.java:290)
[30Jul2025 16:15:10.047] [main/INFO] [STDERR/]: [optifine.OptiFineTransformer:getOptiFineResourcePatched:414]: 	at MC-BOOTSTRAP/org.spongepowered.mixin/org.spongepowered.asm.mixin.transformer.MixinTransformer.transformClass(MixinTransformer.java:250)
[30Jul2025 16:15:10.047] [main/INFO] [STDERR/]: [optifine.OptiFineTransformer:getOptiFineResourcePatched:414]: 	at MC-BOOTSTRAP/org.spongepowered.mixin/org.spongepowered.asm.service.modlauncher.MixinTransformationHandler.processClass(MixinTransformationHandler.java:131)
[30Jul2025 16:15:10.047] [main/INFO] [STDERR/]: [optifine.OptiFineTransformer:getOptiFineResourcePatched:414]: 	at MC-BOOTSTRAP/org.spongepowered.mixin/org.spongepowered.asm.launch.MixinLaunchPluginLegacy.processClass(MixinLaunchPluginLegacy.java:131)
[30Jul2025 16:15:10.047] [main/INFO] [STDERR/]: [optifine.OptiFineTransformer:getOptiFineResourcePatched:414]: 	at MC-BOOTSTRAP/cpw.mods.modlauncher@10.0.9/cpw.mods.modlauncher.serviceapi.ILaunchPluginService.processClassWithFlags(ILaunchPluginService.java:156)
[30Jul2025 16:15:10.047] [main/INFO] [STDERR/]: [optifine.OptiFineTransformer:getOptiFineResourcePatched:414]: 	at MC-BOOTSTRAP/cpw.mods.modlauncher@10.0.9/cpw.mods.modlauncher.LaunchPluginHandler.offerClassNodeToPlugins(LaunchPluginHandler.java:88)
[30Jul2025 16:15:10.047] [main/INFO] [STDERR/]: [optifine.OptiFineTransformer:getOptiFineResourcePatched:414]: 	at MC-BOOTSTRAP/cpw.mods.modlauncher@10.0.9/cpw.mods.modlauncher.ClassTransformer.transform(ClassTransformer.java:120)
[30Jul2025 16:15:10.047] [main/INFO] [STDERR/]: [optifine.OptiFineTransformer:getOptiFineResourcePatched:414]: 	at MC-BOOTSTRAP/cpw.mods.modlauncher@10.0.9/cpw.mods.modlauncher.TransformingClassLoader.maybeTransformClassBytes(TransformingClassLoader.java:50)
[30Jul2025 16:15:10.047] [main/INFO] [STDERR/]: [optifine.OptiFineTransformer:getOptiFineResourcePatched:414]: 	at cpw.mods.securejarhandler/cpw.mods.cl.ModuleClassLoader.readerToClass(ModuleClassLoader.java:113)
[30Jul2025 16:15:10.048] [main/INFO] [STDERR/]: [optifine.OptiFineTransformer:getOptiFineResourcePatched:414]: 	at cpw.mods.securejarhandler/cpw.mods.cl.ModuleClassLoader.lambda$findClass$15(ModuleClassLoader.java:219)
[30Jul2025 16:15:10.048] [main/INFO] [STDERR/]: [optifine.OptiFineTransformer:getOptiFineResourcePatched:414]: 	at cpw.mods.securejarhandler/cpw.mods.cl.ModuleClassLoader.loadFromModule(ModuleClassLoader.java:229)
[30Jul2025 16:15:10.048] [main/INFO] [STDERR/]: [optifine.OptiFineTransformer:getOptiFineResourcePatched:414]: 	at cpw.mods.securejarhandler/cpw.mods.cl.ModuleClassLoader.findClass(ModuleClassLoader.java:219)
[30Jul2025 16:15:10.049] [main/INFO] [STDERR/]: [optifine.OptiFineTransformer:getOptiFineResourcePatched:414]: 	at java.base/java.lang.ClassLoader.loadClass(ClassLoader.java:637)
[30Jul2025 16:15:10.049] [main/INFO] [STDERR/]: [optifine.OptiFineTransformer:getOptiFineResourcePatched:414]: 	at java.base/java.lang.Class.forName(Class.java:545)
[30Jul2025 16:15:10.049] [main/INFO] [STDERR/]: [optifine.OptiFineTransformer:getOptiFineResourcePatched:414]: 	at MC-BOOTSTRAP/fmlloader@1.20.1-47.3.7/net.minecraftforge.fml.loading.ImmediateWindowHandler$DummyProvider.lambda$updateModuleReads$1(ImmediateWindowHandler.java:145)
[30Jul2025 16:15:10.050] [main/INFO] [STDERR/]: [optifine.OptiFineTransformer:getOptiFineResourcePatched:414]: 	at java.base/java.util.Optional.map(Optional.java:260)
[30Jul2025 16:15:10.050] [main/INFO] [STDERR/]: [optifine.OptiFineTransformer:getOptiFineResourcePatched:414]: 	at MC-BOOTSTRAP/fmlloader@1.20.1-47.3.7/net.minecraftforge.fml.loading.ImmediateWindowHandler$DummyProvider.updateModuleReads(ImmediateWindowHandler.java:145)
[30Jul2025 16:15:10.050] [main/INFO] [STDERR/]: [optifine.OptiFineTransformer:getOptiFineResourcePatched:414]: 	at MC-BOOTSTRAP/fmlloader@1.20.1-47.3.7/net.minecraftforge.fml.loading.ImmediateWindowHandler.acceptGameLayer(ImmediateWindowHandler.java:71)
[30Jul2025 16:15:10.050] [main/INFO] [STDERR/]: [optifine.OptiFineTransformer:getOptiFineResourcePatched:414]: 	at MC-BOOTSTRAP/fmlloader@1.20.1-47.3.7/net.minecraftforge.fml.loading.FMLLoader.beforeStart(FMLLoader.java:207)
[30Jul2025 16:15:10.050] [main/INFO] [STDERR/]: [optifine.OptiFineTransformer:getOptiFineResourcePatched:414]: 	at MC-BOOTSTRAP/fmlloader@1.20.1-47.3.7/net.minecraftforge.fml.loading.targets.CommonLaunchHandler.launchService(CommonLaunchHandler.java:92)
[30Jul2025 16:15:10.050] [main/INFO] [STDERR/]: [optifine.OptiFineTransformer:getOptiFineResourcePatched:414]: 	at MC-BOOTSTRAP/cpw.mods.modlauncher@10.0.9/cpw.mods.modlauncher.LaunchServiceHandlerDecorator.launch(LaunchServiceHandlerDecorator.java:30)
[30Jul2025 16:15:10.050] [main/INFO] [STDERR/]: [optifine.OptiFineTransformer:getOptiFineResourcePatched:414]: 	at MC-BOOTSTRAP/cpw.mods.modlauncher@10.0.9/cpw.mods.modlauncher.LaunchServiceHandler.launch(LaunchServiceHandler.java:53)
[30Jul2025 16:15:10.051] [main/INFO] [STDERR/]: [optifine.OptiFineTransformer:getOptiFineResourcePatched:414]: 	at MC-BOOTSTRAP/cpw.mods.modlauncher@10.0.9/cpw.mods.modlauncher.LaunchServiceHandler.launch(LaunchServiceHandler.java:71)
[30Jul2025 16:15:10.051] [main/INFO] [STDERR/]: [optifine.OptiFineTransformer:getOptiFineResourcePatched:414]: 	at MC-BOOTSTRAP/cpw.mods.modlauncher@10.0.9/cpw.mods.modlauncher.Launcher.run(Launcher.java:108)
[30Jul2025 16:15:10.051] [main/INFO] [STDERR/]: [optifine.OptiFineTransformer:getOptiFineResourcePatched:414]: 	at MC-BOOTSTRAP/cpw.mods.modlauncher@10.0.9/cpw.mods.modlauncher.Launcher.main(Launcher.java:78)
[30Jul2025 16:15:10.051] [main/INFO] [STDERR/]: [optifine.OptiFineTransformer:getOptiFineResourcePatched:414]: 	at MC-BOOTSTRAP/cpw.mods.modlauncher@10.0.9/cpw.mods.modlauncher.BootstrapLaunchConsumer.accept(BootstrapLaunchConsumer.java:26)
[30Jul2025 16:15:10.051] [main/INFO] [STDERR/]: [optifine.OptiFineTransformer:getOptiFineResourcePatched:414]: 	at MC-BOOTSTRAP/cpw.mods.modlauncher@10.0.9/cpw.mods.modlauncher.BootstrapLaunchConsumer.accept(BootstrapLaunchConsumer.java:23)
[30Jul2025 16:15:10.051] [main/INFO] [STDERR/]: [optifine.OptiFineTransformer:getOptiFineResourcePatched:414]: 	at cpw.mods.bootstraplauncher@1.1.2/cpw.mods.bootstraplauncher.BootstrapLauncher.main(BootstrapLauncher.java:141)
[30Jul2025 16:15:10.052] [main/ERROR] [net.minecraftforge.fml.loading.RuntimeDistCleaner/DISTXFORM]: Attempted to load class net/minecraft/client/renderer/GameRenderer for invalid dist DEDICATED_SERVER
[30Jul2025 16:15:10.052] [main/WARN] [mixin/]: Error loading class: net/minecraft/client/renderer/GameRenderer (java.lang.RuntimeException: Attempted to load class net/minecraft/client/renderer/GameRenderer for invalid dist DEDICATED_SERVER)
[30Jul2025 16:15:10.052] [main/WARN] [mixin/]: @Mixin target net.minecraft.client.renderer.GameRenderer was not found cameraoverhaul.mixins.json:GameRendererMixin
[30Jul2025 16:15:10.060] [main/ERROR] [net.minecraftforge.fml.loading.RuntimeDistCleaner/DISTXFORM]: Attempted to load class net/minecraft/client/player/LocalPlayer for invalid dist DEDICATED_SERVER
[30Jul2025 16:15:10.061] [main/WARN] [mixin/]: Error loading class: net/minecraft/client/player/LocalPlayer (java.lang.RuntimeException: Attempted to load class net/minecraft/client/player/LocalPlayer for invalid dist DEDICATED_SERVER)
[30Jul2025 16:15:10.061] [main/WARN] [mixin/]: @Mixin target net.minecraft.client.player.LocalPlayer was not found cameraoverhaul.mixins.json:LocalPlayerMixin
[30Jul2025 16:15:10.155] [main/INFO] [STDERR/]: [optifine.OptiFineTransformer:getOptiFineResourcePatched:414]: java.io.IOException: Base resource not found: ahr$a.class
[30Jul2025 16:15:10.156] [main/INFO] [STDERR/]: [optifine.OptiFineTransformer:getOptiFineResourcePatched:414]: 	at LAYER SERVICE/optifine/optifine.Patcher.applyPatch(Patcher.java:146)
[30Jul2025 16:15:10.157] [main/INFO] [STDERR/]: [optifine.OptiFineTransformer:getOptiFineResourcePatched:414]: 	at LAYER SERVICE/optifine/optifine.OptiFineTransformer.getOptiFineResourcePatched(OptiFineTransformer.java:396)
[30Jul2025 16:15:10.157] [main/INFO] [STDERR/]: [optifine.OptiFineTransformer:getOptiFineResourcePatched:414]: 	at LAYER SERVICE/optifine/optifine.OptiFineTransformer.getOptiFineResourceStreamPatched(OptiFineTransformer.java:368)
[30Jul2025 16:15:10.157] [main/INFO] [STDERR/]: [optifine.OptiFineTransformer:getOptiFineResourcePatched:414]: 	at LAYER SERVICE/optifine/optifine.OptiFineTransformer.getOptiFineResourceStream(OptiFineTransformer.java:291)
[30Jul2025 16:15:10.157] [main/INFO] [STDERR/]: [optifine.OptiFineTransformer:getOptiFineResourcePatched:414]: 	at LAYER SERVICE/optifine/optifine.OptiFineTransformer.getOptiFineResource(OptiFineTransformer.java:260)
[30Jul2025 16:15:10.158] [main/INFO] [STDERR/]: [optifine.OptiFineTransformer:getOptiFineResourcePatched:414]: 	at LAYER SERVICE/optifine/optifine.OptiFineTransformer.transform(OptiFineTransformer.java:171)
[30Jul2025 16:15:10.158] [main/INFO] [STDERR/]: [optifine.OptiFineTransformer:getOptiFineResourcePatched:414]: 	at LAYER SERVICE/optifine/optifine.OptiFineTransformer.transform(OptiFineTransformer.java:1)
[30Jul2025 16:15:10.158] [main/INFO] [STDERR/]: [optifine.OptiFineTransformer:getOptiFineResourcePatched:414]: 	at MC-BOOTSTRAP/cpw.mods.modlauncher@10.0.9/cpw.mods.modlauncher.TransformerHolder.transform(TransformerHolder.java:41)
[30Jul2025 16:15:10.158] [main/INFO] [STDERR/]: [optifine.OptiFineTransformer:getOptiFineResourcePatched:414]: 	at MC-BOOTSTRAP/cpw.mods.modlauncher@10.0.9/cpw.mods.modlauncher.ClassTransformer.performVote(ClassTransformer.java:179)
[30Jul2025 16:15:10.160] [main/INFO] [STDERR/]: [optifine.OptiFineTransformer:getOptiFineResourcePatched:414]: 	at MC-BOOTSTRAP/cpw.mods.modlauncher@10.0.9/cpw.mods.modlauncher.ClassTransformer.transform(ClassTransformer.java:98)
[30Jul2025 16:15:10.160] [main/INFO] [STDERR/]: [optifine.OptiFineTransformer:getOptiFineResourcePatched:414]: 	at MC-BOOTSTRAP/cpw.mods.modlauncher@10.0.9/cpw.mods.modlauncher.TransformingClassLoader.maybeTransformClassBytes(TransformingClassLoader.java:50)
[30Jul2025 16:15:10.161] [main/INFO] [STDERR/]: [optifine.OptiFineTransformer:getOptiFineResourcePatched:414]: 	at cpw.mods.securejarhandler/cpw.mods.cl.ModuleClassLoader.getMaybeTransformedClassBytes(ModuleClassLoader.java:250)
[30Jul2025 16:15:10.161] [main/INFO] [STDERR/]: [optifine.OptiFineTransformer:getOptiFineResourcePatched:414]: 	at MC-BOOTSTRAP/cpw.mods.modlauncher@10.0.9/cpw.mods.modlauncher.TransformingClassLoader.buildTransformedClassNodeFor(TransformingClassLoader.java:58)
[30Jul2025 16:15:10.161] [main/INFO] [STDERR/]: [optifine.OptiFineTransformer:getOptiFineResourcePatched:414]: 	at MC-BOOTSTRAP/cpw.mods.modlauncher@10.0.9/cpw.mods.modlauncher.LaunchPluginHandler.lambda$announceLaunch$10(LaunchPluginHandler.java:100)
[30Jul2025 16:15:10.162] [main/INFO] [STDERR/]: [optifine.OptiFineTransformer:getOptiFineResourcePatched:414]: 	at MC-BOOTSTRAP/org.spongepowered.mixin/org.spongepowered.asm.launch.MixinLaunchPluginLegacy.getClassNode(MixinLaunchPluginLegacy.java:222)
[30Jul2025 16:15:10.162] [main/INFO] [STDERR/]: [optifine.OptiFineTransformer:getOptiFineResourcePatched:414]: 	at MC-BOOTSTRAP/org.spongepowered.mixin/org.spongepowered.asm.launch.MixinLaunchPluginLegacy.getClassNode(MixinLaunchPluginLegacy.java:207)
[30Jul2025 16:15:10.162] [main/INFO] [STDERR/]: [optifine.OptiFineTransformer:getOptiFineResourcePatched:414]: 	at MC-BOOTSTRAP/org.spongepowered.mixin/org.spongepowered.asm.mixin.transformer.ClassInfo.forName(ClassInfo.java:2005)
[30Jul2025 16:15:10.163] [main/INFO] [STDERR/]: [optifine.OptiFineTransformer:getOptiFineResourcePatched:414]: 	at MC-BOOTSTRAP/org.spongepowered.mixin/org.spongepowered.asm.mixin.transformer.MixinInfo$State.readInnerClasses(MixinInfo.java:429)
[30Jul2025 16:15:10.163] [main/INFO] [STDERR/]: [optifine.OptiFineTransformer:getOptiFineResourcePatched:414]: 	at MC-BOOTSTRAP/org.spongepowered.mixin/org.spongepowered.asm.mixin.transformer.MixinInfo$State.validate(MixinInfo.java:339)
[30Jul2025 16:15:10.163] [main/INFO] [STDERR/]: [optifine.OptiFineTransformer:getOptiFineResourcePatched:414]: 	at MC-BOOTSTRAP/org.spongepowered.mixin/org.spongepowered.asm.mixin.transformer.MixinInfo.validate(MixinInfo.java:913)
[30Jul2025 16:15:10.163] [main/INFO] [STDERR/]: [optifine.OptiFineTransformer:getOptiFineResourcePatched:414]: 	at MC-BOOTSTRAP/org.spongepowered.mixin/org.spongepowered.asm.mixin.transformer.MixinConfig.postInitialise(MixinConfig.java:801)
[30Jul2025 16:15:10.164] [main/INFO] [STDERR/]: [optifine.OptiFineTransformer:getOptiFineResourcePatched:414]: 	at MC-BOOTSTRAP/org.spongepowered.mixin/org.spongepowered.asm.mixin.transformer.MixinProcessor.prepareConfigs(MixinProcessor.java:567)
[30Jul2025 16:15:10.164] [main/INFO] [STDERR/]: [optifine.OptiFineTransformer:getOptiFineResourcePatched:414]: 	at MC-BOOTSTRAP/org.spongepowered.mixin/org.spongepowered.asm.mixin.transformer.MixinProcessor.select(MixinProcessor.java:462)
[30Jul2025 16:15:10.164] [main/INFO] [STDERR/]: [optifine.OptiFineTransformer:getOptiFineResourcePatched:414]: 	at MC-BOOTSTRAP/org.spongepowered.mixin/org.spongepowered.asm.mixin.transformer.MixinProcessor.checkSelect(MixinProcessor.java:438)
[30Jul2025 16:15:10.165] [main/INFO] [STDERR/]: [optifine.OptiFineTransformer:getOptiFineResourcePatched:414]: 	at MC-BOOTSTRAP/org.spongepowered.mixin/org.spongepowered.asm.mixin.transformer.MixinProcessor.applyMixins(MixinProcessor.java:290)
[30Jul2025 16:15:10.165] [main/INFO] [STDERR/]: [optifine.OptiFineTransformer:getOptiFineResourcePatched:414]: 	at MC-BOOTSTRAP/org.spongepowered.mixin/org.spongepowered.asm.mixin.transformer.MixinTransformer.transformClass(MixinTransformer.java:250)
[30Jul2025 16:15:10.165] [main/INFO] [STDERR/]: [optifine.OptiFineTransformer:getOptiFineResourcePatched:414]: 	at MC-BOOTSTRAP/org.spongepowered.mixin/org.spongepowered.asm.service.modlauncher.MixinTransformationHandler.processClass(MixinTransformationHandler.java:131)
[30Jul2025 16:15:10.165] [main/INFO] [STDERR/]: [optifine.OptiFineTransformer:getOptiFineResourcePatched:414]: 	at MC-BOOTSTRAP/org.spongepowered.mixin/org.spongepowered.asm.launch.MixinLaunchPluginLegacy.processClass(MixinLaunchPluginLegacy.java:131)
[30Jul2025 16:15:10.166] [main/INFO] [STDERR/]: [optifine.OptiFineTransformer:getOptiFineResourcePatched:414]: 	at MC-BOOTSTRAP/cpw.mods.modlauncher@10.0.9/cpw.mods.modlauncher.serviceapi.ILaunchPluginService.processClassWithFlags(ILaunchPluginService.java:156)
[30Jul2025 16:15:10.166] [main/INFO] [STDERR/]: [optifine.OptiFineTransformer:getOptiFineResourcePatched:414]: 	at MC-BOOTSTRAP/cpw.mods.modlauncher@10.0.9/cpw.mods.modlauncher.LaunchPluginHandler.offerClassNodeToPlugins(LaunchPluginHandler.java:88)
[30Jul2025 16:15:10.166] [main/INFO] [STDERR/]: [optifine.OptiFineTransformer:getOptiFineResourcePatched:414]: 	at MC-BOOTSTRAP/cpw.mods.modlauncher@10.0.9/cpw.mods.modlauncher.ClassTransformer.transform(ClassTransformer.java:120)
[30Jul2025 16:15:10.167] [main/INFO] [STDERR/]: [optifine.OptiFineTransformer:getOptiFineResourcePatched:414]: 	at MC-BOOTSTRAP/cpw.mods.modlauncher@10.0.9/cpw.mods.modlauncher.TransformingClassLoader.maybeTransformClassBytes(TransformingClassLoader.java:50)
[30Jul2025 16:15:10.167] [main/INFO] [STDERR/]: [optifine.OptiFineTransformer:getOptiFineResourcePatched:414]: 	at cpw.mods.securejarhandler/cpw.mods.cl.ModuleClassLoader.readerToClass(ModuleClassLoader.java:113)
[30Jul2025 16:15:10.167] [main/INFO] [STDERR/]: [optifine.OptiFineTransformer:getOptiFineResourcePatched:414]: 	at cpw.mods.securejarhandler/cpw.mods.cl.ModuleClassLoader.lambda$findClass$15(ModuleClassLoader.java:219)
[30Jul2025 16:15:10.720] [main/INFO] [STDERR/]: [optifine.OptiFineTransformer:getOptiFineResourcePatched:414]: 	at cpw.mods.securejarhandler/cpw.mods.cl.ModuleClassLoader.loadFromModule(ModuleClassLoader.java:229)
[30Jul2025 16:15:10.721] [main/INFO] [STDERR/]: [optifine.OptiFineTransformer:getOptiFineResourcePatched:414]: 	at cpw.mods.securejarhandler/cpw.mods.cl.ModuleClassLoader.findClass(ModuleClassLoader.java:219)
[30Jul2025 16:15:10.722] [main/INFO] [STDERR/]: [optifine.OptiFineTransformer:getOptiFineResourcePatched:414]: 	at java.base/java.lang.ClassLoader.loadClass(ClassLoader.java:637)
[30Jul2025 16:15:10.722] [main/INFO] [STDERR/]: [optifine.OptiFineTransformer:getOptiFineResourcePatched:414]: 	at java.base/java.lang.Class.forName(Class.java:545)
[30Jul2025 16:15:10.723] [main/INFO] [STDERR/]: [optifine.OptiFineTransformer:getOptiFineResourcePatched:414]: 	at MC-BOOTSTRAP/fmlloader@1.20.1-47.3.7/net.minecraftforge.fml.loading.ImmediateWindowHandler$DummyProvider.lambda$updateModuleReads$1(ImmediateWindowHandler.java:145)
[30Jul2025 16:15:10.725] [main/INFO] [STDERR/]: [optifine.OptiFineTransformer:getOptiFineResourcePatched:414]: 	at java.base/java.util.Optional.map(Optional.java:260)
[30Jul2025 16:15:10.726] [main/INFO] [STDERR/]: [optifine.OptiFineTransformer:getOptiFineResourcePatched:414]: 	at MC-BOOTSTRAP/fmlloader@1.20.1-47.3.7/net.minecraftforge.fml.loading.ImmediateWindowHandler$DummyProvider.updateModuleReads(ImmediateWindowHandler.java:145)
[30Jul2025 16:15:10.726] [main/INFO] [STDERR/]: [optifine.OptiFineTransformer:getOptiFineResourcePatched:414]: 	at MC-BOOTSTRAP/fmlloader@1.20.1-47.3.7/net.minecraftforge.fml.loading.ImmediateWindowHandler.acceptGameLayer(ImmediateWindowHandler.java:71)
[30Jul2025 16:15:10.727] [main/INFO] [STDERR/]: [optifine.OptiFineTransformer:getOptiFineResourcePatched:414]: 	at MC-BOOTSTRAP/fmlloader@1.20.1-47.3.7/net.minecraftforge.fml.loading.FMLLoader.beforeStart(FMLLoader.java:207)
[30Jul2025 16:15:10.727] [main/INFO] [STDERR/]: [optifine.OptiFineTransformer:getOptiFineResourcePatched:414]: 	at MC-BOOTSTRAP/fmlloader@1.20.1-47.3.7/net.minecraftforge.fml.loading.targets.CommonLaunchHandler.launchService(CommonLaunchHandler.java:92)
[30Jul2025 16:15:10.727] [main/INFO] [STDERR/]: [optifine.OptiFineTransformer:getOptiFineResourcePatched:414]: 	at MC-BOOTSTRAP/cpw.mods.modlauncher@10.0.9/cpw.mods.modlauncher.LaunchServiceHandlerDecorator.launch(LaunchServiceHandlerDecorator.java:30)
[30Jul2025 16:15:10.727] [main/INFO] [STDERR/]: [optifine.OptiFineTransformer:getOptiFineResourcePatched:414]: 	at MC-BOOTSTRAP/cpw.mods.modlauncher@10.0.9/cpw.mods.modlauncher.LaunchServiceHandler.launch(LaunchServiceHandler.java:53)
[30Jul2025 16:15:10.727] [main/INFO] [STDERR/]: [optifine.OptiFineTransformer:getOptiFineResourcePatched:414]: 	at MC-BOOTSTRAP/cpw.mods.modlauncher@10.0.9/cpw.mods.modlauncher.LaunchServiceHandler.launch(LaunchServiceHandler.java:71)
[30Jul2025 16:15:10.727] [main/INFO] [STDERR/]: [optifine.OptiFineTransformer:getOptiFineResourcePatched:414]: 	at MC-BOOTSTRAP/cpw.mods.modlauncher@10.0.9/cpw.mods.modlauncher.Launcher.run(Launcher.java:108)
[30Jul2025 16:15:10.727] [main/INFO] [STDERR/]: [optifine.OptiFineTransformer:getOptiFineResourcePatched:414]: 	at MC-BOOTSTRAP/cpw.mods.modlauncher@10.0.9/cpw.mods.modlauncher.Launcher.main(Launcher.java:78)
[30Jul2025 16:15:10.727] [main/INFO] [STDERR/]: [optifine.OptiFineTransformer:getOptiFineResourcePatched:414]: 	at MC-BOOTSTRAP/cpw.mods.modlauncher@10.0.9/cpw.mods.modlauncher.BootstrapLaunchConsumer.accept(BootstrapLaunchConsumer.java:26)
[30Jul2025 16:15:10.728] [main/INFO] [STDERR/]: [optifine.OptiFineTransformer:getOptiFineResourcePatched:414]: 	at MC-BOOTSTRAP/cpw.mods.modlauncher@10.0.9/cpw.mods.modlauncher.BootstrapLaunchConsumer.accept(BootstrapLaunchConsumer.java:23)
[30Jul2025 16:15:10.728] [main/INFO] [STDERR/]: [optifine.OptiFineTransformer:getOptiFineResourcePatched:414]: 	at cpw.mods.bootstraplauncher@1.1.2/cpw.mods.bootstraplauncher.BootstrapLauncher.main(BootstrapLauncher.java:141)
[30Jul2025 16:15:10.751] [main/INFO] [STDERR/]: [optifine.OptiFineTransformer:getOptiFineResourcePatched:414]: java.io.IOException: Base resource not found: bcn.class
[30Jul2025 16:15:10.751] [main/INFO] [STDERR/]: [optifine.OptiFineTransformer:getOptiFineResourcePatched:414]: 	at LAYER SERVICE/optifine/optifine.Patcher.applyPatch(Patcher.java:146)
[30Jul2025 16:15:10.753] [main/INFO] [STDERR/]: [optifine.OptiFineTransformer:getOptiFineResourcePatched:414]: 	at LAYER SERVICE/optifine/optifine.OptiFineTransformer.getOptiFineResourcePatched(OptiFineTransformer.java:396)
[30Jul2025 16:15:10.753] [main/INFO] [STDERR/]: [optifine.OptiFineTransformer:getOptiFineResourcePatched:414]: 	at LAYER SERVICE/optifine/optifine.OptiFineTransformer.getOptiFineResourceStreamPatched(OptiFineTransformer.java:368)
[30Jul2025 16:15:10.754] [main/INFO] [STDERR/]: [optifine.OptiFineTransformer:getOptiFineResourcePatched:414]: 	at LAYER SERVICE/optifine/optifine.OptiFineTransformer.getOptiFineResourceStream(OptiFineTransformer.java:291)
[30Jul2025 16:15:10.754] [main/INFO] [STDERR/]: [optifine.OptiFineTransformer:getOptiFineResourcePatched:414]: 	at LAYER SERVICE/optifine/optifine.OptiFineTransformer.getOptiFineResource(OptiFineTransformer.java:260)
[30Jul2025 16:15:10.754] [main/INFO] [STDERR/]: [optifine.OptiFineTransformer:getOptiFineResourcePatched:414]: 	at LAYER SERVICE/optifine/optifine.OptiFineTransformer.transform(OptiFineTransformer.java:171)
[30Jul2025 16:15:10.754] [main/INFO] [STDERR/]: [optifine.OptiFineTransformer:getOptiFineResourcePatched:414]: 	at LAYER SERVICE/optifine/optifine.OptiFineTransformer.transform(OptiFineTransformer.java:1)
[30Jul2025 16:15:10.754] [main/INFO] [STDERR/]: [optifine.OptiFineTransformer:getOptiFineResourcePatched:414]: 	at MC-BOOTSTRAP/cpw.mods.modlauncher@10.0.9/cpw.mods.modlauncher.TransformerHolder.transform(TransformerHolder.java:41)
[30Jul2025 16:15:10.754] [main/INFO] [STDERR/]: [optifine.OptiFineTransformer:getOptiFineResourcePatched:414]: 	at MC-BOOTSTRAP/cpw.mods.modlauncher@10.0.9/cpw.mods.modlauncher.ClassTransformer.performVote(ClassTransformer.java:179)
[30Jul2025 16:15:10.755] [main/INFO] [STDERR/]: [optifine.OptiFineTransformer:getOptiFineResourcePatched:414]: 	at MC-BOOTSTRAP/cpw.mods.modlauncher@10.0.9/cpw.mods.modlauncher.ClassTransformer.transform(ClassTransformer.java:98)
[30Jul2025 16:15:10.755] [main/INFO] [STDERR/]: [optifine.OptiFineTransformer:getOptiFineResourcePatched:414]: 	at MC-BOOTSTRAP/cpw.mods.modlauncher@10.0.9/cpw.mods.modlauncher.TransformingClassLoader.maybeTransformClassBytes(TransformingClassLoader.java:50)
[30Jul2025 16:15:10.755] [main/INFO] [STDERR/]: [optifine.OptiFineTransformer:getOptiFineResourcePatched:414]: 	at cpw.mods.securejarhandler/cpw.mods.cl.ModuleClassLoader.getMaybeTransformedClassBytes(ModuleClassLoader.java:250)
[30Jul2025 16:15:10.755] [main/INFO] [STDERR/]: [optifine.OptiFineTransformer:getOptiFineResourcePatched:414]: 	at MC-BOOTSTRAP/cpw.mods.modlauncher@10.0.9/cpw.mods.modlauncher.TransformingClassLoader.buildTransformedClassNodeFor(TransformingClassLoader.java:58)
[30Jul2025 16:15:10.755] [main/INFO] [STDERR/]: [optifine.OptiFineTransformer:getOptiFineResourcePatched:414]: 	at MC-BOOTSTRAP/cpw.mods.modlauncher@10.0.9/cpw.mods.modlauncher.LaunchPluginHandler.lambda$announceLaunch$10(LaunchPluginHandler.java:100)
[30Jul2025 16:15:10.756] [main/INFO] [STDERR/]: [optifine.OptiFineTransformer:getOptiFineResourcePatched:414]: 	at MC-BOOTSTRAP/org.spongepowered.mixin/org.spongepowered.asm.launch.MixinLaunchPluginLegacy.getClassNode(MixinLaunchPluginLegacy.java:222)
[30Jul2025 16:15:10.756] [main/INFO] [STDERR/]: [optifine.OptiFineTransformer:getOptiFineResourcePatched:414]: 	at MC-BOOTSTRAP/org.spongepowered.mixin/org.spongepowered.asm.launch.MixinLaunchPluginLegacy.getClassNode(MixinLaunchPluginLegacy.java:207)
[30Jul2025 16:15:10.756] [main/INFO] [STDERR/]: [optifine.OptiFineTransformer:getOptiFineResourcePatched:414]: 	at MC-BOOTSTRAP/org.spongepowered.mixin/org.spongepowered.asm.mixin.transformer.ClassInfo.forName(ClassInfo.java:2005)
[30Jul2025 16:15:10.759] [main/INFO] [STDERR/]: [optifine.OptiFineTransformer:getOptiFineResourcePatched:414]: 	at MC-BOOTSTRAP/org.spongepowered.mixin/org.spongepowered.asm.mixin.transformer.ClassInfo.getSuperClass(ClassInfo.java:1106)
[30Jul2025 16:15:10.759] [main/INFO] [STDERR/]: [optifine.OptiFineTransformer:getOptiFineResourcePatched:414]: 	at MC-BOOTSTRAP/org.spongepowered.mixin/org.spongepowered.asm.mixin.transformer.ClassInfo.findSuperClass(ClassInfo.java:1416)
[30Jul2025 16:15:10.759] [main/INFO] [STDERR/]: [optifine.OptiFineTransformer:getOptiFineResourcePatched:414]: 	at MC-BOOTSTRAP/org.spongepowered.mixin/org.spongepowered.asm.mixin.transformer.ClassInfo.findSuperClass(ClassInfo.java:1423)
[30Jul2025 16:15:10.760] [main/INFO] [STDERR/]: [optifine.OptiFineTransformer:getOptiFineResourcePatched:414]: 	at MC-BOOTSTRAP/org.spongepowered.mixin/org.spongepowered.asm.mixin.transformer.ClassInfo.findSuperClass(ClassInfo.java:1395)
[30Jul2025 16:15:10.760] [main/INFO] [STDERR/]: [optifine.OptiFineTransformer:getOptiFineResourcePatched:414]: 	at MC-BOOTSTRAP/org.spongepowered.mixin/org.spongepowered.asm.mixin.transformer.ClassInfo.hasSuperClass(ClassInfo.java:1332)
[30Jul2025 16:15:10.760] [main/INFO] [STDERR/]: [optifine.OptiFineTransformer:getOptiFineResourcePatched:414]: 	at MC-BOOTSTRAP/org.spongepowered.mixin/org.spongepowered.asm.mixin.transformer.ClassInfo.hasSuperClass(ClassInfo.java:1315)
[30Jul2025 16:15:10.760] [main/INFO] [STDERR/]: [optifine.OptiFineTransformer:getOptiFineResourcePatched:414]: 	at MC-BOOTSTRAP/org.spongepowered.mixin/org.spongepowered.asm.mixin.transformer.MixinInfo$SubType$Standard.validate(MixinInfo.java:579)
[30Jul2025 16:15:10.760] [main/INFO] [STDERR/]: [optifine.OptiFineTransformer:getOptiFineResourcePatched:414]: 	at MC-BOOTSTRAP/org.spongepowered.mixin/org.spongepowered.asm.mixin.transformer.MixinInfo$State.validate(MixinInfo.java:327)
[30Jul2025 16:15:10.760] [main/INFO] [STDERR/]: [optifine.OptiFineTransformer:getOptiFineResourcePatched:414]: 	at MC-BOOTSTRAP/org.spongepowered.mixin/org.spongepowered.asm.mixin.transformer.MixinInfo.validate(MixinInfo.java:913)
[30Jul2025 16:15:10.761] [main/INFO] [STDERR/]: [optifine.OptiFineTransformer:getOptiFineResourcePatched:414]: 	at MC-BOOTSTRAP/org.spongepowered.mixin/org.spongepowered.asm.mixin.transformer.MixinConfig.postInitialise(MixinConfig.java:801)
[30Jul2025 16:15:10.761] [main/INFO] [STDERR/]: [optifine.OptiFineTransformer:getOptiFineResourcePatched:414]: 	at MC-BOOTSTRAP/org.spongepowered.mixin/org.spongepowered.asm.mixin.transformer.MixinProcessor.prepareConfigs(MixinProcessor.java:567)
[30Jul2025 16:15:10.761] [main/INFO] [STDERR/]: [optifine.OptiFineTransformer:getOptiFineResourcePatched:414]: 	at MC-BOOTSTRAP/org.spongepowered.mixin/org.spongepowered.asm.mixin.transformer.MixinProcessor.select(MixinProcessor.java:462)
[30Jul2025 16:15:10.761] [main/INFO] [STDERR/]: [optifine.OptiFineTransformer:getOptiFineResourcePatched:414]: 	at MC-BOOTSTRAP/org.spongepowered.mixin/org.spongepowered.asm.mixin.transformer.MixinProcessor.checkSelect(MixinProcessor.java:438)
[30Jul2025 16:15:10.761] [main/INFO] [STDERR/]: [optifine.OptiFineTransformer:getOptiFineResourcePatched:414]: 	at MC-BOOTSTRAP/org.spongepowered.mixin/org.spongepowered.asm.mixin.transformer.MixinProcessor.applyMixins(MixinProcessor.java:290)
[30Jul2025 16:15:10.761] [main/INFO] [STDERR/]: [optifine.OptiFineTransformer:getOptiFineResourcePatched:414]: 	at MC-BOOTSTRAP/org.spongepowered.mixin/org.spongepowered.asm.mixin.transformer.MixinTransformer.transformClass(MixinTransformer.java:250)
[30Jul2025 16:15:10.762] [main/INFO] [STDERR/]: [optifine.OptiFineTransformer:getOptiFineResourcePatched:414]: 	at MC-BOOTSTRAP/org.spongepowered.mixin/org.spongepowered.asm.service.modlauncher.MixinTransformationHandler.processClass(MixinTransformationHandler.java:131)
[30Jul2025 16:15:10.765] [main/INFO] [STDERR/]: [optifine.OptiFineTransformer:getOptiFineResourcePatched:414]: 	at MC-BOOTSTRAP/org.spongepowered.mixin/org.spongepowered.asm.launch.MixinLaunchPluginLegacy.processClass(MixinLaunchPluginLegacy.java:131)
[30Jul2025 16:15:10.765] [main/INFO] [STDERR/]: [optifine.OptiFineTransformer:getOptiFineResourcePatched:414]: 	at MC-BOOTSTRAP/cpw.mods.modlauncher@10.0.9/cpw.mods.modlauncher.serviceapi.ILaunchPluginService.processClassWithFlags(ILaunchPluginService.java:156)
[30Jul2025 16:15:10.765] [main/INFO] [STDERR/]: [optifine.OptiFineTransformer:getOptiFineResourcePatched:414]: 	at MC-BOOTSTRAP/cpw.mods.modlauncher@10.0.9/cpw.mods.modlauncher.LaunchPluginHandler.offerClassNodeToPlugins(LaunchPluginHandler.java:88)
[30Jul2025 16:15:10.766] [main/INFO] [STDERR/]: [optifine.OptiFineTransformer:getOptiFineResourcePatched:414]: 	at MC-BOOTSTRAP/cpw.mods.modlauncher@10.0.9/cpw.mods.modlauncher.ClassTransformer.transform(ClassTransformer.java:120)
[30Jul2025 16:15:10.766] [main/INFO] [STDERR/]: [optifine.OptiFineTransformer:getOptiFineResourcePatched:414]: 	at MC-BOOTSTRAP/cpw.mods.modlauncher@10.0.9/cpw.mods.modlauncher.TransformingClassLoader.maybeTransformClassBytes(TransformingClassLoader.java:50)
[30Jul2025 16:15:10.766] [main/INFO] [STDERR/]: [optifine.OptiFineTransformer:getOptiFineResourcePatched:414]: 	at cpw.mods.securejarhandler/cpw.mods.cl.ModuleClassLoader.readerToClass(ModuleClassLoader.java:113)
[30Jul2025 16:15:10.766] [main/INFO] [STDERR/]: [optifine.OptiFineTransformer:getOptiFineResourcePatched:414]: 	at cpw.mods.securejarhandler/cpw.mods.cl.ModuleClassLoader.lambda$findClass$15(ModuleClassLoader.java:219)
[30Jul2025 16:15:10.767] [main/INFO] [STDERR/]: [optifine.OptiFineTransformer:getOptiFineResourcePatched:414]: 	at cpw.mods.securejarhandler/cpw.mods.cl.ModuleClassLoader.loadFromModule(ModuleClassLoader.java:229)
[30Jul2025 16:15:10.767] [main/INFO] [STDERR/]: [optifine.OptiFineTransformer:getOptiFineResourcePatched:414]: 	at cpw.mods.securejarhandler/cpw.mods.cl.ModuleClassLoader.findClass(ModuleClassLoader.java:219)
[30Jul2025 16:15:10.767] [main/INFO] [STDERR/]: [optifine.OptiFineTransformer:getOptiFineResourcePatched:414]: 	at java.base/java.lang.ClassLoader.loadClass(ClassLoader.java:637)
[30Jul2025 16:15:10.767] [main/INFO] [STDERR/]: [optifine.OptiFineTransformer:getOptiFineResourcePatched:414]: 	at java.base/java.lang.Class.forName(Class.java:545)
[30Jul2025 16:15:10.767] [main/INFO] [STDERR/]: [optifine.OptiFineTransformer:getOptiFineResourcePatched:414]: 	at MC-BOOTSTRAP/fmlloader@1.20.1-47.3.7/net.minecraftforge.fml.loading.ImmediateWindowHandler$DummyProvider.lambda$updateModuleReads$1(ImmediateWindowHandler.java:145)
[30Jul2025 16:15:10.767] [main/INFO] [STDERR/]: [optifine.OptiFineTransformer:getOptiFineResourcePatched:414]: 	at java.base/java.util.Optional.map(Optional.java:260)
[30Jul2025 16:15:10.768] [main/INFO] [STDERR/]: [optifine.OptiFineTransformer:getOptiFineResourcePatched:414]: 	at MC-BOOTSTRAP/fmlloader@1.20.1-47.3.7/net.minecraftforge.fml.loading.ImmediateWindowHandler$DummyProvider.updateModuleReads(ImmediateWindowHandler.java:145)
[30Jul2025 16:15:10.768] [main/INFO] [STDERR/]: [optifine.OptiFineTransformer:getOptiFineResourcePatched:414]: 	at MC-BOOTSTRAP/fmlloader@1.20.1-47.3.7/net.minecraftforge.fml.loading.ImmediateWindowHandler.acceptGameLayer(ImmediateWindowHandler.java:71)
[30Jul2025 16:15:10.768] [main/INFO] [STDERR/]: [optifine.OptiFineTransformer:getOptiFineResourcePatched:414]: 	at MC-BOOTSTRAP/fmlloader@1.20.1-47.3.7/net.minecraftforge.fml.loading.FMLLoader.beforeStart(FMLLoader.java:207)
[30Jul2025 16:15:10.768] [main/INFO] [STDERR/]: [optifine.OptiFineTransformer:getOptiFineResourcePatched:414]: 	at MC-BOOTSTRAP/fmlloader@1.20.1-47.3.7/net.minecraftforge.fml.loading.targets.CommonLaunchHandler.launchService(CommonLaunchHandler.java:92)
[30Jul2025 16:15:10.768] [main/INFO] [STDERR/]: [optifine.OptiFineTransformer:getOptiFineResourcePatched:414]: 	at MC-BOOTSTRAP/cpw.mods.modlauncher@10.0.9/cpw.mods.modlauncher.LaunchServiceHandlerDecorator.launch(LaunchServiceHandlerDecorator.java:30)
[30Jul2025 16:15:10.768] [main/INFO] [STDERR/]: [optifine.OptiFineTransformer:getOptiFineResourcePatched:414]: 	at MC-BOOTSTRAP/cpw.mods.modlauncher@10.0.9/cpw.mods.modlauncher.LaunchServiceHandler.launch(LaunchServiceHandler.java:53)
[30Jul2025 16:15:10.769] [main/INFO] [STDERR/]: [optifine.OptiFineTransformer:getOptiFineResourcePatched:414]: 	at MC-BOOTSTRAP/cpw.mods.modlauncher@10.0.9/cpw.mods.modlauncher.LaunchServiceHandler.launch(LaunchServiceHandler.java:71)
[30Jul2025 16:15:10.769] [main/INFO] [STDERR/]: [optifine.OptiFineTransformer:getOptiFineResourcePatched:414]: 	at MC-BOOTSTRAP/cpw.mods.modlauncher@10.0.9/cpw.mods.modlauncher.Launcher.run(Launcher.java:108)
[30Jul2025 16:15:10.769] [main/INFO] [STDERR/]: [optifine.OptiFineTransformer:getOptiFineResourcePatched:414]: 	at MC-BOOTSTRAP/cpw.mods.modlauncher@10.0.9/cpw.mods.modlauncher.Launcher.main(Launcher.java:78)
[30Jul2025 16:15:10.770] [main/INFO] [STDERR/]: [optifine.OptiFineTransformer:getOptiFineResourcePatched:414]: 	at MC-BOOTSTRAP/cpw.mods.modlauncher@10.0.9/cpw.mods.modlauncher.BootstrapLaunchConsumer.accept(BootstrapLaunchConsumer.java:26)
[30Jul2025 16:15:10.770] [main/INFO] [STDERR/]: [optifine.OptiFineTransformer:getOptiFineResourcePatched:414]: 	at MC-BOOTSTRAP/cpw.mods.modlauncher@10.0.9/cpw.mods.modlauncher.BootstrapLaunchConsumer.accept(BootstrapLaunchConsumer.java:23)
[30Jul2025 16:15:10.770] [main/INFO] [STDERR/]: [optifine.OptiFineTransformer:getOptiFineResourcePatched:414]: 	at cpw.mods.bootstraplauncher@1.1.2/cpw.mods.bootstraplauncher.BootstrapLauncher.main(BootstrapLauncher.java:141)
[30Jul2025 16:15:10.809] [main/INFO] [STDERR/]: [optifine.OptiFineTransformer:getOptiFineResourcePatched:414]: java.io.IOException: Base resource not found: deq$c.class
[30Jul2025 16:15:10.811] [main/INFO] [STDERR/]: [optifine.OptiFineTransformer:getOptiFineResourcePatched:414]: 	at LAYER SERVICE/optifine/optifine.Patcher.applyPatch(Patcher.java:146)
[30Jul2025 16:15:10.812] [main/INFO] [STDERR/]: [optifine.OptiFineTransformer:getOptiFineResourcePatched:414]: 	at LAYER SERVICE/optifine/optifine.OptiFineTransformer.getOptiFineResourcePatched(OptiFineTransformer.java:396)
[30Jul2025 16:15:10.812] [main/INFO] [STDERR/]: [optifine.OptiFineTransformer:getOptiFineResourcePatched:414]: 	at LAYER SERVICE/optifine/optifine.OptiFineTransformer.getOptiFineResourceStreamPatched(OptiFineTransformer.java:368)
[30Jul2025 16:15:10.813] [main/INFO] [STDERR/]: [optifine.OptiFineTransformer:getOptiFineResourcePatched:414]: 	at LAYER SERVICE/optifine/optifine.OptiFineTransformer.getOptiFineResourceStream(OptiFineTransformer.java:291)
[30Jul2025 16:15:10.813] [main/INFO] [STDERR/]: [optifine.OptiFineTransformer:getOptiFineResourcePatched:414]: 	at LAYER SERVICE/optifine/optifine.OptiFineTransformer.getOptiFineResource(OptiFineTransformer.java:260)
[30Jul2025 16:15:10.814] [main/INFO] [STDERR/]: [optifine.OptiFineTransformer:getOptiFineResourcePatched:414]: 	at LAYER SERVICE/optifine/optifine.OptiFineTransformer.transform(OptiFineTransformer.java:171)
[30Jul2025 16:15:10.815] [main/INFO] [STDERR/]: [optifine.OptiFineTransformer:getOptiFineResourcePatched:414]: 	at LAYER SERVICE/optifine/optifine.OptiFineTransformer.transform(OptiFineTransformer.java:1)
[30Jul2025 16:15:10.815] [main/INFO] [STDERR/]: [optifine.OptiFineTransformer:getOptiFineResourcePatched:414]: 	at MC-BOOTSTRAP/cpw.mods.modlauncher@10.0.9/cpw.mods.modlauncher.TransformerHolder.transform(TransformerHolder.java:41)
[30Jul2025 16:15:10.816] [main/INFO] [STDERR/]: [optifine.OptiFineTransformer:getOptiFineResourcePatched:414]: 	at MC-BOOTSTRAP/cpw.mods.modlauncher@10.0.9/cpw.mods.modlauncher.ClassTransformer.performVote(ClassTransformer.java:179)
[30Jul2025 16:15:10.816] [main/INFO] [STDERR/]: [optifine.OptiFineTransformer:getOptiFineResourcePatched:414]: 	at MC-BOOTSTRAP/cpw.mods.modlauncher@10.0.9/cpw.mods.modlauncher.ClassTransformer.transform(ClassTransformer.java:98)
[30Jul2025 16:15:10.816] [main/INFO] [STDERR/]: [optifine.OptiFineTransformer:getOptiFineResourcePatched:414]: 	at MC-BOOTSTRAP/cpw.mods.modlauncher@10.0.9/cpw.mods.modlauncher.TransformingClassLoader.maybeTransformClassBytes(TransformingClassLoader.java:50)
[30Jul2025 16:15:10.816] [main/INFO] [STDERR/]: [optifine.OptiFineTransformer:getOptiFineResourcePatched:414]: 	at cpw.mods.securejarhandler/cpw.mods.cl.ModuleClassLoader.getMaybeTransformedClassBytes(ModuleClassLoader.java:250)
[30Jul2025 16:15:10.817] [main/INFO] [STDERR/]: [optifine.OptiFineTransformer:getOptiFineResourcePatched:414]: 	at MC-BOOTSTRAP/cpw.mods.modlauncher@10.0.9/cpw.mods.modlauncher.TransformingClassLoader.buildTransformedClassNodeFor(TransformingClassLoader.java:58)
[30Jul2025 16:15:10.817] [main/INFO] [STDERR/]: [optifine.OptiFineTransformer:getOptiFineResourcePatched:414]: 	at MC-BOOTSTRAP/cpw.mods.modlauncher@10.0.9/cpw.mods.modlauncher.LaunchPluginHandler.lambda$announceLaunch$10(LaunchPluginHandler.java:100)
[30Jul2025 16:15:10.817] [main/INFO] [STDERR/]: [optifine.OptiFineTransformer:getOptiFineResourcePatched:414]: 	at MC-BOOTSTRAP/org.spongepowered.mixin/org.spongepowered.asm.launch.MixinLaunchPluginLegacy.getClassNode(MixinLaunchPluginLegacy.java:222)
[30Jul2025 16:15:10.817] [main/INFO] [STDERR/]: [optifine.OptiFineTransformer:getOptiFineResourcePatched:414]: 	at MC-BOOTSTRAP/org.spongepowered.mixin/org.spongepowered.asm.launch.MixinLaunchPluginLegacy.getClassNode(MixinLaunchPluginLegacy.java:207)
[30Jul2025 16:15:10.818] [main/INFO] [STDERR/]: [optifine.OptiFineTransformer:getOptiFineResourcePatched:414]: 	at MC-BOOTSTRAP/org.spongepowered.mixin/org.spongepowered.asm.mixin.transformer.ClassInfo.forName(ClassInfo.java:2005)
[30Jul2025 16:15:10.818] [main/INFO] [STDERR/]: [optifine.OptiFineTransformer:getOptiFineResourcePatched:414]: 	at MC-BOOTSTRAP/org.spongepowered.mixin/org.spongepowered.asm.mixin.transformer.MixinInfo$State.readInnerClasses(MixinInfo.java:429)
[30Jul2025 16:15:10.818] [main/INFO] [STDERR/]: [optifine.OptiFineTransformer:getOptiFineResourcePatched:414]: 	at MC-BOOTSTRAP/org.spongepowered.mixin/org.spongepowered.asm.mixin.transformer.MixinInfo$State.validate(MixinInfo.java:339)
[30Jul2025 16:15:10.818] [main/INFO] [STDERR/]: [optifine.OptiFineTransformer:getOptiFineResourcePatched:414]: 	at MC-BOOTSTRAP/org.spongepowered.mixin/org.spongepowered.asm.mixin.transformer.MixinInfo.validate(MixinInfo.java:913)
[30Jul2025 16:15:10.819] [main/INFO] [STDERR/]: [optifine.OptiFineTransformer:getOptiFineResourcePatched:414]: 	at MC-BOOTSTRAP/org.spongepowered.mixin/org.spongepowered.asm.mixin.transformer.MixinConfig.postInitialise(MixinConfig.java:801)
[30Jul2025 16:15:10.819] [main/INFO] [STDERR/]: [optifine.OptiFineTransformer:getOptiFineResourcePatched:414]: 	at MC-BOOTSTRAP/org.spongepowered.mixin/org.spongepowered.asm.mixin.transformer.MixinProcessor.prepareConfigs(MixinProcessor.java:567)
[30Jul2025 16:15:10.819] [main/INFO] [STDERR/]: [optifine.OptiFineTransformer:getOptiFineResourcePatched:414]: 	at MC-BOOTSTRAP/org.spongepowered.mixin/org.spongepowered.asm.mixin.transformer.MixinProcessor.select(MixinProcessor.java:462)
[30Jul2025 16:15:10.819] [main/INFO] [STDERR/]: [optifine.OptiFineTransformer:getOptiFineResourcePatched:414]: 	at MC-BOOTSTRAP/org.spongepowered.mixin/org.spongepowered.asm.mixin.transformer.MixinProcessor.checkSelect(MixinProcessor.java:438)
[30Jul2025 16:15:10.820] [main/INFO] [STDERR/]: [optifine.OptiFineTransformer:getOptiFineResourcePatched:414]: 	at MC-BOOTSTRAP/org.spongepowered.mixin/org.spongepowered.asm.mixin.transformer.MixinProcessor.applyMixins(MixinProcessor.java:290)
[30Jul2025 16:15:10.821] [main/INFO] [STDERR/]: [optifine.OptiFineTransformer:getOptiFineResourcePatched:414]: 	at MC-BOOTSTRAP/org.spongepowered.mixin/org.spongepowered.asm.mixin.transformer.MixinTransformer.transformClass(MixinTransformer.java:250)
[30Jul2025 16:15:10.821] [main/INFO] [STDERR/]: [optifine.OptiFineTransformer:getOptiFineResourcePatched:414]: 	at MC-BOOTSTRAP/org.spongepowered.mixin/org.spongepowered.asm.service.modlauncher.MixinTransformationHandler.processClass(MixinTransformationHandler.java:131)
[30Jul2025 16:15:10.821] [main/INFO] [STDERR/]: [optifine.OptiFineTransformer:getOptiFineResourcePatched:414]: 	at MC-BOOTSTRAP/org.spongepowered.mixin/org.spongepowered.asm.launch.MixinLaunchPluginLegacy.processClass(MixinLaunchPluginLegacy.java:131)
[30Jul2025 16:15:10.821] [main/INFO] [STDERR/]: [optifine.OptiFineTransformer:getOptiFineResourcePatched:414]: 	at MC-BOOTSTRAP/cpw.mods.modlauncher@10.0.9/cpw.mods.modlauncher.serviceapi.ILaunchPluginService.processClassWithFlags(ILaunchPluginService.java:156)
[30Jul2025 16:15:10.822] [main/INFO] [STDERR/]: [optifine.OptiFineTransformer:getOptiFineResourcePatched:414]: 	at MC-BOOTSTRAP/cpw.mods.modlauncher@10.0.9/cpw.mods.modlauncher.LaunchPluginHandler.offerClassNodeToPlugins(LaunchPluginHandler.java:88)
[30Jul2025 16:15:10.822] [main/INFO] [STDERR/]: [optifine.OptiFineTransformer:getOptiFineResourcePatched:414]: 	at MC-BOOTSTRAP/cpw.mods.modlauncher@10.0.9/cpw.mods.modlauncher.ClassTransformer.transform(ClassTransformer.java:120)
[30Jul2025 16:15:10.823] [main/INFO] [STDERR/]: [optifine.OptiFineTransformer:getOptiFineResourcePatched:414]: 	at MC-BOOTSTRAP/cpw.mods.modlauncher@10.0.9/cpw.mods.modlauncher.TransformingClassLoader.maybeTransformClassBytes(TransformingClassLoader.java:50)
[30Jul2025 16:15:10.824] [main/INFO] [STDERR/]: [optifine.OptiFineTransformer:getOptiFineResourcePatched:414]: 	at cpw.mods.securejarhandler/cpw.mods.cl.ModuleClassLoader.readerToClass(ModuleClassLoader.java:113)
[30Jul2025 16:15:10.824] [main/INFO] [STDERR/]: [optifine.OptiFineTransformer:getOptiFineResourcePatched:414]: 	at cpw.mods.securejarhandler/cpw.mods.cl.ModuleClassLoader.lambda$findClass$15(ModuleClassLoader.java:219)
[30Jul2025 16:15:10.824] [main/INFO] [STDERR/]: [optifine.OptiFineTransformer:getOptiFineResourcePatched:414]: 	at cpw.mods.securejarhandler/cpw.mods.cl.ModuleClassLoader.loadFromModule(ModuleClassLoader.java:229)
[30Jul2025 16:15:10.825] [main/INFO] [STDERR/]: [optifine.OptiFineTransformer:getOptiFineResourcePatched:414]: 	at cpw.mods.securejarhandler/cpw.mods.cl.ModuleClassLoader.findClass(ModuleClassLoader.java:219)
[30Jul2025 16:15:10.825] [main/INFO] [STDERR/]: [optifine.OptiFineTransformer:getOptiFineResourcePatched:414]: 	at java.base/java.lang.ClassLoader.loadClass(ClassLoader.java:637)
[30Jul2025 16:15:10.825] [main/INFO] [STDERR/]: [optifine.OptiFineTransformer:getOptiFineResourcePatched:414]: 	at java.base/java.lang.Class.forName(Class.java:545)
[30Jul2025 16:15:10.826] [main/INFO] [STDERR/]: [optifine.OptiFineTransformer:getOptiFineResourcePatched:414]: 	at MC-BOOTSTRAP/fmlloader@1.20.1-47.3.7/net.minecraftforge.fml.loading.ImmediateWindowHandler$DummyProvider.lambda$updateModuleReads$1(ImmediateWindowHandler.java:145)
[30Jul2025 16:15:10.826] [main/INFO] [STDERR/]: [optifine.OptiFineTransformer:getOptiFineResourcePatched:414]: 	at java.base/java.util.Optional.map(Optional.java:260)
[30Jul2025 16:15:10.826] [main/INFO] [STDERR/]: [optifine.OptiFineTransformer:getOptiFineResourcePatched:414]: 	at MC-BOOTSTRAP/fmlloader@1.20.1-47.3.7/net.minecraftforge.fml.loading.ImmediateWindowHandler$DummyProvider.updateModuleReads(ImmediateWindowHandler.java:145)
[30Jul2025 16:15:10.827] [main/INFO] [STDERR/]: [optifine.OptiFineTransformer:getOptiFineResourcePatched:414]: 	at MC-BOOTSTRAP/fmlloader@1.20.1-47.3.7/net.minecraftforge.fml.loading.ImmediateWindowHandler.acceptGameLayer(ImmediateWindowHandler.java:71)
[30Jul2025 16:15:10.827] [main/INFO] [STDERR/]: [optifine.OptiFineTransformer:getOptiFineResourcePatched:414]: 	at MC-BOOTSTRAP/fmlloader@1.20.1-47.3.7/net.minecraftforge.fml.loading.FMLLoader.beforeStart(FMLLoader.java:207)
[30Jul2025 16:15:10.827] [main/INFO] [STDERR/]: [optifine.OptiFineTransformer:getOptiFineResourcePatched:414]: 	at MC-BOOTSTRAP/fmlloader@1.20.1-47.3.7/net.minecraftforge.fml.loading.targets.CommonLaunchHandler.launchService(CommonLaunchHandler.java:92)
[30Jul2025 16:15:10.827] [main/INFO] [STDERR/]: [optifine.OptiFineTransformer:getOptiFineResourcePatched:414]: 	at MC-BOOTSTRAP/cpw.mods.modlauncher@10.0.9/cpw.mods.modlauncher.LaunchServiceHandlerDecorator.launch(LaunchServiceHandlerDecorator.java:30)
[30Jul2025 16:15:10.828] [main/INFO] [STDERR/]: [optifine.OptiFineTransformer:getOptiFineResourcePatched:414]: 	at MC-BOOTSTRAP/cpw.mods.modlauncher@10.0.9/cpw.mods.modlauncher.LaunchServiceHandler.launch(LaunchServiceHandler.java:53)
[30Jul2025 16:15:10.829] [main/INFO] [STDERR/]: [optifine.OptiFineTransformer:getOptiFineResourcePatched:414]: 	at MC-BOOTSTRAP/cpw.mods.modlauncher@10.0.9/cpw.mods.modlauncher.LaunchServiceHandler.launch(LaunchServiceHandler.java:71)
[30Jul2025 16:15:10.829] [main/INFO] [STDERR/]: [optifine.OptiFineTransformer:getOptiFineResourcePatched:414]: 	at MC-BOOTSTRAP/cpw.mods.modlauncher@10.0.9/cpw.mods.modlauncher.Launcher.run(Launcher.java:108)
[30Jul2025 16:15:10.829] [main/INFO] [STDERR/]: [optifine.OptiFineTransformer:getOptiFineResourcePatched:414]: 	at MC-BOOTSTRAP/cpw.mods.modlauncher@10.0.9/cpw.mods.modlauncher.Launcher.main(Launcher.java:78)
[30Jul2025 16:15:10.830] [main/INFO] [STDERR/]: [optifine.OptiFineTransformer:getOptiFineResourcePatched:414]: 	at MC-BOOTSTRAP/cpw.mods.modlauncher@10.0.9/cpw.mods.modlauncher.BootstrapLaunchConsumer.accept(BootstrapLaunchConsumer.java:26)
[30Jul2025 16:15:10.830] [main/INFO] [STDERR/]: [optifine.OptiFineTransformer:getOptiFineResourcePatched:414]: 	at MC-BOOTSTRAP/cpw.mods.modlauncher@10.0.9/cpw.mods.modlauncher.BootstrapLaunchConsumer.accept(BootstrapLaunchConsumer.java:23)
[30Jul2025 16:15:10.831] [main/INFO] [STDERR/]: [optifine.OptiFineTransformer:getOptiFineResourcePatched:414]: 	at cpw.mods.bootstraplauncher@1.1.2/cpw.mods.bootstraplauncher.BootstrapLauncher.main(BootstrapLauncher.java:141)
[30Jul2025 16:15:10.862] [main/INFO] [MixinExtras|Service/]: Initializing MixinExtras via com.llamalad7.mixinextras.service.MixinExtrasServiceImpl(version=0.4.1).
[30Jul2025 16:15:11.063] [main/INFO] [STDERR/]: [optifine.OptiFineTransformer:getOptiFineResourcePatched:414]: java.io.IOException: Base resource not found: bcn.class
[30Jul2025 16:15:11.063] [main/INFO] [STDERR/]: [optifine.OptiFineTransformer:getOptiFineResourcePatched:414]: 	at LAYER SERVICE/optifine/optifine.Patcher.applyPatch(Patcher.java:146)
[30Jul2025 16:15:11.063] [main/INFO] [STDERR/]: [optifine.OptiFineTransformer:getOptiFineResourcePatched:414]: 	at LAYER SERVICE/optifine/optifine.OptiFineTransformer.getOptiFineResourcePatched(OptiFineTransformer.java:396)
[30Jul2025 16:15:11.064] [main/INFO] [STDERR/]: [optifine.OptiFineTransformer:getOptiFineResourcePatched:414]: 	at LAYER SERVICE/optifine/optifine.OptiFineTransformer.getOptiFineResourceStreamPatched(OptiFineTransformer.java:368)
[30Jul2025 16:15:11.064] [main/INFO] [STDERR/]: [optifine.OptiFineTransformer:getOptiFineResourcePatched:414]: 	at LAYER SERVICE/optifine/optifine.OptiFineTransformer.getOptiFineResourceStream(OptiFineTransformer.java:291)
[30Jul2025 16:15:11.064] [main/INFO] [STDERR/]: [optifine.OptiFineTransformer:getOptiFineResourcePatched:414]: 	at LAYER SERVICE/optifine/optifine.OptiFineTransformer.getOptiFineResource(OptiFineTransformer.java:260)
[30Jul2025 16:15:11.064] [main/INFO] [STDERR/]: [optifine.OptiFineTransformer:getOptiFineResourcePatched:414]: 	at LAYER SERVICE/optifine/optifine.OptiFineTransformer.transform(OptiFineTransformer.java:171)
[30Jul2025 16:15:11.064] [main/INFO] [STDERR/]: [optifine.OptiFineTransformer:getOptiFineResourcePatched:414]: 	at LAYER SERVICE/optifine/optifine.OptiFineTransformer.transform(OptiFineTransformer.java:1)
[30Jul2025 16:15:11.064] [main/INFO] [STDERR/]: [optifine.OptiFineTransformer:getOptiFineResourcePatched:414]: 	at MC-BOOTSTRAP/cpw.mods.modlauncher@10.0.9/cpw.mods.modlauncher.TransformerHolder.transform(TransformerHolder.java:41)
[30Jul2025 16:15:11.064] [main/INFO] [STDERR/]: [optifine.OptiFineTransformer:getOptiFineResourcePatched:414]: 	at MC-BOOTSTRAP/cpw.mods.modlauncher@10.0.9/cpw.mods.modlauncher.ClassTransformer.performVote(ClassTransformer.java:179)
[30Jul2025 16:15:11.065] [main/INFO] [STDERR/]: [optifine.OptiFineTransformer:getOptiFineResourcePatched:414]: 	at MC-BOOTSTRAP/cpw.mods.modlauncher@10.0.9/cpw.mods.modlauncher.ClassTransformer.transform(ClassTransformer.java:98)
[30Jul2025 16:15:11.065] [main/INFO] [STDERR/]: [optifine.OptiFineTransformer:getOptiFineResourcePatched:414]: 	at MC-BOOTSTRAP/cpw.mods.modlauncher@10.0.9/cpw.mods.modlauncher.TransformingClassLoader.maybeTransformClassBytes(TransformingClassLoader.java:50)
[30Jul2025 16:15:11.065] [main/INFO] [STDERR/]: [optifine.OptiFineTransformer:getOptiFineResourcePatched:414]: 	at cpw.mods.securejarhandler/cpw.mods.cl.ModuleClassLoader.readerToClass(ModuleClassLoader.java:113)
[30Jul2025 16:15:11.065] [main/INFO] [STDERR/]: [optifine.OptiFineTransformer:getOptiFineResourcePatched:414]: 	at cpw.mods.securejarhandler/cpw.mods.cl.ModuleClassLoader.lambda$findClass$15(ModuleClassLoader.java:219)
[30Jul2025 16:15:11.065] [main/INFO] [STDERR/]: [optifine.OptiFineTransformer:getOptiFineResourcePatched:414]: 	at cpw.mods.securejarhandler/cpw.mods.cl.ModuleClassLoader.loadFromModule(ModuleClassLoader.java:229)
[30Jul2025 16:15:11.065] [main/INFO] [STDERR/]: [optifine.OptiFineTransformer:getOptiFineResourcePatched:414]: 	at cpw.mods.securejarhandler/cpw.mods.cl.ModuleClassLoader.findClass(ModuleClassLoader.java:219)
[30Jul2025 16:15:11.066] [main/INFO] [STDERR/]: [optifine.OptiFineTransformer:getOptiFineResourcePatched:414]: 	at cpw.mods.securejarhandler/cpw.mods.cl.ModuleClassLoader.loadClass(ModuleClassLoader.java:135)
[30Jul2025 16:15:11.066] [main/INFO] [STDERR/]: [optifine.OptiFineTransformer:getOptiFineResourcePatched:414]: 	at java.base/java.lang.ClassLoader.loadClass(ClassLoader.java:525)
[30Jul2025 16:15:11.066] [main/INFO] [STDERR/]: [optifine.OptiFineTransformer:getOptiFineResourcePatched:414]: 	at java.base/java.lang.ClassLoader.defineClass1(Native Method)
[30Jul2025 16:15:11.066] [main/INFO] [STDERR/]: [optifine.OptiFineTransformer:getOptiFineResourcePatched:414]: 	at java.base/java.lang.ClassLoader.defineClass(ClassLoader.java:1017)
[30Jul2025 16:15:11.066] [main/INFO] [STDERR/]: [optifine.OptiFineTransformer:getOptiFineResourcePatched:414]: 	at cpw.mods.securejarhandler/cpw.mods.cl.ModuleClassLoader.readerToClass(ModuleClassLoader.java:119)
[30Jul2025 16:15:11.066] [main/INFO] [STDERR/]: [optifine.OptiFineTransformer:getOptiFineResourcePatched:414]: 	at cpw.mods.securejarhandler/cpw.mods.cl.ModuleClassLoader.lambda$findClass$15(ModuleClassLoader.java:219)
[30Jul2025 16:15:11.066] [main/INFO] [STDERR/]: [optifine.OptiFineTransformer:getOptiFineResourcePatched:414]: 	at cpw.mods.securejarhandler/cpw.mods.cl.ModuleClassLoader.loadFromModule(ModuleClassLoader.java:229)
[30Jul2025 16:15:11.067] [main/INFO] [STDERR/]: [optifine.OptiFineTransformer:getOptiFineResourcePatched:414]: 	at cpw.mods.securejarhandler/cpw.mods.cl.ModuleClassLoader.findClass(ModuleClassLoader.java:219)
[30Jul2025 16:15:11.067] [main/INFO] [STDERR/]: [optifine.OptiFineTransformer:getOptiFineResourcePatched:414]: 	at cpw.mods.securejarhandler/cpw.mods.cl.ModuleClassLoader.loadClass(ModuleClassLoader.java:135)
[30Jul2025 16:15:11.067] [main/INFO] [STDERR/]: [optifine.OptiFineTransformer:getOptiFineResourcePatched:414]: 	at java.base/java.lang.ClassLoader.loadClass(ClassLoader.java:525)
[30Jul2025 16:15:11.067] [main/INFO] [STDERR/]: [optifine.OptiFineTransformer:getOptiFineResourcePatched:414]: 	at java.base/java.lang.ClassLoader.defineClass1(Native Method)
[30Jul2025 16:15:11.067] [main/INFO] [STDERR/]: [optifine.OptiFineTransformer:getOptiFineResourcePatched:414]: 	at java.base/java.lang.ClassLoader.defineClass(ClassLoader.java:1017)
[30Jul2025 16:15:11.067] [main/INFO] [STDERR/]: [optifine.OptiFineTransformer:getOptiFineResourcePatched:414]: 	at cpw.mods.securejarhandler/cpw.mods.cl.ModuleClassLoader.readerToClass(ModuleClassLoader.java:119)
[30Jul2025 16:15:11.067] [main/INFO] [STDERR/]: [optifine.OptiFineTransformer:getOptiFineResourcePatched:414]: 	at cpw.mods.securejarhandler/cpw.mods.cl.ModuleClassLoader.lambda$findClass$15(ModuleClassLoader.java:219)
[30Jul2025 16:15:11.068] [main/INFO] [STDERR/]: [optifine.OptiFineTransformer:getOptiFineResourcePatched:414]: 	at cpw.mods.securejarhandler/cpw.mods.cl.ModuleClassLoader.loadFromModule(ModuleClassLoader.java:229)
[30Jul2025 16:15:11.068] [main/INFO] [STDERR/]: [optifine.OptiFineTransformer:getOptiFineResourcePatched:414]: 	at cpw.mods.securejarhandler/cpw.mods.cl.ModuleClassLoader.findClass(ModuleClassLoader.java:219)
[30Jul2025 16:15:11.068] [main/INFO] [STDERR/]: [optifine.OptiFineTransformer:getOptiFineResourcePatched:414]: 	at cpw.mods.securejarhandler/cpw.mods.cl.ModuleClassLoader.loadClass(ModuleClassLoader.java:135)
[30Jul2025 16:15:11.068] [main/INFO] [STDERR/]: [optifine.OptiFineTransformer:getOptiFineResourcePatched:414]: 	at java.base/java.lang.ClassLoader.loadClass(ClassLoader.java:525)
[30Jul2025 16:15:11.068] [main/INFO] [STDERR/]: [optifine.OptiFineTransformer:getOptiFineResourcePatched:414]: 	at java.base/java.lang.Class.getDeclaredMethods0(Native Method)
[30Jul2025 16:15:11.068] [main/INFO] [STDERR/]: [optifine.OptiFineTransformer:getOptiFineResourcePatched:414]: 	at java.base/java.lang.Class.privateGetDeclaredMethods(Class.java:3402)
[30Jul2025 16:15:11.069] [main/INFO] [STDERR/]: [optifine.OptiFineTransformer:getOptiFineResourcePatched:414]: 	at java.base/java.lang.Class.getMethodsRecursive(Class.java:3543)
[30Jul2025 16:15:11.069] [main/INFO] [STDERR/]: [optifine.OptiFineTransformer:getOptiFineResourcePatched:414]: 	at java.base/java.lang.Class.getMethod0(Class.java:3529)
[30Jul2025 16:15:11.069] [main/INFO] [STDERR/]: [optifine.OptiFineTransformer:getOptiFineResourcePatched:414]: 	at java.base/java.lang.Class.getMethod(Class.java:2225)
[30Jul2025 16:15:11.069] [main/INFO] [STDERR/]: [optifine.OptiFineTransformer:getOptiFineResourcePatched:414]: 	at MC-BOOTSTRAP/fmlloader@1.20.1-47.3.7/net.minecraftforge.fml.loading.targets.CommonLaunchHandler.runTarget(CommonLaunchHandler.java:111)
[30Jul2025 16:15:11.069] [main/INFO] [STDERR/]: [optifine.OptiFineTransformer:getOptiFineResourcePatched:414]: 	at MC-BOOTSTRAP/fmlloader@1.20.1-47.3.7/net.minecraftforge.fml.loading.targets.CommonLaunchHandler.serverService(CommonLaunchHandler.java:103)
[30Jul2025 16:15:11.069] [main/INFO] [STDERR/]: [optifine.OptiFineTransformer:getOptiFineResourcePatched:414]: 	at MC-BOOTSTRAP/fmlloader@1.20.1-47.3.7/net.minecraftforge.fml.loading.targets.CommonServerLaunchHandler.lambda$makeService$0(CommonServerLaunchHandler.java:27)
[30Jul2025 16:15:11.069] [main/INFO] [STDERR/]: [optifine.OptiFineTransformer:getOptiFineResourcePatched:414]: 	at MC-BOOTSTRAP/cpw.mods.modlauncher@10.0.9/cpw.mods.modlauncher.LaunchServiceHandlerDecorator.launch(LaunchServiceHandlerDecorator.java:30)
[30Jul2025 16:15:11.069] [main/INFO] [STDERR/]: [optifine.OptiFineTransformer:getOptiFineResourcePatched:414]: 	at MC-BOOTSTRAP/cpw.mods.modlauncher@10.0.9/cpw.mods.modlauncher.LaunchServiceHandler.launch(LaunchServiceHandler.java:53)
[30Jul2025 16:15:11.070] [main/INFO] [STDERR/]: [optifine.OptiFineTransformer:getOptiFineResourcePatched:414]: 	at MC-BOOTSTRAP/cpw.mods.modlauncher@10.0.9/cpw.mods.modlauncher.LaunchServiceHandler.launch(LaunchServiceHandler.java:71)
[30Jul2025 16:15:11.070] [main/INFO] [STDERR/]: [optifine.OptiFineTransformer:getOptiFineResourcePatched:414]: 	at MC-BOOTSTRAP/cpw.mods.modlauncher@10.0.9/cpw.mods.modlauncher.Launcher.run(Launcher.java:108)
[30Jul2025 16:15:11.070] [main/INFO] [STDERR/]: [optifine.OptiFineTransformer:getOptiFineResourcePatched:414]: 	at MC-BOOTSTRAP/cpw.mods.modlauncher@10.0.9/cpw.mods.modlauncher.Launcher.main(Launcher.java:78)
[30Jul2025 16:15:11.070] [main/INFO] [STDERR/]: [optifine.OptiFineTransformer:getOptiFineResourcePatched:414]: 	at MC-BOOTSTRAP/cpw.mods.modlauncher@10.0.9/cpw.mods.modlauncher.BootstrapLaunchConsumer.accept(BootstrapLaunchConsumer.java:26)
[30Jul2025 16:15:11.070] [main/INFO] [STDERR/]: [optifine.OptiFineTransformer:getOptiFineResourcePatched:414]: 	at MC-BOOTSTRAP/cpw.mods.modlauncher@10.0.9/cpw.mods.modlauncher.BootstrapLaunchConsumer.accept(BootstrapLaunchConsumer.java:23)
[30Jul2025 16:15:11.070] [main/INFO] [STDERR/]: [optifine.OptiFineTransformer:getOptiFineResourcePatched:414]: 	at cpw.mods.bootstraplauncher@1.1.2/cpw.mods.bootstraplauncher.BootstrapLauncher.main(BootstrapLauncher.java:141)
[30Jul2025 16:15:11.304] [main/INFO] [STDERR/]: [optifine.OptiFineTransformer:getOptiFineResourcePatched:414]: java.io.IOException: Base resource not found: acq.class
[30Jul2025 16:15:11.304] [main/INFO] [STDERR/]: [optifine.OptiFineTransformer:getOptiFineResourcePatched:414]: 	at LAYER SERVICE/optifine/optifine.Patcher.applyPatch(Patcher.java:146)
[30Jul2025 16:15:11.304] [main/INFO] [STDERR/]: [optifine.OptiFineTransformer:getOptiFineResourcePatched:414]: 	at LAYER SERVICE/optifine/optifine.OptiFineTransformer.getOptiFineResourcePatched(OptiFineTransformer.java:396)
[30Jul2025 16:15:11.304] [main/INFO] [STDERR/]: [optifine.OptiFineTransformer:getOptiFineResourcePatched:414]: 	at LAYER SERVICE/optifine/optifine.OptiFineTransformer.getOptiFineResourceStreamPatched(OptiFineTransformer.java:368)
[30Jul2025 16:15:11.304] [main/INFO] [STDERR/]: [optifine.OptiFineTransformer:getOptiFineResourcePatched:414]: 	at LAYER SERVICE/optifine/optifine.OptiFineTransformer.getOptiFineResourceStream(OptiFineTransformer.java:291)
[30Jul2025 16:15:11.305] [main/INFO] [STDERR/]: [optifine.OptiFineTransformer:getOptiFineResourcePatched:414]: 	at LAYER SERVICE/optifine/optifine.OptiFineTransformer.getOptiFineResource(OptiFineTransformer.java:260)
[30Jul2025 16:15:11.305] [main/INFO] [STDERR/]: [optifine.OptiFineTransformer:getOptiFineResourcePatched:414]: 	at LAYER SERVICE/optifine/optifine.OptiFineTransformer.transform(OptiFineTransformer.java:171)
[30Jul2025 16:15:11.305] [main/INFO] [STDERR/]: [optifine.OptiFineTransformer:getOptiFineResourcePatched:414]: 	at LAYER SERVICE/optifine/optifine.OptiFineTransformer.transform(OptiFineTransformer.java:1)
[30Jul2025 16:15:11.305] [main/INFO] [STDERR/]: [optifine.OptiFineTransformer:getOptiFineResourcePatched:414]: 	at MC-BOOTSTRAP/cpw.mods.modlauncher@10.0.9/cpw.mods.modlauncher.TransformerHolder.transform(TransformerHolder.java:41)
[30Jul2025 16:15:11.308] [main/INFO] [STDERR/]: [optifine.OptiFineTransformer:getOptiFineResourcePatched:414]: 	at MC-BOOTSTRAP/cpw.mods.modlauncher@10.0.9/cpw.mods.modlauncher.ClassTransformer.performVote(ClassTransformer.java:179)
[30Jul2025 16:15:11.308] [main/INFO] [STDERR/]: [optifine.OptiFineTransformer:getOptiFineResourcePatched:414]: 	at MC-BOOTSTRAP/cpw.mods.modlauncher@10.0.9/cpw.mods.modlauncher.ClassTransformer.transform(ClassTransformer.java:98)
[30Jul2025 16:15:11.309] [main/INFO] [STDERR/]: [optifine.OptiFineTransformer:getOptiFineResourcePatched:414]: 	at MC-BOOTSTRAP/cpw.mods.modlauncher@10.0.9/cpw.mods.modlauncher.TransformingClassLoader.maybeTransformClassBytes(TransformingClassLoader.java:50)
[30Jul2025 16:15:11.309] [main/INFO] [STDERR/]: [optifine.OptiFineTransformer:getOptiFineResourcePatched:414]: 	at cpw.mods.securejarhandler/cpw.mods.cl.ModuleClassLoader.getMaybeTransformedClassBytes(ModuleClassLoader.java:250)
[30Jul2025 16:15:11.309] [main/INFO] [STDERR/]: [optifine.OptiFineTransformer:getOptiFineResourcePatched:414]: 	at MC-BOOTSTRAP/cpw.mods.modlauncher@10.0.9/cpw.mods.modlauncher.TransformingClassLoader.buildTransformedClassNodeFor(TransformingClassLoader.java:58)
[30Jul2025 16:15:11.309] [main/INFO] [STDERR/]: [optifine.OptiFineTransformer:getOptiFineResourcePatched:414]: 	at MC-BOOTSTRAP/cpw.mods.modlauncher@10.0.9/cpw.mods.modlauncher.LaunchPluginHandler.lambda$announceLaunch$10(LaunchPluginHandler.java:100)
[30Jul2025 16:15:11.309] [main/INFO] [STDERR/]: [optifine.OptiFineTransformer:getOptiFineResourcePatched:414]: 	at MC-BOOTSTRAP/org.spongepowered.mixin/org.spongepowered.asm.launch.MixinLaunchPluginLegacy.getClassNode(MixinLaunchPluginLegacy.java:222)
[30Jul2025 16:15:11.309] [main/INFO] [STDERR/]: [optifine.OptiFineTransformer:getOptiFineResourcePatched:414]: 	at MC-BOOTSTRAP/org.spongepowered.mixin/org.spongepowered.asm.launch.MixinLaunchPluginLegacy.getClassNode(MixinLaunchPluginLegacy.java:207)
[30Jul2025 16:15:11.310] [main/INFO] [STDERR/]: [optifine.OptiFineTransformer:getOptiFineResourcePatched:414]: 	at MC-BOOTSTRAP/org.spongepowered.mixin/org.spongepowered.asm.mixin.transformer.ClassInfo.forName(ClassInfo.java:2005)
[30Jul2025 16:15:11.310] [main/INFO] [STDERR/]: [optifine.OptiFineTransformer:getOptiFineResourcePatched:414]: 	at MC-BOOTSTRAP/org.spongepowered.mixin/org.spongepowered.asm.mixin.transformer.ClassInfo.forType(ClassInfo.java:2059)
[30Jul2025 16:15:11.310] [main/INFO] [STDERR/]: [optifine.OptiFineTransformer:getOptiFineResourcePatched:414]: 	at MC-BOOTSTRAP/org.spongepowered.mixin/org.spongepowered.asm.mixin.transformer.ClassInfo.forDescriptor(ClassInfo.java:2038)
[30Jul2025 16:15:11.310] [main/INFO] [STDERR/]: [optifine.OptiFineTransformer:getOptiFineResourcePatched:414]: 	at MC-BOOTSTRAP/org.spongepowered.mixin/org.spongepowered.asm.mixin.transformer.MixinPreProcessorStandard.transformMethod(MixinPreProcessorStandard.java:752)
[30Jul2025 16:15:11.311] [main/INFO] [STDERR/]: [optifine.OptiFineTransformer:getOptiFineResourcePatched:414]: 	at MC-BOOTSTRAP/org.spongepowered.mixin/org.spongepowered.asm.mixin.transformer.MixinPreProcessorStandard.transform(MixinPreProcessorStandard.java:739)
[30Jul2025 16:15:11.311] [main/INFO] [STDERR/]: [optifine.OptiFineTransformer:getOptiFineResourcePatched:414]: 	at MC-BOOTSTRAP/org.spongepowered.mixin/org.spongepowered.asm.mixin.transformer.MixinPreProcessorStandard.attach(MixinPreProcessorStandard.java:310)
[30Jul2025 16:15:11.314] [main/INFO] [STDERR/]: [optifine.OptiFineTransformer:getOptiFineResourcePatched:414]: 	at MC-BOOTSTRAP/org.spongepowered.mixin/org.spongepowered.asm.mixin.transformer.MixinPreProcessorStandard.createContextFor(MixinPreProcessorStandard.java:280)
[30Jul2025 16:15:11.314] [main/INFO] [STDERR/]: [optifine.OptiFineTransformer:getOptiFineResourcePatched:414]: 	at MC-BOOTSTRAP/org.spongepowered.mixin/org.spongepowered.asm.mixin.transformer.MixinInfo.createContextFor(MixinInfo.java:1288)
[30Jul2025 16:15:11.315] [main/INFO] [STDERR/]: [optifine.OptiFineTransformer:getOptiFineResourcePatched:414]: 	at MC-BOOTSTRAP/org.spongepowered.mixin/org.spongepowered.asm.mixin.transformer.MixinApplicatorStandard.apply(MixinApplicatorStandard.java:292)
[30Jul2025 16:15:11.315] [main/INFO] [STDERR/]: [optifine.OptiFineTransformer:getOptiFineResourcePatched:414]: 	at MC-BOOTSTRAP/org.spongepowered.mixin/org.spongepowered.asm.mixin.transformer.TargetClassContext.apply(TargetClassContext.java:383)
[30Jul2025 16:15:11.315] [main/INFO] [STDERR/]: [optifine.OptiFineTransformer:getOptiFineResourcePatched:414]: 	at MC-BOOTSTRAP/org.spongepowered.mixin/org.spongepowered.asm.mixin.transformer.TargetClassContext.applyMixins(TargetClassContext.java:365)
[30Jul2025 16:15:11.315] [main/INFO] [STDERR/]: [optifine.OptiFineTransformer:getOptiFineResourcePatched:414]: 	at MC-BOOTSTRAP/org.spongepowered.mixin/org.spongepowered.asm.mixin.transformer.MixinProcessor.applyMixins(MixinProcessor.java:363)
[30Jul2025 16:15:11.316] [main/INFO] [STDERR/]: [optifine.OptiFineTransformer:getOptiFineResourcePatched:414]: 	at MC-BOOTSTRAP/org.spongepowered.mixin/org.spongepowered.asm.mixin.transformer.MixinTransformer.transformClass(MixinTransformer.java:250)
[30Jul2025 16:15:11.316] [main/INFO] [STDERR/]: [optifine.OptiFineTransformer:getOptiFineResourcePatched:414]: 	at MC-BOOTSTRAP/org.spongepowered.mixin/org.spongepowered.asm.service.modlauncher.MixinTransformationHandler.processClass(MixinTransformationHandler.java:131)
[30Jul2025 16:15:11.316] [main/INFO] [STDERR/]: [optifine.OptiFineTransformer:getOptiFineResourcePatched:414]: 	at MC-BOOTSTRAP/org.spongepowered.mixin/org.spongepowered.asm.launch.MixinLaunchPluginLegacy.processClass(MixinLaunchPluginLegacy.java:131)
[30Jul2025 16:15:11.316] [main/INFO] [STDERR/]: [optifine.OptiFineTransformer:getOptiFineResourcePatched:414]: 	at MC-BOOTSTRAP/cpw.mods.modlauncher@10.0.9/cpw.mods.modlauncher.serviceapi.ILaunchPluginService.processClassWithFlags(ILaunchPluginService.java:156)
[30Jul2025 16:15:11.317] [main/INFO] [STDERR/]: [optifine.OptiFineTransformer:getOptiFineResourcePatched:414]: 	at MC-BOOTSTRAP/cpw.mods.modlauncher@10.0.9/cpw.mods.modlauncher.LaunchPluginHandler.offerClassNodeToPlugins(LaunchPluginHandler.java:88)
[30Jul2025 16:15:11.317] [main/INFO] [STDERR/]: [optifine.OptiFineTransformer:getOptiFineResourcePatched:414]: 	at MC-BOOTSTRAP/cpw.mods.modlauncher@10.0.9/cpw.mods.modlauncher.ClassTransformer.transform(ClassTransformer.java:120)
[30Jul2025 16:15:11.317] [main/INFO] [STDERR/]: [optifine.OptiFineTransformer:getOptiFineResourcePatched:414]: 	at MC-BOOTSTRAP/cpw.mods.modlauncher@10.0.9/cpw.mods.modlauncher.TransformingClassLoader.maybeTransformClassBytes(TransformingClassLoader.java:50)
[30Jul2025 16:15:11.317] [main/INFO] [STDERR/]: [optifine.OptiFineTransformer:getOptiFineResourcePatched:414]: 	at cpw.mods.securejarhandler/cpw.mods.cl.ModuleClassLoader.readerToClass(ModuleClassLoader.java:113)
[30Jul2025 16:15:11.320] [main/INFO] [STDERR/]: [optifine.OptiFineTransformer:getOptiFineResourcePatched:414]: 	at cpw.mods.securejarhandler/cpw.mods.cl.ModuleClassLoader.lambda$findClass$15(ModuleClassLoader.java:219)
[30Jul2025 16:15:11.320] [main/INFO] [STDERR/]: [optifine.OptiFineTransformer:getOptiFineResourcePatched:414]: 	at cpw.mods.securejarhandler/cpw.mods.cl.ModuleClassLoader.loadFromModule(ModuleClassLoader.java:229)
[30Jul2025 16:15:11.320] [main/INFO] [STDERR/]: [optifine.OptiFineTransformer:getOptiFineResourcePatched:414]: 	at cpw.mods.securejarhandler/cpw.mods.cl.ModuleClassLoader.findClass(ModuleClassLoader.java:219)
[30Jul2025 16:15:11.321] [main/INFO] [STDERR/]: [optifine.OptiFineTransformer:getOptiFineResourcePatched:414]: 	at cpw.mods.securejarhandler/cpw.mods.cl.ModuleClassLoader.loadClass(ModuleClassLoader.java:135)
[30Jul2025 16:15:11.321] [main/INFO] [STDERR/]: [optifine.OptiFineTransformer:getOptiFineResourcePatched:414]: 	at java.base/java.lang.ClassLoader.loadClass(ClassLoader.java:525)
[30Jul2025 16:15:11.321] [main/INFO] [STDERR/]: [optifine.OptiFineTransformer:getOptiFineResourcePatched:414]: 	at TRANSFORMER/minecraft@1.20.1/net.minecraft.util.ExtraCodecs.<clinit>(ExtraCodecs.java:541)
[30Jul2025 16:15:11.321] [main/INFO] [STDERR/]: [optifine.OptiFineTransformer:getOptiFineResourcePatched:414]: 	at TRANSFORMER/minecraft@1.20.1/net.minecraft.util.StringRepresentable$EnumCodec.<init>(StringRepresentable.java:34)
[30Jul2025 16:15:11.321] [main/INFO] [STDERR/]: [optifine.OptiFineTransformer:getOptiFineResourcePatched:414]: 	at TRANSFORMER/minecraft@1.20.1/net.minecraft.util.StringRepresentable.m_274478_(StringRepresentable.java:68)
[30Jul2025 16:15:11.322] [main/INFO] [STDERR/]: [optifine.OptiFineTransformer:getOptiFineResourcePatched:414]: 	at TRANSFORMER/minecraft@1.20.1/net.minecraft.util.StringRepresentable.m_216439_(StringRepresentable.java:61)
[30Jul2025 16:15:11.322] [main/INFO] [STDERR/]: [optifine.OptiFineTransformer:getOptiFineResourcePatched:414]: 	at TRANSFORMER/minecraft@1.20.1/net.minecraft.ChatFormatting.<clinit>(ChatFormatting.java:40)
[30Jul2025 16:15:11.322] [main/INFO] [STDERR/]: [optifine.OptiFineTransformer:getOptiFineResourcePatched:414]: 	at TRANSFORMER/minecraft@1.20.1/net.minecraft.network.chat.TextColor.<clinit>(TextColor.java:26)
[30Jul2025 16:15:11.322] [main/INFO] [STDERR/]: [optifine.OptiFineTransformer:getOptiFineResourcePatched:414]: 	at TRANSFORMER/minecraft@1.20.1/net.minecraft.network.chat.Style.m_237255_(Style.java:27)
[30Jul2025 16:15:11.322] [main/INFO] [STDERR/]: [optifine.OptiFineTransformer:getOptiFineResourcePatched:414]: 	at MC-BOOTSTRAP/datafixerupper@6.0.8/com.mojang.serialization.codecs.RecordCodecBuilder.create(RecordCodecBuilder.java:72)
[30Jul2025 16:15:11.322] [main/INFO] [STDERR/]: [optifine.OptiFineTransformer:getOptiFineResourcePatched:414]: 	at TRANSFORMER/minecraft@1.20.1/net.minecraft.network.chat.Style.<clinit>(Style.java:27)
[30Jul2025 16:15:11.323] [main/INFO] [STDERR/]: [optifine.OptiFineTransformer:getOptiFineResourcePatched:414]: 	at TRANSFORMER/minecraft@1.20.1/net.minecraft.network.chat.MutableComponent.m_237204_(MutableComponent.java:29)
[30Jul2025 16:15:11.323] [main/INFO] [STDERR/]: [optifine.OptiFineTransformer:getOptiFineResourcePatched:414]: 	at TRANSFORMER/minecraft@1.20.1/net.minecraft.network.chat.Component.m_237115_(Component.java:444)
[30Jul2025 16:15:11.324] [main/INFO] [STDERR/]: [optifine.OptiFineTransformer:getOptiFineResourcePatched:414]: 	at TRANSFORMER/minecraft@1.20.1/net.minecraft.commands.BrigadierExceptions.<clinit>(BrigadierExceptions.java:24)
[30Jul2025 16:15:11.324] [main/INFO] [STDERR/]: [optifine.OptiFineTransformer:getOptiFineResourcePatched:414]: 	at TRANSFORMER/minecraft@1.20.1/net.minecraft.SharedConstants.<clinit>(SharedConstants.java:216)
[30Jul2025 16:15:11.324] [main/INFO] [STDERR/]: [optifine.OptiFineTransformer:getOptiFineResourcePatched:414]: 	at TRANSFORMER/minecraft@1.20.1/net.minecraft.server.Main.main(Main.java:69)
[30Jul2025 16:15:11.324] [main/INFO] [STDERR/]: [optifine.OptiFineTransformer:getOptiFineResourcePatched:414]: 	at java.base/jdk.internal.reflect.NativeMethodAccessorImpl.invoke0(Native Method)
[30Jul2025 16:15:11.324] [main/INFO] [STDERR/]: [optifine.OptiFineTransformer:getOptiFineResourcePatched:414]: 	at java.base/jdk.internal.reflect.NativeMethodAccessorImpl.invoke(NativeMethodAccessorImpl.java:77)
[30Jul2025 16:15:11.324] [main/INFO] [STDERR/]: [optifine.OptiFineTransformer:getOptiFineResourcePatched:414]: 	at java.base/jdk.internal.reflect.DelegatingMethodAccessorImpl.invoke(DelegatingMethodAccessorImpl.java:43)
[30Jul2025 16:15:11.325] [main/INFO] [STDERR/]: [optifine.OptiFineTransformer:getOptiFineResourcePatched:414]: 	at java.base/java.lang.reflect.Method.invoke(Method.java:569)
[30Jul2025 16:15:11.325] [main/INFO] [STDERR/]: [optifine.OptiFineTransformer:getOptiFineResourcePatched:414]: 	at MC-BOOTSTRAP/fmlloader@1.20.1-47.3.7/net.minecraftforge.fml.loading.targets.CommonLaunchHandler.runTarget(CommonLaunchHandler.java:111)
[30Jul2025 16:15:11.325] [main/INFO] [STDERR/]: [optifine.OptiFineTransformer:getOptiFineResourcePatched:414]: 	at MC-BOOTSTRAP/fmlloader@1.20.1-47.3.7/net.minecraftforge.fml.loading.targets.CommonLaunchHandler.serverService(CommonLaunchHandler.java:103)
[30Jul2025 16:15:11.325] [main/INFO] [STDERR/]: [optifine.OptiFineTransformer:getOptiFineResourcePatched:414]: 	at MC-BOOTSTRAP/fmlloader@1.20.1-47.3.7/net.minecraftforge.fml.loading.targets.CommonServerLaunchHandler.lambda$makeService$0(CommonServerLaunchHandler.java:27)
[30Jul2025 16:15:11.325] [main/INFO] [STDERR/]: [optifine.OptiFineTransformer:getOptiFineResourcePatched:414]: 	at MC-BOOTSTRAP/cpw.mods.modlauncher@10.0.9/cpw.mods.modlauncher.LaunchServiceHandlerDecorator.launch(LaunchServiceHandlerDecorator.java:30)
[30Jul2025 16:15:11.325] [main/INFO] [STDERR/]: [optifine.OptiFineTransformer:getOptiFineResourcePatched:414]: 	at MC-BOOTSTRAP/cpw.mods.modlauncher@10.0.9/cpw.mods.modlauncher.LaunchServiceHandler.launch(LaunchServiceHandler.java:53)
[30Jul2025 16:15:11.325] [main/INFO] [STDERR/]: [optifine.OptiFineTransformer:getOptiFineResourcePatched:414]: 	at MC-BOOTSTRAP/cpw.mods.modlauncher@10.0.9/cpw.mods.modlauncher.LaunchServiceHandler.launch(LaunchServiceHandler.java:71)
[30Jul2025 16:15:11.326] [main/INFO] [STDERR/]: [optifine.OptiFineTransformer:getOptiFineResourcePatched:414]: 	at MC-BOOTSTRAP/cpw.mods.modlauncher@10.0.9/cpw.mods.modlauncher.Launcher.run(Launcher.java:108)
[30Jul2025 16:15:11.326] [main/INFO] [STDERR/]: [optifine.OptiFineTransformer:getOptiFineResourcePatched:414]: 	at MC-BOOTSTRAP/cpw.mods.modlauncher@10.0.9/cpw.mods.modlauncher.Launcher.main(Launcher.java:78)
[30Jul2025 16:15:11.331] [main/INFO] [STDERR/]: [optifine.OptiFineTransformer:getOptiFineResourcePatched:414]: 	at MC-BOOTSTRAP/cpw.mods.modlauncher@10.0.9/cpw.mods.modlauncher.BootstrapLaunchConsumer.accept(BootstrapLaunchConsumer.java:26)
[30Jul2025 16:15:11.331] [main/INFO] [STDERR/]: [optifine.OptiFineTransformer:getOptiFineResourcePatched:414]: 	at MC-BOOTSTRAP/cpw.mods.modlauncher@10.0.9/cpw.mods.modlauncher.BootstrapLaunchConsumer.accept(BootstrapLaunchConsumer.java:23)
[30Jul2025 16:15:11.332] [main/INFO] [STDERR/]: [optifine.OptiFineTransformer:getOptiFineResourcePatched:414]: 	at cpw.mods.bootstraplauncher@1.1.2/cpw.mods.bootstraplauncher.BootstrapLauncher.main(BootstrapLauncher.java:141)
[30Jul2025 16:15:11.367] [main/INFO] [STDERR/]: [optifine.OptiFineTransformer:getOptiFineResourcePatched:414]: java.io.IOException: Base resource not found: acq.class
[30Jul2025 16:15:11.368] [main/INFO] [STDERR/]: [optifine.OptiFineTransformer:getOptiFineResourcePatched:414]: 	at LAYER SERVICE/optifine/optifine.Patcher.applyPatch(Patcher.java:146)
[30Jul2025 16:15:11.368] [main/INFO] [STDERR/]: [optifine.OptiFineTransformer:getOptiFineResourcePatched:414]: 	at LAYER SERVICE/optifine/optifine.OptiFineTransformer.getOptiFineResourcePatched(OptiFineTransformer.java:396)
[30Jul2025 16:15:11.368] [main/INFO] [STDERR/]: [optifine.OptiFineTransformer:getOptiFineResourcePatched:414]: 	at LAYER SERVICE/optifine/optifine.OptiFineTransformer.getOptiFineResourceStreamPatched(OptiFineTransformer.java:368)
[30Jul2025 16:15:11.368] [main/INFO] [STDERR/]: [optifine.OptiFineTransformer:getOptiFineResourcePatched:414]: 	at LAYER SERVICE/optifine/optifine.OptiFineTransformer.getOptiFineResourceStream(OptiFineTransformer.java:291)
[30Jul2025 16:15:11.369] [main/INFO] [STDERR/]: [optifine.OptiFineTransformer:getOptiFineResourcePatched:414]: 	at LAYER SERVICE/optifine/optifine.OptiFineTransformer.getOptiFineResource(OptiFineTransformer.java:260)
[30Jul2025 16:15:11.369] [main/INFO] [STDERR/]: [optifine.OptiFineTransformer:getOptiFineResourcePatched:414]: 	at LAYER SERVICE/optifine/optifine.OptiFineTransformer.transform(OptiFineTransformer.java:171)
[30Jul2025 16:15:11.369] [main/INFO] [STDERR/]: [optifine.OptiFineTransformer:getOptiFineResourcePatched:414]: 	at LAYER SERVICE/optifine/optifine.OptiFineTransformer.transform(OptiFineTransformer.java:1)
[30Jul2025 16:15:11.369] [main/INFO] [STDERR/]: [optifine.OptiFineTransformer:getOptiFineResourcePatched:414]: 	at MC-BOOTSTRAP/cpw.mods.modlauncher@10.0.9/cpw.mods.modlauncher.TransformerHolder.transform(TransformerHolder.java:41)
[30Jul2025 16:15:11.369] [main/INFO] [STDERR/]: [optifine.OptiFineTransformer:getOptiFineResourcePatched:414]: 	at MC-BOOTSTRAP/cpw.mods.modlauncher@10.0.9/cpw.mods.modlauncher.ClassTransformer.performVote(ClassTransformer.java:179)
[30Jul2025 16:15:11.370] [main/INFO] [STDERR/]: [optifine.OptiFineTransformer:getOptiFineResourcePatched:414]: 	at MC-BOOTSTRAP/cpw.mods.modlauncher@10.0.9/cpw.mods.modlauncher.ClassTransformer.transform(ClassTransformer.java:98)
[30Jul2025 16:15:11.370] [main/INFO] [STDERR/]: [optifine.OptiFineTransformer:getOptiFineResourcePatched:414]: 	at MC-BOOTSTRAP/cpw.mods.modlauncher@10.0.9/cpw.mods.modlauncher.TransformingClassLoader.maybeTransformClassBytes(TransformingClassLoader.java:50)
[30Jul2025 16:15:11.371] [main/INFO] [STDERR/]: [optifine.OptiFineTransformer:getOptiFineResourcePatched:414]: 	at cpw.mods.securejarhandler/cpw.mods.cl.ModuleClassLoader.readerToClass(ModuleClassLoader.java:113)
[30Jul2025 16:15:11.371] [main/INFO] [STDERR/]: [optifine.OptiFineTransformer:getOptiFineResourcePatched:414]: 	at cpw.mods.securejarhandler/cpw.mods.cl.ModuleClassLoader.lambda$findClass$15(ModuleClassLoader.java:219)
[30Jul2025 16:15:11.371] [main/INFO] [STDERR/]: [optifine.OptiFineTransformer:getOptiFineResourcePatched:414]: 	at cpw.mods.securejarhandler/cpw.mods.cl.ModuleClassLoader.loadFromModule(ModuleClassLoader.java:229)
[30Jul2025 16:15:11.371] [main/INFO] [STDERR/]: [optifine.OptiFineTransformer:getOptiFineResourcePatched:414]: 	at cpw.mods.securejarhandler/cpw.mods.cl.ModuleClassLoader.findClass(ModuleClassLoader.java:219)
[30Jul2025 16:15:11.371] [main/INFO] [STDERR/]: [optifine.OptiFineTransformer:getOptiFineResourcePatched:414]: 	at cpw.mods.securejarhandler/cpw.mods.cl.ModuleClassLoader.loadClass(ModuleClassLoader.java:135)
[30Jul2025 16:15:11.371] [main/INFO] [STDERR/]: [optifine.OptiFineTransformer:getOptiFineResourcePatched:414]: 	at java.base/java.lang.ClassLoader.loadClass(ClassLoader.java:525)
[30Jul2025 16:15:11.371] [main/INFO] [STDERR/]: [optifine.OptiFineTransformer:getOptiFineResourcePatched:414]: 	at TRANSFORMER/minecraft@1.20.1/net.minecraft.network.chat.Style.m_237255_(Style.java:34)
[30Jul2025 16:15:11.372] [main/INFO] [STDERR/]: [optifine.OptiFineTransformer:getOptiFineResourcePatched:414]: 	at MC-BOOTSTRAP/datafixerupper@6.0.8/com.mojang.serialization.codecs.RecordCodecBuilder.create(RecordCodecBuilder.java:72)
[30Jul2025 16:15:11.372] [main/INFO] [STDERR/]: [optifine.OptiFineTransformer:getOptiFineResourcePatched:414]: 	at TRANSFORMER/minecraft@1.20.1/net.minecraft.network.chat.Style.<clinit>(Style.java:27)
[30Jul2025 16:15:11.372] [main/INFO] [STDERR/]: [optifine.OptiFineTransformer:getOptiFineResourcePatched:414]: 	at TRANSFORMER/minecraft@1.20.1/net.minecraft.network.chat.MutableComponent.m_237204_(MutableComponent.java:29)
[30Jul2025 16:15:11.372] [main/INFO] [STDERR/]: [optifine.OptiFineTransformer:getOptiFineResourcePatched:414]: 	at TRANSFORMER/minecraft@1.20.1/net.minecraft.network.chat.Component.m_237115_(Component.java:444)
[30Jul2025 16:15:11.372] [main/INFO] [STDERR/]: [optifine.OptiFineTransformer:getOptiFineResourcePatched:414]: 	at TRANSFORMER/minecraft@1.20.1/net.minecraft.commands.BrigadierExceptions.<clinit>(BrigadierExceptions.java:24)
[30Jul2025 16:15:11.372] [main/INFO] [STDERR/]: [optifine.OptiFineTransformer:getOptiFineResourcePatched:414]: 	at TRANSFORMER/minecraft@1.20.1/net.minecraft.SharedConstants.<clinit>(SharedConstants.java:216)
[30Jul2025 16:15:11.372] [main/INFO] [STDERR/]: [optifine.OptiFineTransformer:getOptiFineResourcePatched:414]: 	at TRANSFORMER/minecraft@1.20.1/net.minecraft.server.Main.main(Main.java:69)
[30Jul2025 16:15:11.372] [main/INFO] [STDERR/]: [optifine.OptiFineTransformer:getOptiFineResourcePatched:414]: 	at java.base/jdk.internal.reflect.NativeMethodAccessorImpl.invoke0(Native Method)
[30Jul2025 16:15:11.372] [main/INFO] [STDERR/]: [optifine.OptiFineTransformer:getOptiFineResourcePatched:414]: 	at java.base/jdk.internal.reflect.NativeMethodAccessorImpl.invoke(NativeMethodAccessorImpl.java:77)
[30Jul2025 16:15:11.372] [main/INFO] [STDERR/]: [optifine.OptiFineTransformer:getOptiFineResourcePatched:414]: 	at java.base/jdk.internal.reflect.DelegatingMethodAccessorImpl.invoke(DelegatingMethodAccessorImpl.java:43)
[30Jul2025 16:15:11.373] [main/INFO] [STDERR/]: [optifine.OptiFineTransformer:getOptiFineResourcePatched:414]: 	at java.base/java.lang.reflect.Method.invoke(Method.java:569)
[30Jul2025 16:15:11.373] [main/INFO] [STDERR/]: [optifine.OptiFineTransformer:getOptiFineResourcePatched:414]: 	at MC-BOOTSTRAP/fmlloader@1.20.1-47.3.7/net.minecraftforge.fml.loading.targets.CommonLaunchHandler.runTarget(CommonLaunchHandler.java:111)
[30Jul2025 16:15:11.373] [main/INFO] [STDERR/]: [optifine.OptiFineTransformer:getOptiFineResourcePatched:414]: 	at MC-BOOTSTRAP/fmlloader@1.20.1-47.3.7/net.minecraftforge.fml.loading.targets.CommonLaunchHandler.serverService(CommonLaunchHandler.java:103)
[30Jul2025 16:15:11.373] [main/INFO] [STDERR/]: [optifine.OptiFineTransformer:getOptiFineResourcePatched:414]: 	at MC-BOOTSTRAP/fmlloader@1.20.1-47.3.7/net.minecraftforge.fml.loading.targets.CommonServerLaunchHandler.lambda$makeService$0(CommonServerLaunchHandler.java:27)
[30Jul2025 16:15:11.373] [main/INFO] [STDERR/]: [optifine.OptiFineTransformer:getOptiFineResourcePatched:414]: 	at MC-BOOTSTRAP/cpw.mods.modlauncher@10.0.9/cpw.mods.modlauncher.LaunchServiceHandlerDecorator.launch(LaunchServiceHandlerDecorator.java:30)
[30Jul2025 16:15:11.373] [main/INFO] [STDERR/]: [optifine.OptiFineTransformer:getOptiFineResourcePatched:414]: 	at MC-BOOTSTRAP/cpw.mods.modlauncher@10.0.9/cpw.mods.modlauncher.LaunchServiceHandler.launch(LaunchServiceHandler.java:53)
[30Jul2025 16:15:11.373] [main/INFO] [STDERR/]: [optifine.OptiFineTransformer:getOptiFineResourcePatched:414]: 	at MC-BOOTSTRAP/cpw.mods.modlauncher@10.0.9/cpw.mods.modlauncher.LaunchServiceHandler.launch(LaunchServiceHandler.java:71)
[30Jul2025 16:15:11.373] [main/INFO] [STDERR/]: [optifine.OptiFineTransformer:getOptiFineResourcePatched:414]: 	at MC-BOOTSTRAP/cpw.mods.modlauncher@10.0.9/cpw.mods.modlauncher.Launcher.run(Launcher.java:108)
[30Jul2025 16:15:11.374] [main/INFO] [STDERR/]: [optifine.OptiFineTransformer:getOptiFineResourcePatched:414]: 	at MC-BOOTSTRAP/cpw.mods.modlauncher@10.0.9/cpw.mods.modlauncher.Launcher.main(Launcher.java:78)
[30Jul2025 16:15:11.374] [main/INFO] [STDERR/]: [optifine.OptiFineTransformer:getOptiFineResourcePatched:414]: 	at MC-BOOTSTRAP/cpw.mods.modlauncher@10.0.9/cpw.mods.modlauncher.BootstrapLaunchConsumer.accept(BootstrapLaunchConsumer.java:26)
[30Jul2025 16:15:11.374] [main/INFO] [STDERR/]: [optifine.OptiFineTransformer:getOptiFineResourcePatched:414]: 	at MC-BOOTSTRAP/cpw.mods.modlauncher@10.0.9/cpw.mods.modlauncher.BootstrapLaunchConsumer.accept(BootstrapLaunchConsumer.java:23)
[30Jul2025 16:15:11.374] [main/INFO] [STDERR/]: [optifine.OptiFineTransformer:getOptiFineResourcePatched:414]: 	at cpw.mods.bootstraplauncher@1.1.2/cpw.mods.bootstraplauncher.BootstrapLauncher.main(BootstrapLauncher.java:141)
[30Jul2025 16:15:11.407] [main/INFO] [STDERR/]: [optifine.OptiFineTransformer:getOptiFineResourcePatched:414]: java.io.IOException: Base resource not found: o.class
[30Jul2025 16:15:11.409] [main/INFO] [STDERR/]: [optifine.OptiFineTransformer:getOptiFineResourcePatched:414]: 	at LAYER SERVICE/optifine/optifine.Patcher.applyPatch(Patcher.java:146)
[30Jul2025 16:15:11.409] [main/INFO] [STDERR/]: [optifine.OptiFineTransformer:getOptiFineResourcePatched:414]: 	at LAYER SERVICE/optifine/optifine.OptiFineTransformer.getOptiFineResourcePatched(OptiFineTransformer.java:396)
[30Jul2025 16:15:11.409] [main/INFO] [STDERR/]: [optifine.OptiFineTransformer:getOptiFineResourcePatched:414]: 	at LAYER SERVICE/optifine/optifine.OptiFineTransformer.getOptiFineResourceStreamPatched(OptiFineTransformer.java:368)
[30Jul2025 16:15:11.410] [main/INFO] [STDERR/]: [optifine.OptiFineTransformer:getOptiFineResourcePatched:414]: 	at LAYER SERVICE/optifine/optifine.OptiFineTransformer.getOptiFineResourceStream(OptiFineTransformer.java:291)
[30Jul2025 16:15:11.410] [main/INFO] [STDERR/]: [optifine.OptiFineTransformer:getOptiFineResourcePatched:414]: 	at LAYER SERVICE/optifine/optifine.OptiFineTransformer.getOptiFineResource(OptiFineTransformer.java:260)
[30Jul2025 16:15:11.410] [main/INFO] [STDERR/]: [optifine.OptiFineTransformer:getOptiFineResourcePatched:414]: 	at LAYER SERVICE/optifine/optifine.OptiFineTransformer.transform(OptiFineTransformer.java:171)
[30Jul2025 16:15:11.410] [main/INFO] [STDERR/]: [optifine.OptiFineTransformer:getOptiFineResourcePatched:414]: 	at LAYER SERVICE/optifine/optifine.OptiFineTransformer.transform(OptiFineTransformer.java:1)
[30Jul2025 16:15:11.411] [main/INFO] [STDERR/]: [optifine.OptiFineTransformer:getOptiFineResourcePatched:414]: 	at MC-BOOTSTRAP/cpw.mods.modlauncher@10.0.9/cpw.mods.modlauncher.TransformerHolder.transform(TransformerHolder.java:41)
[30Jul2025 16:15:11.411] [main/INFO] [STDERR/]: [optifine.OptiFineTransformer:getOptiFineResourcePatched:414]: 	at MC-BOOTSTRAP/cpw.mods.modlauncher@10.0.9/cpw.mods.modlauncher.ClassTransformer.performVote(ClassTransformer.java:179)
[30Jul2025 16:15:11.412] [main/INFO] [STDERR/]: [optifine.OptiFineTransformer:getOptiFineResourcePatched:414]: 	at MC-BOOTSTRAP/cpw.mods.modlauncher@10.0.9/cpw.mods.modlauncher.ClassTransformer.transform(ClassTransformer.java:98)
[30Jul2025 16:15:11.414] [main/INFO] [STDERR/]: [optifine.OptiFineTransformer:getOptiFineResourcePatched:414]: 	at MC-BOOTSTRAP/cpw.mods.modlauncher@10.0.9/cpw.mods.modlauncher.TransformingClassLoader.maybeTransformClassBytes(TransformingClassLoader.java:50)
[30Jul2025 16:15:11.414] [main/INFO] [STDERR/]: [optifine.OptiFineTransformer:getOptiFineResourcePatched:414]: 	at cpw.mods.securejarhandler/cpw.mods.cl.ModuleClassLoader.readerToClass(ModuleClassLoader.java:113)
[30Jul2025 16:15:11.414] [main/INFO] [STDERR/]: [optifine.OptiFineTransformer:getOptiFineResourcePatched:414]: 	at cpw.mods.securejarhandler/cpw.mods.cl.ModuleClassLoader.lambda$findClass$15(ModuleClassLoader.java:219)
[30Jul2025 16:15:11.414] [main/INFO] [STDERR/]: [optifine.OptiFineTransformer:getOptiFineResourcePatched:414]: 	at cpw.mods.securejarhandler/cpw.mods.cl.ModuleClassLoader.loadFromModule(ModuleClassLoader.java:229)
[30Jul2025 16:15:11.415] [main/INFO] [STDERR/]: [optifine.OptiFineTransformer:getOptiFineResourcePatched:414]: 	at cpw.mods.securejarhandler/cpw.mods.cl.ModuleClassLoader.findClass(ModuleClassLoader.java:219)
[30Jul2025 16:15:11.415] [main/INFO] [STDERR/]: [optifine.OptiFineTransformer:getOptiFineResourcePatched:414]: 	at cpw.mods.securejarhandler/cpw.mods.cl.ModuleClassLoader.loadClass(ModuleClassLoader.java:135)
[30Jul2025 16:15:11.415] [main/INFO] [STDERR/]: [optifine.OptiFineTransformer:getOptiFineResourcePatched:414]: 	at java.base/java.lang.ClassLoader.loadClass(ClassLoader.java:525)
[30Jul2025 16:15:11.415] [main/INFO] [STDERR/]: [optifine.OptiFineTransformer:getOptiFineResourcePatched:414]: 	at TRANSFORMER/minecraft@1.20.1/net.minecraft.server.Main.main(Main.java:116)
[30Jul2025 16:15:11.415] [main/INFO] [STDERR/]: [optifine.OptiFineTransformer:getOptiFineResourcePatched:414]: 	at java.base/jdk.internal.reflect.NativeMethodAccessorImpl.invoke0(Native Method)
[30Jul2025 16:15:11.415] [main/INFO] [STDERR/]: [optifine.OptiFineTransformer:getOptiFineResourcePatched:414]: 	at java.base/jdk.internal.reflect.NativeMethodAccessorImpl.invoke(NativeMethodAccessorImpl.java:77)
[30Jul2025 16:15:11.415] [main/INFO] [STDERR/]: [optifine.OptiFineTransformer:getOptiFineResourcePatched:414]: 	at java.base/jdk.internal.reflect.DelegatingMethodAccessorImpl.invoke(DelegatingMethodAccessorImpl.java:43)
[30Jul2025 16:15:11.416] [main/INFO] [STDERR/]: [optifine.OptiFineTransformer:getOptiFineResourcePatched:414]: 	at java.base/java.lang.reflect.Method.invoke(Method.java:569)
[30Jul2025 16:15:11.416] [main/INFO] [STDERR/]: [optifine.OptiFineTransformer:getOptiFineResourcePatched:414]: 	at MC-BOOTSTRAP/fmlloader@1.20.1-47.3.7/net.minecraftforge.fml.loading.targets.CommonLaunchHandler.runTarget(CommonLaunchHandler.java:111)
[30Jul2025 16:15:11.416] [main/INFO] [STDERR/]: [optifine.OptiFineTransformer:getOptiFineResourcePatched:414]: 	at MC-BOOTSTRAP/fmlloader@1.20.1-47.3.7/net.minecraftforge.fml.loading.targets.CommonLaunchHandler.serverService(CommonLaunchHandler.java:103)
[30Jul2025 16:15:11.416] [main/INFO] [STDERR/]: [optifine.OptiFineTransformer:getOptiFineResourcePatched:414]: 	at MC-BOOTSTRAP/fmlloader@1.20.1-47.3.7/net.minecraftforge.fml.loading.targets.CommonServerLaunchHandler.lambda$makeService$0(CommonServerLaunchHandler.java:27)
[30Jul2025 16:15:11.419] [main/INFO] [STDERR/]: [optifine.OptiFineTransformer:getOptiFineResourcePatched:414]: 	at MC-BOOTSTRAP/cpw.mods.modlauncher@10.0.9/cpw.mods.modlauncher.LaunchServiceHandlerDecorator.launch(LaunchServiceHandlerDecorator.java:30)
[30Jul2025 16:15:11.419] [main/INFO] [STDERR/]: [optifine.OptiFineTransformer:getOptiFineResourcePatched:414]: 	at MC-BOOTSTRAP/cpw.mods.modlauncher@10.0.9/cpw.mods.modlauncher.LaunchServiceHandler.launch(LaunchServiceHandler.java:53)
[30Jul2025 16:15:11.419] [main/INFO] [STDERR/]: [optifine.OptiFineTransformer:getOptiFineResourcePatched:414]: 	at MC-BOOTSTRAP/cpw.mods.modlauncher@10.0.9/cpw.mods.modlauncher.LaunchServiceHandler.launch(LaunchServiceHandler.java:71)
[30Jul2025 16:15:11.419] [main/INFO] [STDERR/]: [optifine.OptiFineTransformer:getOptiFineResourcePatched:414]: 	at MC-BOOTSTRAP/cpw.mods.modlauncher@10.0.9/cpw.mods.modlauncher.Launcher.run(Launcher.java:108)
[30Jul2025 16:15:11.419] [main/INFO] [STDERR/]: [optifine.OptiFineTransformer:getOptiFineResourcePatched:414]: 	at MC-BOOTSTRAP/cpw.mods.modlauncher@10.0.9/cpw.mods.modlauncher.Launcher.main(Launcher.java:78)
[30Jul2025 16:15:11.419] [main/INFO] [STDERR/]: [optifine.OptiFineTransformer:getOptiFineResourcePatched:414]: 	at MC-BOOTSTRAP/cpw.mods.modlauncher@10.0.9/cpw.mods.modlauncher.BootstrapLaunchConsumer.accept(BootstrapLaunchConsumer.java:26)
[30Jul2025 16:15:11.419] [main/INFO] [STDERR/]: [optifine.OptiFineTransformer:getOptiFineResourcePatched:414]: 	at MC-BOOTSTRAP/cpw.mods.modlauncher@10.0.9/cpw.mods.modlauncher.BootstrapLaunchConsumer.accept(BootstrapLaunchConsumer.java:23)
[30Jul2025 16:15:11.419] [main/INFO] [STDERR/]: [optifine.OptiFineTransformer:getOptiFineResourcePatched:414]: 	at cpw.mods.bootstraplauncher@1.1.2/cpw.mods.bootstraplauncher.BootstrapLauncher.main(BootstrapLauncher.java:141)
[30Jul2025 16:15:11.622] [main/INFO] [STDERR/]: [optifine.OptiFineTransformer:getOptiFineResourcePatched:414]: java.io.IOException: Base resource not found: ac.class
[30Jul2025 16:15:11.622] [main/INFO] [STDERR/]: [optifine.OptiFineTransformer:getOptiFineResourcePatched:414]: 	at LAYER SERVICE/optifine/optifine.Patcher.applyPatch(Patcher.java:146)
[30Jul2025 16:15:11.622] [main/INFO] [STDERR/]: [optifine.OptiFineTransformer:getOptiFineResourcePatched:414]: 	at LAYER SERVICE/optifine/optifine.OptiFineTransformer.getOptiFineResourcePatched(OptiFineTransformer.java:396)
[30Jul2025 16:15:11.622] [main/INFO] [STDERR/]: [optifine.OptiFineTransformer:getOptiFineResourcePatched:414]: 	at LAYER SERVICE/optifine/optifine.OptiFineTransformer.getOptiFineResourceStreamPatched(OptiFineTransformer.java:368)
[30Jul2025 16:15:11.622] [main/INFO] [STDERR/]: [optifine.OptiFineTransformer:getOptiFineResourcePatched:414]: 	at LAYER SERVICE/optifine/optifine.OptiFineTransformer.getOptiFineResourceStream(OptiFineTransformer.java:291)
[30Jul2025 16:15:11.623] [main/INFO] [STDERR/]: [optifine.OptiFineTransformer:getOptiFineResourcePatched:414]: 	at LAYER SERVICE/optifine/optifine.OptiFineTransformer.getOptiFineResource(OptiFineTransformer.java:260)
[30Jul2025 16:15:11.623] [main/INFO] [STDERR/]: [optifine.OptiFineTransformer:getOptiFineResourcePatched:414]: 	at LAYER SERVICE/optifine/optifine.OptiFineTransformer.transform(OptiFineTransformer.java:171)
[30Jul2025 16:15:11.623] [main/INFO] [STDERR/]: [optifine.OptiFineTransformer:getOptiFineResourcePatched:414]: 	at LAYER SERVICE/optifine/optifine.OptiFineTransformer.transform(OptiFineTransformer.java:1)
[30Jul2025 16:15:11.623] [main/INFO] [STDERR/]: [optifine.OptiFineTransformer:getOptiFineResourcePatched:414]: 	at MC-BOOTSTRAP/cpw.mods.modlauncher@10.0.9/cpw.mods.modlauncher.TransformerHolder.transform(TransformerHolder.java:41)
[30Jul2025 16:15:11.624] [main/INFO] [STDERR/]: [optifine.OptiFineTransformer:getOptiFineResourcePatched:414]: 	at MC-BOOTSTRAP/cpw.mods.modlauncher@10.0.9/cpw.mods.modlauncher.ClassTransformer.performVote(ClassTransformer.java:179)
[30Jul2025 16:15:11.624] [main/INFO] [STDERR/]: [optifine.OptiFineTransformer:getOptiFineResourcePatched:414]: 	at MC-BOOTSTRAP/cpw.mods.modlauncher@10.0.9/cpw.mods.modlauncher.ClassTransformer.transform(ClassTransformer.java:98)
[30Jul2025 16:15:11.624] [main/INFO] [STDERR/]: [optifine.OptiFineTransformer:getOptiFineResourcePatched:414]: 	at MC-BOOTSTRAP/cpw.mods.modlauncher@10.0.9/cpw.mods.modlauncher.TransformingClassLoader.maybeTransformClassBytes(TransformingClassLoader.java:50)
[30Jul2025 16:15:11.625] [main/INFO] [STDERR/]: [optifine.OptiFineTransformer:getOptiFineResourcePatched:414]: 	at cpw.mods.securejarhandler/cpw.mods.cl.ModuleClassLoader.readerToClass(ModuleClassLoader.java:113)
[30Jul2025 16:15:11.625] [main/INFO] [STDERR/]: [optifine.OptiFineTransformer:getOptiFineResourcePatched:414]: 	at cpw.mods.securejarhandler/cpw.mods.cl.ModuleClassLoader.lambda$findClass$15(ModuleClassLoader.java:219)
[30Jul2025 16:15:11.625] [main/INFO] [STDERR/]: [optifine.OptiFineTransformer:getOptiFineResourcePatched:414]: 	at cpw.mods.securejarhandler/cpw.mods.cl.ModuleClassLoader.loadFromModule(ModuleClassLoader.java:229)
[30Jul2025 16:15:11.626] [main/INFO] [STDERR/]: [optifine.OptiFineTransformer:getOptiFineResourcePatched:414]: 	at cpw.mods.securejarhandler/cpw.mods.cl.ModuleClassLoader.findClass(ModuleClassLoader.java:219)
[30Jul2025 16:15:11.626] [main/INFO] [STDERR/]: [optifine.OptiFineTransformer:getOptiFineResourcePatched:414]: 	at cpw.mods.securejarhandler/cpw.mods.cl.ModuleClassLoader.loadClass(ModuleClassLoader.java:135)
[30Jul2025 16:15:11.626] [main/INFO] [STDERR/]: [optifine.OptiFineTransformer:getOptiFineResourcePatched:414]: 	at java.base/java.lang.ClassLoader.loadClass(ClassLoader.java:525)
[30Jul2025 16:15:11.627] [main/INFO] [STDERR/]: [optifine.OptiFineTransformer:getOptiFineResourcePatched:414]: 	at TRANSFORMER/minecraft@1.20.1/net.minecraft.SystemReport.m_241713_(SystemReport.java:55)
[30Jul2025 16:15:11.627] [main/INFO] [STDERR/]: [optifine.OptiFineTransformer:getOptiFineResourcePatched:414]: 	at TRANSFORMER/minecraft@1.20.1/net.minecraft.SystemReport.m_143522_(SystemReport.java:66)
[30Jul2025 16:15:11.628] [main/INFO] [STDERR/]: [optifine.OptiFineTransformer:getOptiFineResourcePatched:414]: 	at TRANSFORMER/minecraft@1.20.1/net.minecraft.SystemReport.<init>(SystemReport.java:54)
[30Jul2025 16:15:11.628] [main/INFO] [STDERR/]: [optifine.OptiFineTransformer:getOptiFineResourcePatched:414]: 	at TRANSFORMER/minecraft@1.20.1/net.minecraft.CrashReport.<init>(CrashReport.java:31)
[30Jul2025 16:15:11.628] [main/INFO] [STDERR/]: [optifine.OptiFineTransformer:getOptiFineResourcePatched:414]: 	at TRANSFORMER/minecraft@1.20.1/net.minecraft.CrashReport.m_127529_(CrashReport.java:216)
[30Jul2025 16:15:11.629] [main/INFO] [STDERR/]: [optifine.OptiFineTransformer:getOptiFineResourcePatched:414]: 	at TRANSFORMER/minecraft@1.20.1/net.minecraft.server.Main.main(Main.java:116)
[30Jul2025 16:15:11.629] [main/INFO] [STDERR/]: [optifine.OptiFineTransformer:getOptiFineResourcePatched:414]: 	at java.base/jdk.internal.reflect.NativeMethodAccessorImpl.invoke0(Native Method)
[30Jul2025 16:15:11.629] [main/INFO] [STDERR/]: [optifine.OptiFineTransformer:getOptiFineResourcePatched:414]: 	at java.base/jdk.internal.reflect.NativeMethodAccessorImpl.invoke(NativeMethodAccessorImpl.java:77)
[30Jul2025 16:15:11.629] [main/INFO] [STDERR/]: [optifine.OptiFineTransformer:getOptiFineResourcePatched:414]: 	at java.base/jdk.internal.reflect.DelegatingMethodAccessorImpl.invoke(DelegatingMethodAccessorImpl.java:43)
[30Jul2025 16:15:11.629] [main/INFO] [STDERR/]: [optifine.OptiFineTransformer:getOptiFineResourcePatched:414]: 	at java.base/java.lang.reflect.Method.invoke(Method.java:569)
[30Jul2025 16:15:11.629] [main/INFO] [STDERR/]: [optifine.OptiFineTransformer:getOptiFineResourcePatched:414]: 	at MC-BOOTSTRAP/fmlloader@1.20.1-47.3.7/net.minecraftforge.fml.loading.targets.CommonLaunchHandler.runTarget(CommonLaunchHandler.java:111)
[30Jul2025 16:15:11.629] [main/INFO] [STDERR/]: [optifine.OptiFineTransformer:getOptiFineResourcePatched:414]: 	at MC-BOOTSTRAP/fmlloader@1.20.1-47.3.7/net.minecraftforge.fml.loading.targets.CommonLaunchHandler.serverService(CommonLaunchHandler.java:103)
[30Jul2025 16:15:11.630] [main/INFO] [STDERR/]: [optifine.OptiFineTransformer:getOptiFineResourcePatched:414]: 	at MC-BOOTSTRAP/fmlloader@1.20.1-47.3.7/net.minecraftforge.fml.loading.targets.CommonServerLaunchHandler.lambda$makeService$0(CommonServerLaunchHandler.java:27)
[30Jul2025 16:15:11.630] [main/INFO] [STDERR/]: [optifine.OptiFineTransformer:getOptiFineResourcePatched:414]: 	at MC-BOOTSTRAP/cpw.mods.modlauncher@10.0.9/cpw.mods.modlauncher.LaunchServiceHandlerDecorator.launch(LaunchServiceHandlerDecorator.java:30)
[30Jul2025 16:15:11.630] [main/INFO] [STDERR/]: [optifine.OptiFineTransformer:getOptiFineResourcePatched:414]: 	at MC-BOOTSTRAP/cpw.mods.modlauncher@10.0.9/cpw.mods.modlauncher.LaunchServiceHandler.launch(LaunchServiceHandler.java:53)
[30Jul2025 16:15:11.630] [main/INFO] [STDERR/]: [optifine.OptiFineTransformer:getOptiFineResourcePatched:414]: 	at MC-BOOTSTRAP/cpw.mods.modlauncher@10.0.9/cpw.mods.modlauncher.LaunchServiceHandler.launch(LaunchServiceHandler.java:71)
[30Jul2025 16:15:11.630] [main/INFO] [STDERR/]: [optifine.OptiFineTransformer:getOptiFineResourcePatched:414]: 	at MC-BOOTSTRAP/cpw.mods.modlauncher@10.0.9/cpw.mods.modlauncher.Launcher.run(Launcher.java:108)
[30Jul2025 16:15:11.630] [main/INFO] [STDERR/]: [optifine.OptiFineTransformer:getOptiFineResourcePatched:414]: 	at MC-BOOTSTRAP/cpw.mods.modlauncher@10.0.9/cpw.mods.modlauncher.Launcher.main(Launcher.java:78)
[30Jul2025 16:15:11.630] [main/INFO] [STDERR/]: [optifine.OptiFineTransformer:getOptiFineResourcePatched:414]: 	at MC-BOOTSTRAP/cpw.mods.modlauncher@10.0.9/cpw.mods.modlauncher.BootstrapLaunchConsumer.accept(BootstrapLaunchConsumer.java:26)
[30Jul2025 16:15:11.630] [main/INFO] [STDERR/]: [optifine.OptiFineTransformer:getOptiFineResourcePatched:414]: 	at MC-BOOTSTRAP/cpw.mods.modlauncher@10.0.9/cpw.mods.modlauncher.BootstrapLaunchConsumer.accept(BootstrapLaunchConsumer.java:23)
[30Jul2025 16:15:11.631] [main/INFO] [STDERR/]: [optifine.OptiFineTransformer:getOptiFineResourcePatched:414]: 	at cpw.mods.bootstraplauncher@1.1.2/cpw.mods.bootstraplauncher.BootstrapLauncher.main(BootstrapLauncher.java:141)
[30Jul2025 16:15:11.649] [main/INFO] [STDERR/]: [optifine.OptiFineTransformer:getOptiFineResourcePatched:414]: java.io.IOException: Base resource not found: ac$1.class
[30Jul2025 16:15:11.649] [main/INFO] [STDERR/]: [optifine.OptiFineTransformer:getOptiFineResourcePatched:414]: 	at LAYER SERVICE/optifine/optifine.Patcher.applyPatch(Patcher.java:146)
[30Jul2025 16:15:11.649] [main/INFO] [STDERR/]: [optifine.OptiFineTransformer:getOptiFineResourcePatched:414]: 	at LAYER SERVICE/optifine/optifine.OptiFineTransformer.getOptiFineResourcePatched(OptiFineTransformer.java:396)
[30Jul2025 16:15:11.650] [main/INFO] [STDERR/]: [optifine.OptiFineTransformer:getOptiFineResourcePatched:414]: 	at LAYER SERVICE/optifine/optifine.OptiFineTransformer.getOptiFineResourceStreamPatched(OptiFineTransformer.java:368)
[30Jul2025 16:15:11.650] [main/INFO] [STDERR/]: [optifine.OptiFineTransformer:getOptiFineResourcePatched:414]: 	at LAYER SERVICE/optifine/optifine.OptiFineTransformer.getOptiFineResourceStream(OptiFineTransformer.java:291)
[30Jul2025 16:15:11.650] [main/INFO] [STDERR/]: [optifine.OptiFineTransformer:getOptiFineResourcePatched:414]: 	at LAYER SERVICE/optifine/optifine.OptiFineTransformer.getOptiFineResource(OptiFineTransformer.java:260)
[30Jul2025 16:15:11.650] [main/INFO] [STDERR/]: [optifine.OptiFineTransformer:getOptiFineResourcePatched:414]: 	at LAYER SERVICE/optifine/optifine.OptiFineTransformer.transform(OptiFineTransformer.java:171)
[30Jul2025 16:15:11.650] [main/INFO] [STDERR/]: [optifine.OptiFineTransformer:getOptiFineResourcePatched:414]: 	at LAYER SERVICE/optifine/optifine.OptiFineTransformer.transform(OptiFineTransformer.java:1)
[30Jul2025 16:15:11.651] [main/INFO] [STDERR/]: [optifine.OptiFineTransformer:getOptiFineResourcePatched:414]: 	at MC-BOOTSTRAP/cpw.mods.modlauncher@10.0.9/cpw.mods.modlauncher.TransformerHolder.transform(TransformerHolder.java:41)
[30Jul2025 16:15:11.651] [main/INFO] [STDERR/]: [optifine.OptiFineTransformer:getOptiFineResourcePatched:414]: 	at MC-BOOTSTRAP/cpw.mods.modlauncher@10.0.9/cpw.mods.modlauncher.ClassTransformer.performVote(ClassTransformer.java:179)
[30Jul2025 16:15:11.651] [main/INFO] [STDERR/]: [optifine.OptiFineTransformer:getOptiFineResourcePatched:414]: 	at MC-BOOTSTRAP/cpw.mods.modlauncher@10.0.9/cpw.mods.modlauncher.ClassTransformer.transform(ClassTransformer.java:98)
[30Jul2025 16:15:11.651] [main/INFO] [STDERR/]: [optifine.OptiFineTransformer:getOptiFineResourcePatched:414]: 	at MC-BOOTSTRAP/cpw.mods.modlauncher@10.0.9/cpw.mods.modlauncher.TransformingClassLoader.maybeTransformClassBytes(TransformingClassLoader.java:50)
[30Jul2025 16:15:11.651] [main/INFO] [STDERR/]: [optifine.OptiFineTransformer:getOptiFineResourcePatched:414]: 	at cpw.mods.securejarhandler/cpw.mods.cl.ModuleClassLoader.readerToClass(ModuleClassLoader.java:113)
[30Jul2025 16:15:11.651] [main/INFO] [STDERR/]: [optifine.OptiFineTransformer:getOptiFineResourcePatched:414]: 	at cpw.mods.securejarhandler/cpw.mods.cl.ModuleClassLoader.lambda$findClass$15(ModuleClassLoader.java:219)
[30Jul2025 16:15:11.652] [main/INFO] [STDERR/]: [optifine.OptiFineTransformer:getOptiFineResourcePatched:414]: 	at cpw.mods.securejarhandler/cpw.mods.cl.ModuleClassLoader.loadFromModule(ModuleClassLoader.java:229)
[30Jul2025 16:15:11.652] [main/INFO] [STDERR/]: [optifine.OptiFineTransformer:getOptiFineResourcePatched:414]: 	at cpw.mods.securejarhandler/cpw.mods.cl.ModuleClassLoader.findClass(ModuleClassLoader.java:219)
[30Jul2025 16:15:11.652] [main/INFO] [STDERR/]: [optifine.OptiFineTransformer:getOptiFineResourcePatched:414]: 	at cpw.mods.securejarhandler/cpw.mods.cl.ModuleClassLoader.loadClass(ModuleClassLoader.java:135)
[30Jul2025 16:15:11.652] [main/INFO] [STDERR/]: [optifine.OptiFineTransformer:getOptiFineResourcePatched:414]: 	at java.base/java.lang.ClassLoader.loadClass(ClassLoader.java:525)
[30Jul2025 16:15:11.652] [main/INFO] [STDERR/]: [optifine.OptiFineTransformer:getOptiFineResourcePatched:414]: 	at TRANSFORMER/minecraft@1.20.1/net.minecraft.SystemReport.m_241713_(SystemReport.java:55)
[30Jul2025 16:15:11.653] [main/INFO] [STDERR/]: [optifine.OptiFineTransformer:getOptiFineResourcePatched:414]: 	at TRANSFORMER/minecraft@1.20.1/net.minecraft.SystemReport.m_143522_(SystemReport.java:66)
[30Jul2025 16:15:11.653] [main/INFO] [STDERR/]: [optifine.OptiFineTransformer:getOptiFineResourcePatched:414]: 	at TRANSFORMER/minecraft@1.20.1/net.minecraft.SystemReport.<init>(SystemReport.java:54)
[30Jul2025 16:15:11.653] [main/INFO] [STDERR/]: [optifine.OptiFineTransformer:getOptiFineResourcePatched:414]: 	at TRANSFORMER/minecraft@1.20.1/net.minecraft.CrashReport.<init>(CrashReport.java:31)
[30Jul2025 16:15:11.653] [main/INFO] [STDERR/]: [optifine.OptiFineTransformer:getOptiFineResourcePatched:414]: 	at TRANSFORMER/minecraft@1.20.1/net.minecraft.CrashReport.m_127529_(CrashReport.java:216)
[30Jul2025 16:15:11.653] [main/INFO] [STDERR/]: [optifine.OptiFineTransformer:getOptiFineResourcePatched:414]: 	at TRANSFORMER/minecraft@1.20.1/net.minecraft.server.Main.main(Main.java:116)
[30Jul2025 16:15:11.654] [main/INFO] [STDERR/]: [optifine.OptiFineTransformer:getOptiFineResourcePatched:414]: 	at java.base/jdk.internal.reflect.NativeMethodAccessorImpl.invoke0(Native Method)
[30Jul2025 16:15:11.654] [main/INFO] [STDERR/]: [optifine.OptiFineTransformer:getOptiFineResourcePatched:414]: 	at java.base/jdk.internal.reflect.NativeMethodAccessorImpl.invoke(NativeMethodAccessorImpl.java:77)
[30Jul2025 16:15:11.654] [main/INFO] [STDERR/]: [optifine.OptiFineTransformer:getOptiFineResourcePatched:414]: 	at java.base/jdk.internal.reflect.DelegatingMethodAccessorImpl.invoke(DelegatingMethodAccessorImpl.java:43)
[30Jul2025 16:15:11.654] [main/INFO] [STDERR/]: [optifine.OptiFineTransformer:getOptiFineResourcePatched:414]: 	at java.base/java.lang.reflect.Method.invoke(Method.java:569)
[30Jul2025 16:15:11.654] [main/INFO] [STDERR/]: [optifine.OptiFineTransformer:getOptiFineResourcePatched:414]: 	at MC-BOOTSTRAP/fmlloader@1.20.1-47.3.7/net.minecraftforge.fml.loading.targets.CommonLaunchHandler.runTarget(CommonLaunchHandler.java:111)
[30Jul2025 16:15:11.655] [main/INFO] [STDERR/]: [optifine.OptiFineTransformer:getOptiFineResourcePatched:414]: 	at MC-BOOTSTRAP/fmlloader@1.20.1-47.3.7/net.minecraftforge.fml.loading.targets.CommonLaunchHandler.serverService(CommonLaunchHandler.java:103)
[30Jul2025 16:15:11.655] [main/INFO] [STDERR/]: [optifine.OptiFineTransformer:getOptiFineResourcePatched:414]: 	at MC-BOOTSTRAP/fmlloader@1.20.1-47.3.7/net.minecraftforge.fml.loading.targets.CommonServerLaunchHandler.lambda$makeService$0(CommonServerLaunchHandler.java:27)
[30Jul2025 16:15:11.655] [main/INFO] [STDERR/]: [optifine.OptiFineTransformer:getOptiFineResourcePatched:414]: 	at MC-BOOTSTRAP/cpw.mods.modlauncher@10.0.9/cpw.mods.modlauncher.LaunchServiceHandlerDecorator.launch(LaunchServiceHandlerDecorator.java:30)
[30Jul2025 16:15:11.655] [main/INFO] [STDERR/]: [optifine.OptiFineTransformer:getOptiFineResourcePatched:414]: 	at MC-BOOTSTRAP/cpw.mods.modlauncher@10.0.9/cpw.mods.modlauncher.LaunchServiceHandler.launch(LaunchServiceHandler.java:53)
[30Jul2025 16:15:11.655] [main/INFO] [STDERR/]: [optifine.OptiFineTransformer:getOptiFineResourcePatched:414]: 	at MC-BOOTSTRAP/cpw.mods.modlauncher@10.0.9/cpw.mods.modlauncher.LaunchServiceHandler.launch(LaunchServiceHandler.java:71)
[30Jul2025 16:15:11.655] [main/INFO] [STDERR/]: [optifine.OptiFineTransformer:getOptiFineResourcePatched:414]: 	at MC-BOOTSTRAP/cpw.mods.modlauncher@10.0.9/cpw.mods.modlauncher.Launcher.run(Launcher.java:108)
[30Jul2025 16:15:11.655] [main/INFO] [STDERR/]: [optifine.OptiFineTransformer:getOptiFineResourcePatched:414]: 	at MC-BOOTSTRAP/cpw.mods.modlauncher@10.0.9/cpw.mods.modlauncher.Launcher.main(Launcher.java:78)
[30Jul2025 16:15:11.656] [main/INFO] [STDERR/]: [optifine.OptiFineTransformer:getOptiFineResourcePatched:414]: 	at MC-BOOTSTRAP/cpw.mods.modlauncher@10.0.9/cpw.mods.modlauncher.BootstrapLaunchConsumer.accept(BootstrapLaunchConsumer.java:26)
[30Jul2025 16:15:11.656] [main/INFO] [STDERR/]: [optifine.OptiFineTransformer:getOptiFineResourcePatched:414]: 	at MC-BOOTSTRAP/cpw.mods.modlauncher@10.0.9/cpw.mods.modlauncher.BootstrapLaunchConsumer.accept(BootstrapLaunchConsumer.java:23)
[30Jul2025 16:15:11.656] [main/INFO] [STDERR/]: [optifine.OptiFineTransformer:getOptiFineResourcePatched:414]: 	at cpw.mods.bootstraplauncher@1.1.2/cpw.mods.bootstraplauncher.BootstrapLauncher.main(BootstrapLauncher.java:141)
[30Jul2025 16:15:11.657] [main/INFO] [STDERR/]: [optifine.OptiFineTransformer:getOptiFineResourcePatched:414]: java.io.IOException: Base resource not found: ac$9.class
[30Jul2025 16:15:11.657] [main/INFO] [STDERR/]: [optifine.OptiFineTransformer:getOptiFineResourcePatched:414]: 	at LAYER SERVICE/optifine/optifine.Patcher.applyPatch(Patcher.java:146)
[30Jul2025 16:15:11.657] [main/INFO] [STDERR/]: [optifine.OptiFineTransformer:getOptiFineResourcePatched:414]: 	at LAYER SERVICE/optifine/optifine.OptiFineTransformer.getOptiFineResourcePatched(OptiFineTransformer.java:396)
[30Jul2025 16:15:11.658] [main/INFO] [STDERR/]: [optifine.OptiFineTransformer:getOptiFineResourcePatched:414]: 	at LAYER SERVICE/optifine/optifine.OptiFineTransformer.getOptiFineResourceStreamPatched(OptiFineTransformer.java:368)
[30Jul2025 16:15:11.658] [main/INFO] [STDERR/]: [optifine.OptiFineTransformer:getOptiFineResourcePatched:414]: 	at LAYER SERVICE/optifine/optifine.OptiFineTransformer.getOptiFineResourceStream(OptiFineTransformer.java:291)
[30Jul2025 16:15:11.658] [main/INFO] [STDERR/]: [optifine.OptiFineTransformer:getOptiFineResourcePatched:414]: 	at LAYER SERVICE/optifine/optifine.OptiFineTransformer.getOptiFineResource(OptiFineTransformer.java:260)
[30Jul2025 16:15:11.658] [main/INFO] [STDERR/]: [optifine.OptiFineTransformer:getOptiFineResourcePatched:414]: 	at LAYER SERVICE/optifine/optifine.OptiFineTransformer.transform(OptiFineTransformer.java:171)
[30Jul2025 16:15:11.658] [main/INFO] [STDERR/]: [optifine.OptiFineTransformer:getOptiFineResourcePatched:414]: 	at LAYER SERVICE/optifine/optifine.OptiFineTransformer.transform(OptiFineTransformer.java:1)
[30Jul2025 16:15:11.659] [main/INFO] [STDERR/]: [optifine.OptiFineTransformer:getOptiFineResourcePatched:414]: 	at MC-BOOTSTRAP/cpw.mods.modlauncher@10.0.9/cpw.mods.modlauncher.TransformerHolder.transform(TransformerHolder.java:41)
[30Jul2025 16:15:11.659] [main/INFO] [STDERR/]: [optifine.OptiFineTransformer:getOptiFineResourcePatched:414]: 	at MC-BOOTSTRAP/cpw.mods.modlauncher@10.0.9/cpw.mods.modlauncher.ClassTransformer.performVote(ClassTransformer.java:179)
[30Jul2025 16:15:11.659] [main/INFO] [STDERR/]: [optifine.OptiFineTransformer:getOptiFineResourcePatched:414]: 	at MC-BOOTSTRAP/cpw.mods.modlauncher@10.0.9/cpw.mods.modlauncher.ClassTransformer.transform(ClassTransformer.java:98)
[30Jul2025 16:15:11.659] [main/INFO] [STDERR/]: [optifine.OptiFineTransformer:getOptiFineResourcePatched:414]: 	at MC-BOOTSTRAP/cpw.mods.modlauncher@10.0.9/cpw.mods.modlauncher.TransformingClassLoader.maybeTransformClassBytes(TransformingClassLoader.java:50)
[30Jul2025 16:15:11.659] [main/INFO] [STDERR/]: [optifine.OptiFineTransformer:getOptiFineResourcePatched:414]: 	at cpw.mods.securejarhandler/cpw.mods.cl.ModuleClassLoader.readerToClass(ModuleClassLoader.java:113)
[30Jul2025 16:15:11.659] [main/INFO] [STDERR/]: [optifine.OptiFineTransformer:getOptiFineResourcePatched:414]: 	at cpw.mods.securejarhandler/cpw.mods.cl.ModuleClassLoader.lambda$findClass$15(ModuleClassLoader.java:219)
[30Jul2025 16:15:11.660] [main/INFO] [STDERR/]: [optifine.OptiFineTransformer:getOptiFineResourcePatched:414]: 	at cpw.mods.securejarhandler/cpw.mods.cl.ModuleClassLoader.loadFromModule(ModuleClassLoader.java:229)
[30Jul2025 16:15:11.660] [main/INFO] [STDERR/]: [optifine.OptiFineTransformer:getOptiFineResourcePatched:414]: 	at cpw.mods.securejarhandler/cpw.mods.cl.ModuleClassLoader.findClass(ModuleClassLoader.java:219)
[30Jul2025 16:15:11.660] [main/INFO] [STDERR/]: [optifine.OptiFineTransformer:getOptiFineResourcePatched:414]: 	at cpw.mods.securejarhandler/cpw.mods.cl.ModuleClassLoader.loadClass(ModuleClassLoader.java:135)
[30Jul2025 16:15:11.660] [main/INFO] [STDERR/]: [optifine.OptiFineTransformer:getOptiFineResourcePatched:414]: 	at java.base/java.lang.ClassLoader.loadClass(ClassLoader.java:525)
[30Jul2025 16:15:11.660] [main/INFO] [STDERR/]: [optifine.OptiFineTransformer:getOptiFineResourcePatched:414]: 	at TRANSFORMER/minecraft@1.20.1/net.minecraft.SystemReport.m_241713_(SystemReport.java:55)
[30Jul2025 16:15:11.661] [main/INFO] [STDERR/]: [optifine.OptiFineTransformer:getOptiFineResourcePatched:414]: 	at TRANSFORMER/minecraft@1.20.1/net.minecraft.SystemReport.m_143522_(SystemReport.java:66)
[30Jul2025 16:15:11.661] [main/INFO] [STDERR/]: [optifine.OptiFineTransformer:getOptiFineResourcePatched:414]: 	at TRANSFORMER/minecraft@1.20.1/net.minecraft.SystemReport.<init>(SystemReport.java:54)
[30Jul2025 16:15:11.661] [main/INFO] [STDERR/]: [optifine.OptiFineTransformer:getOptiFineResourcePatched:414]: 	at TRANSFORMER/minecraft@1.20.1/net.minecraft.CrashReport.<init>(CrashReport.java:31)
[30Jul2025 16:15:11.661] [main/INFO] [STDERR/]: [optifine.OptiFineTransformer:getOptiFineResourcePatched:414]: 	at TRANSFORMER/minecraft@1.20.1/net.minecraft.CrashReport.m_127529_(CrashReport.java:216)
[30Jul2025 16:15:11.661] [main/INFO] [STDERR/]: [optifine.OptiFineTransformer:getOptiFineResourcePatched:414]: 	at TRANSFORMER/minecraft@1.20.1/net.minecraft.server.Main.main(Main.java:116)
[30Jul2025 16:15:11.662] [main/INFO] [STDERR/]: [optifine.OptiFineTransformer:getOptiFineResourcePatched:414]: 	at java.base/jdk.internal.reflect.NativeMethodAccessorImpl.invoke0(Native Method)
[30Jul2025 16:15:11.662] [main/INFO] [STDERR/]: [optifine.OptiFineTransformer:getOptiFineResourcePatched:414]: 	at java.base/jdk.internal.reflect.NativeMethodAccessorImpl.invoke(NativeMethodAccessorImpl.java:77)
[30Jul2025 16:15:11.662] [main/INFO] [STDERR/]: [optifine.OptiFineTransformer:getOptiFineResourcePatched:414]: 	at java.base/jdk.internal.reflect.DelegatingMethodAccessorImpl.invoke(DelegatingMethodAccessorImpl.java:43)
[30Jul2025 16:15:11.662] [main/INFO] [STDERR/]: [optifine.OptiFineTransformer:getOptiFineResourcePatched:414]: 	at java.base/java.lang.reflect.Method.invoke(Method.java:569)
[30Jul2025 16:15:11.663] [main/INFO] [STDERR/]: [optifine.OptiFineTransformer:getOptiFineResourcePatched:414]: 	at MC-BOOTSTRAP/fmlloader@1.20.1-47.3.7/net.minecraftforge.fml.loading.targets.CommonLaunchHandler.runTarget(CommonLaunchHandler.java:111)
[30Jul2025 16:15:11.663] [main/INFO] [STDERR/]: [optifine.OptiFineTransformer:getOptiFineResourcePatched:414]: 	at MC-BOOTSTRAP/fmlloader@1.20.1-47.3.7/net.minecraftforge.fml.loading.targets.CommonLaunchHandler.serverService(CommonLaunchHandler.java:103)
[30Jul2025 16:15:11.663] [main/INFO] [STDERR/]: [optifine.OptiFineTransformer:getOptiFineResourcePatched:414]: 	at MC-BOOTSTRAP/fmlloader@1.20.1-47.3.7/net.minecraftforge.fml.loading.targets.CommonServerLaunchHandler.lambda$makeService$0(CommonServerLaunchHandler.java:27)
[30Jul2025 16:15:11.663] [main/INFO] [STDERR/]: [optifine.OptiFineTransformer:getOptiFineResourcePatched:414]: 	at MC-BOOTSTRAP/cpw.mods.modlauncher@10.0.9/cpw.mods.modlauncher.LaunchServiceHandlerDecorator.launch(LaunchServiceHandlerDecorator.java:30)
[30Jul2025 16:15:11.664] [main/INFO] [STDERR/]: [optifine.OptiFineTransformer:getOptiFineResourcePatched:414]: 	at MC-BOOTSTRAP/cpw.mods.modlauncher@10.0.9/cpw.mods.modlauncher.LaunchServiceHandler.launch(LaunchServiceHandler.java:53)
[30Jul2025 16:15:11.664] [main/INFO] [STDERR/]: [optifine.OptiFineTransformer:getOptiFineResourcePatched:414]: 	at MC-BOOTSTRAP/cpw.mods.modlauncher@10.0.9/cpw.mods.modlauncher.LaunchServiceHandler.launch(LaunchServiceHandler.java:71)
[30Jul2025 16:15:11.664] [main/INFO] [STDERR/]: [optifine.OptiFineTransformer:getOptiFineResourcePatched:414]: 	at MC-BOOTSTRAP/cpw.mods.modlauncher@10.0.9/cpw.mods.modlauncher.Launcher.run(Launcher.java:108)
[30Jul2025 16:15:11.664] [main/INFO] [STDERR/]: [optifine.OptiFineTransformer:getOptiFineResourcePatched:414]: 	at MC-BOOTSTRAP/cpw.mods.modlauncher@10.0.9/cpw.mods.modlauncher.Launcher.main(Launcher.java:78)
[30Jul2025 16:15:11.665] [main/INFO] [STDERR/]: [optifine.OptiFineTransformer:getOptiFineResourcePatched:414]: 	at MC-BOOTSTRAP/cpw.mods.modlauncher@10.0.9/cpw.mods.modlauncher.BootstrapLaunchConsumer.accept(BootstrapLaunchConsumer.java:26)
[30Jul2025 16:15:11.665] [main/INFO] [STDERR/]: [optifine.OptiFineTransformer:getOptiFineResourcePatched:414]: 	at MC-BOOTSTRAP/cpw.mods.modlauncher@10.0.9/cpw.mods.modlauncher.BootstrapLaunchConsumer.accept(BootstrapLaunchConsumer.java:23)
[30Jul2025 16:15:11.665] [main/INFO] [STDERR/]: [optifine.OptiFineTransformer:getOptiFineResourcePatched:414]: 	at cpw.mods.bootstraplauncher@1.1.2/cpw.mods.bootstraplauncher.BootstrapLauncher.main(BootstrapLauncher.java:141)
[30Jul2025 16:15:11.667] [main/INFO] [STDERR/]: [optifine.OptiFineTransformer:getOptiFineResourcePatched:414]: java.io.IOException: Base resource not found: ac$2.class
[30Jul2025 16:15:11.667] [main/INFO] [STDERR/]: [optifine.OptiFineTransformer:getOptiFineResourcePatched:414]: 	at LAYER SERVICE/optifine/optifine.Patcher.applyPatch(Patcher.java:146)
[30Jul2025 16:15:11.667] [main/INFO] [STDERR/]: [optifine.OptiFineTransformer:getOptiFineResourcePatched:414]: 	at LAYER SERVICE/optifine/optifine.OptiFineTransformer.getOptiFineResourcePatched(OptiFineTransformer.java:396)
[30Jul2025 16:15:11.667] [main/INFO] [STDERR/]: [optifine.OptiFineTransformer:getOptiFineResourcePatched:414]: 	at LAYER SERVICE/optifine/optifine.OptiFineTransformer.getOptiFineResourceStreamPatched(OptiFineTransformer.java:368)
[30Jul2025 16:15:11.668] [main/INFO] [STDERR/]: [optifine.OptiFineTransformer:getOptiFineResourcePatched:414]: 	at LAYER SERVICE/optifine/optifine.OptiFineTransformer.getOptiFineResourceStream(OptiFineTransformer.java:291)
[30Jul2025 16:15:11.668] [main/INFO] [STDERR/]: [optifine.OptiFineTransformer:getOptiFineResourcePatched:414]: 	at LAYER SERVICE/optifine/optifine.OptiFineTransformer.getOptiFineResource(OptiFineTransformer.java:260)
[30Jul2025 16:15:11.669] [main/INFO] [STDERR/]: [optifine.OptiFineTransformer:getOptiFineResourcePatched:414]: 	at LAYER SERVICE/optifine/optifine.OptiFineTransformer.transform(OptiFineTransformer.java:171)
[30Jul2025 16:15:11.669] [main/INFO] [STDERR/]: [optifine.OptiFineTransformer:getOptiFineResourcePatched:414]: 	at LAYER SERVICE/optifine/optifine.OptiFineTransformer.transform(OptiFineTransformer.java:1)
[30Jul2025 16:15:11.670] [main/INFO] [STDERR/]: [optifine.OptiFineTransformer:getOptiFineResourcePatched:414]: 	at MC-BOOTSTRAP/cpw.mods.modlauncher@10.0.9/cpw.mods.modlauncher.TransformerHolder.transform(TransformerHolder.java:41)
[30Jul2025 16:15:11.670] [main/INFO] [STDERR/]: [optifine.OptiFineTransformer:getOptiFineResourcePatched:414]: 	at MC-BOOTSTRAP/cpw.mods.modlauncher@10.0.9/cpw.mods.modlauncher.ClassTransformer.performVote(ClassTransformer.java:179)
[30Jul2025 16:15:11.670] [main/INFO] [STDERR/]: [optifine.OptiFineTransformer:getOptiFineResourcePatched:414]: 	at MC-BOOTSTRAP/cpw.mods.modlauncher@10.0.9/cpw.mods.modlauncher.ClassTransformer.transform(ClassTransformer.java:98)
[30Jul2025 16:15:11.671] [main/INFO] [STDERR/]: [optifine.OptiFineTransformer:getOptiFineResourcePatched:414]: 	at MC-BOOTSTRAP/cpw.mods.modlauncher@10.0.9/cpw.mods.modlauncher.TransformingClassLoader.maybeTransformClassBytes(TransformingClassLoader.java:50)
[30Jul2025 16:15:11.671] [main/INFO] [STDERR/]: [optifine.OptiFineTransformer:getOptiFineResourcePatched:414]: 	at cpw.mods.securejarhandler/cpw.mods.cl.ModuleClassLoader.readerToClass(ModuleClassLoader.java:113)
[30Jul2025 16:15:11.671] [main/INFO] [STDERR/]: [optifine.OptiFineTransformer:getOptiFineResourcePatched:414]: 	at cpw.mods.securejarhandler/cpw.mods.cl.ModuleClassLoader.lambda$findClass$15(ModuleClassLoader.java:219)
[30Jul2025 16:15:11.671] [main/INFO] [STDERR/]: [optifine.OptiFineTransformer:getOptiFineResourcePatched:414]: 	at cpw.mods.securejarhandler/cpw.mods.cl.ModuleClassLoader.loadFromModule(ModuleClassLoader.java:229)
[30Jul2025 16:15:11.672] [main/INFO] [STDERR/]: [optifine.OptiFineTransformer:getOptiFineResourcePatched:414]: 	at cpw.mods.securejarhandler/cpw.mods.cl.ModuleClassLoader.findClass(ModuleClassLoader.java:219)
[30Jul2025 16:15:11.672] [main/INFO] [STDERR/]: [optifine.OptiFineTransformer:getOptiFineResourcePatched:414]: 	at cpw.mods.securejarhandler/cpw.mods.cl.ModuleClassLoader.loadClass(ModuleClassLoader.java:135)
[30Jul2025 16:15:11.673] [main/INFO] [STDERR/]: [optifine.OptiFineTransformer:getOptiFineResourcePatched:414]: 	at java.base/java.lang.ClassLoader.loadClass(ClassLoader.java:525)
[30Jul2025 16:15:11.673] [main/INFO] [STDERR/]: [optifine.OptiFineTransformer:getOptiFineResourcePatched:414]: 	at TRANSFORMER/minecraft@1.20.1/net.minecraft.SystemReport.m_241713_(SystemReport.java:55)
[30Jul2025 16:15:11.673] [main/INFO] [STDERR/]: [optifine.OptiFineTransformer:getOptiFineResourcePatched:414]: 	at TRANSFORMER/minecraft@1.20.1/net.minecraft.SystemReport.m_143522_(SystemReport.java:66)
[30Jul2025 16:15:11.674] [main/INFO] [STDERR/]: [optifine.OptiFineTransformer:getOptiFineResourcePatched:414]: 	at TRANSFORMER/minecraft@1.20.1/net.minecraft.SystemReport.<init>(SystemReport.java:54)
[30Jul2025 16:15:11.674] [main/INFO] [STDERR/]: [optifine.OptiFineTransformer:getOptiFineResourcePatched:414]: 	at TRANSFORMER/minecraft@1.20.1/net.minecraft.CrashReport.<init>(CrashReport.java:31)
[30Jul2025 16:15:11.674] [main/INFO] [STDERR/]: [optifine.OptiFineTransformer:getOptiFineResourcePatched:414]: 	at TRANSFORMER/minecraft@1.20.1/net.minecraft.CrashReport.m_127529_(CrashReport.java:216)
[30Jul2025 16:15:11.674] [main/INFO] [STDERR/]: [optifine.OptiFineTransformer:getOptiFineResourcePatched:414]: 	at TRANSFORMER/minecraft@1.20.1/net.minecraft.server.Main.main(Main.java:116)
[30Jul2025 16:15:11.674] [main/INFO] [STDERR/]: [optifine.OptiFineTransformer:getOptiFineResourcePatched:414]: 	at java.base/jdk.internal.reflect.NativeMethodAccessorImpl.invoke0(Native Method)
[30Jul2025 16:15:11.674] [main/INFO] [STDERR/]: [optifine.OptiFineTransformer:getOptiFineResourcePatched:414]: 	at java.base/jdk.internal.reflect.NativeMethodAccessorImpl.invoke(NativeMethodAccessorImpl.java:77)
[30Jul2025 16:15:11.675] [main/INFO] [STDERR/]: [optifine.OptiFineTransformer:getOptiFineResourcePatched:414]: 	at java.base/jdk.internal.reflect.DelegatingMethodAccessorImpl.invoke(DelegatingMethodAccessorImpl.java:43)
[30Jul2025 16:15:11.675] [main/INFO] [STDERR/]: [optifine.OptiFineTransformer:getOptiFineResourcePatched:414]: 	at java.base/java.lang.reflect.Method.invoke(Method.java:569)
[30Jul2025 16:15:11.675] [main/INFO] [STDERR/]: [optifine.OptiFineTransformer:getOptiFineResourcePatched:414]: 	at MC-BOOTSTRAP/fmlloader@1.20.1-47.3.7/net.minecraftforge.fml.loading.targets.CommonLaunchHandler.runTarget(CommonLaunchHandler.java:111)
[30Jul2025 16:15:11.675] [main/INFO] [STDERR/]: [optifine.OptiFineTransformer:getOptiFineResourcePatched:414]: 	at MC-BOOTSTRAP/fmlloader@1.20.1-47.3.7/net.minecraftforge.fml.loading.targets.CommonLaunchHandler.serverService(CommonLaunchHandler.java:103)
[30Jul2025 16:15:11.675] [main/INFO] [STDERR/]: [optifine.OptiFineTransformer:getOptiFineResourcePatched:414]: 	at MC-BOOTSTRAP/fmlloader@1.20.1-47.3.7/net.minecraftforge.fml.loading.targets.CommonServerLaunchHandler.lambda$makeService$0(CommonServerLaunchHandler.java:27)
[30Jul2025 16:15:11.675] [main/INFO] [STDERR/]: [optifine.OptiFineTransformer:getOptiFineResourcePatched:414]: 	at MC-BOOTSTRAP/cpw.mods.modlauncher@10.0.9/cpw.mods.modlauncher.LaunchServiceHandlerDecorator.launch(LaunchServiceHandlerDecorator.java:30)
[30Jul2025 16:15:11.676] [main/INFO] [STDERR/]: [optifine.OptiFineTransformer:getOptiFineResourcePatched:414]: 	at MC-BOOTSTRAP/cpw.mods.modlauncher@10.0.9/cpw.mods.modlauncher.LaunchServiceHandler.launch(LaunchServiceHandler.java:53)
[30Jul2025 16:15:11.676] [main/INFO] [STDERR/]: [optifine.OptiFineTransformer:getOptiFineResourcePatched:414]: 	at MC-BOOTSTRAP/cpw.mods.modlauncher@10.0.9/cpw.mods.modlauncher.LaunchServiceHandler.launch(LaunchServiceHandler.java:71)
[30Jul2025 16:15:11.676] [main/INFO] [STDERR/]: [optifine.OptiFineTransformer:getOptiFineResourcePatched:414]: 	at MC-BOOTSTRAP/cpw.mods.modlauncher@10.0.9/cpw.mods.modlauncher.Launcher.run(Launcher.java:108)
[30Jul2025 16:15:11.676] [main/INFO] [STDERR/]: [optifine.OptiFineTransformer:getOptiFineResourcePatched:414]: 	at MC-BOOTSTRAP/cpw.mods.modlauncher@10.0.9/cpw.mods.modlauncher.Launcher.main(Launcher.java:78)
[30Jul2025 16:15:11.676] [main/INFO] [STDERR/]: [optifine.OptiFineTransformer:getOptiFineResourcePatched:414]: 	at MC-BOOTSTRAP/cpw.mods.modlauncher@10.0.9/cpw.mods.modlauncher.BootstrapLaunchConsumer.accept(BootstrapLaunchConsumer.java:26)
[30Jul2025 16:15:11.676] [main/INFO] [STDERR/]: [optifine.OptiFineTransformer:getOptiFineResourcePatched:414]: 	at MC-BOOTSTRAP/cpw.mods.modlauncher@10.0.9/cpw.mods.modlauncher.BootstrapLaunchConsumer.accept(BootstrapLaunchConsumer.java:23)
[30Jul2025 16:15:11.676] [main/INFO] [STDERR/]: [optifine.OptiFineTransformer:getOptiFineResourcePatched:414]: 	at cpw.mods.bootstraplauncher@1.1.2/cpw.mods.bootstraplauncher.BootstrapLauncher.main(BootstrapLauncher.java:141)
[30Jul2025 16:15:11.682] [main/INFO] [STDERR/]: [optifine.OptiFineTransformer:getOptiFineResourcePatched:414]: java.io.IOException: Base resource not found: apa.class
[30Jul2025 16:15:11.682] [main/INFO] [STDERR/]: [optifine.OptiFineTransformer:getOptiFineResourcePatched:414]: 	at LAYER SERVICE/optifine/optifine.Patcher.applyPatch(Patcher.java:146)
[30Jul2025 16:15:11.682] [main/INFO] [STDERR/]: [optifine.OptiFineTransformer:getOptiFineResourcePatched:414]: 	at LAYER SERVICE/optifine/optifine.OptiFineTransformer.getOptiFineResourcePatched(OptiFineTransformer.java:396)
[30Jul2025 16:15:11.682] [main/INFO] [STDERR/]: [optifine.OptiFineTransformer:getOptiFineResourcePatched:414]: 	at LAYER SERVICE/optifine/optifine.OptiFineTransformer.getOptiFineResourceStreamPatched(OptiFineTransformer.java:368)
[30Jul2025 16:15:11.683] [main/INFO] [STDERR/]: [optifine.OptiFineTransformer:getOptiFineResourcePatched:414]: 	at LAYER SERVICE/optifine/optifine.OptiFineTransformer.getOptiFineResourceStream(OptiFineTransformer.java:291)
[30Jul2025 16:15:11.683] [main/INFO] [STDERR/]: [optifine.OptiFineTransformer:getOptiFineResourcePatched:414]: 	at LAYER SERVICE/optifine/optifine.OptiFineTransformer.getOptiFineResource(OptiFineTransformer.java:260)
[30Jul2025 16:15:11.683] [main/INFO] [STDERR/]: [optifine.OptiFineTransformer:getOptiFineResourcePatched:414]: 	at LAYER SERVICE/optifine/optifine.OptiFineTransformer.transform(OptiFineTransformer.java:171)
[30Jul2025 16:15:11.683] [main/INFO] [STDERR/]: [optifine.OptiFineTransformer:getOptiFineResourcePatched:414]: 	at LAYER SERVICE/optifine/optifine.OptiFineTransformer.transform(OptiFineTransformer.java:1)
[30Jul2025 16:15:11.683] [main/INFO] [STDERR/]: [optifine.OptiFineTransformer:getOptiFineResourcePatched:414]: 	at MC-BOOTSTRAP/cpw.mods.modlauncher@10.0.9/cpw.mods.modlauncher.TransformerHolder.transform(TransformerHolder.java:41)
[30Jul2025 16:15:11.683] [main/INFO] [STDERR/]: [optifine.OptiFineTransformer:getOptiFineResourcePatched:414]: 	at MC-BOOTSTRAP/cpw.mods.modlauncher@10.0.9/cpw.mods.modlauncher.ClassTransformer.performVote(ClassTransformer.java:179)
[30Jul2025 16:15:11.683] [main/INFO] [STDERR/]: [optifine.OptiFineTransformer:getOptiFineResourcePatched:414]: 	at MC-BOOTSTRAP/cpw.mods.modlauncher@10.0.9/cpw.mods.modlauncher.ClassTransformer.transform(ClassTransformer.java:98)
[30Jul2025 16:15:11.684] [main/INFO] [STDERR/]: [optifine.OptiFineTransformer:getOptiFineResourcePatched:414]: 	at MC-BOOTSTRAP/cpw.mods.modlauncher@10.0.9/cpw.mods.modlauncher.TransformingClassLoader.maybeTransformClassBytes(TransformingClassLoader.java:50)
[30Jul2025 16:15:11.684] [main/INFO] [STDERR/]: [optifine.OptiFineTransformer:getOptiFineResourcePatched:414]: 	at cpw.mods.securejarhandler/cpw.mods.cl.ModuleClassLoader.readerToClass(ModuleClassLoader.java:113)
[30Jul2025 16:15:11.684] [main/INFO] [STDERR/]: [optifine.OptiFineTransformer:getOptiFineResourcePatched:414]: 	at cpw.mods.securejarhandler/cpw.mods.cl.ModuleClassLoader.lambda$findClass$15(ModuleClassLoader.java:219)
[30Jul2025 16:15:11.684] [main/INFO] [STDERR/]: [optifine.OptiFineTransformer:getOptiFineResourcePatched:414]: 	at cpw.mods.securejarhandler/cpw.mods.cl.ModuleClassLoader.loadFromModule(ModuleClassLoader.java:229)
[30Jul2025 16:15:11.685] [main/INFO] [STDERR/]: [optifine.OptiFineTransformer:getOptiFineResourcePatched:414]: 	at cpw.mods.securejarhandler/cpw.mods.cl.ModuleClassLoader.findClass(ModuleClassLoader.java:219)
[30Jul2025 16:15:11.685] [main/INFO] [STDERR/]: [optifine.OptiFineTransformer:getOptiFineResourcePatched:414]: 	at cpw.mods.securejarhandler/cpw.mods.cl.ModuleClassLoader.loadClass(ModuleClassLoader.java:135)
[30Jul2025 16:15:11.685] [main/INFO] [STDERR/]: [optifine.OptiFineTransformer:getOptiFineResourcePatched:414]: 	at java.base/java.lang.ClassLoader.loadClass(ClassLoader.java:525)
[30Jul2025 16:15:11.685] [main/INFO] [STDERR/]: [optifine.OptiFineTransformer:getOptiFineResourcePatched:414]: 	at TRANSFORMER/minecraft@1.20.1/net.minecraft.Util.m_137477_(Util.java:131)
[30Jul2025 16:15:11.686] [main/INFO] [STDERR/]: [optifine.OptiFineTransformer:getOptiFineResourcePatched:414]: 	at TRANSFORMER/minecraft@1.20.1/net.minecraft.Util.<clinit>(Util.java:84)
[30Jul2025 16:15:11.687] [main/INFO] [STDERR/]: [optifine.OptiFineTransformer:getOptiFineResourcePatched:414]: 	at TRANSFORMER/minecraft@1.20.1/net.minecraft.SystemReport.m_241713_(SystemReport.java:55)
[30Jul2025 16:15:11.687] [main/INFO] [STDERR/]: [optifine.OptiFineTransformer:getOptiFineResourcePatched:414]: 	at TRANSFORMER/minecraft@1.20.1/net.minecraft.SystemReport.m_143522_(SystemReport.java:66)
[30Jul2025 16:15:11.687] [main/INFO] [STDERR/]: [optifine.OptiFineTransformer:getOptiFineResourcePatched:414]: 	at TRANSFORMER/minecraft@1.20.1/net.minecraft.SystemReport.<init>(SystemReport.java:54)
[30Jul2025 16:15:11.689] [main/INFO] [STDERR/]: [optifine.OptiFineTransformer:getOptiFineResourcePatched:414]: 	at TRANSFORMER/minecraft@1.20.1/net.minecraft.CrashReport.<init>(CrashReport.java:31)
[30Jul2025 16:15:11.689] [main/INFO] [STDERR/]: [optifine.OptiFineTransformer:getOptiFineResourcePatched:414]: 	at TRANSFORMER/minecraft@1.20.1/net.minecraft.CrashReport.m_127529_(CrashReport.java:216)
[30Jul2025 16:15:11.689] [main/INFO] [STDERR/]: [optifine.OptiFineTransformer:getOptiFineResourcePatched:414]: 	at TRANSFORMER/minecraft@1.20.1/net.minecraft.server.Main.main(Main.java:116)
[30Jul2025 16:15:11.690] [main/INFO] [STDERR/]: [optifine.OptiFineTransformer:getOptiFineResourcePatched:414]: 	at java.base/jdk.internal.reflect.NativeMethodAccessorImpl.invoke0(Native Method)
[30Jul2025 16:15:11.691] [main/INFO] [STDERR/]: [optifine.OptiFineTransformer:getOptiFineResourcePatched:414]: 	at java.base/jdk.internal.reflect.NativeMethodAccessorImpl.invoke(NativeMethodAccessorImpl.java:77)
[30Jul2025 16:15:11.691] [main/INFO] [STDERR/]: [optifine.OptiFineTransformer:getOptiFineResourcePatched:414]: 	at java.base/jdk.internal.reflect.DelegatingMethodAccessorImpl.invoke(DelegatingMethodAccessorImpl.java:43)
[30Jul2025 16:15:11.691] [main/INFO] [STDERR/]: [optifine.OptiFineTransformer:getOptiFineResourcePatched:414]: 	at java.base/java.lang.reflect.Method.invoke(Method.java:569)
[30Jul2025 16:15:11.691] [main/INFO] [STDERR/]: [optifine.OptiFineTransformer:getOptiFineResourcePatched:414]: 	at MC-BOOTSTRAP/fmlloader@1.20.1-47.3.7/net.minecraftforge.fml.loading.targets.CommonLaunchHandler.runTarget(CommonLaunchHandler.java:111)
[30Jul2025 16:15:11.692] [main/INFO] [STDERR/]: [optifine.OptiFineTransformer:getOptiFineResourcePatched:414]: 	at MC-BOOTSTRAP/fmlloader@1.20.1-47.3.7/net.minecraftforge.fml.loading.targets.CommonLaunchHandler.serverService(CommonLaunchHandler.java:103)
[30Jul2025 16:15:11.692] [main/INFO] [STDERR/]: [optifine.OptiFineTransformer:getOptiFineResourcePatched:414]: 	at MC-BOOTSTRAP/fmlloader@1.20.1-47.3.7/net.minecraftforge.fml.loading.targets.CommonServerLaunchHandler.lambda$makeService$0(CommonServerLaunchHandler.java:27)
[30Jul2025 16:15:11.692] [main/INFO] [STDERR/]: [optifine.OptiFineTransformer:getOptiFineResourcePatched:414]: 	at MC-BOOTSTRAP/cpw.mods.modlauncher@10.0.9/cpw.mods.modlauncher.LaunchServiceHandlerDecorator.launch(LaunchServiceHandlerDecorator.java:30)
[30Jul2025 16:15:11.693] [main/INFO] [STDERR/]: [optifine.OptiFineTransformer:getOptiFineResourcePatched:414]: 	at MC-BOOTSTRAP/cpw.mods.modlauncher@10.0.9/cpw.mods.modlauncher.LaunchServiceHandler.launch(LaunchServiceHandler.java:53)
[30Jul2025 16:15:11.693] [main/INFO] [STDERR/]: [optifine.OptiFineTransformer:getOptiFineResourcePatched:414]: 	at MC-BOOTSTRAP/cpw.mods.modlauncher@10.0.9/cpw.mods.modlauncher.LaunchServiceHandler.launch(LaunchServiceHandler.java:71)
[30Jul2025 16:15:11.693] [main/INFO] [STDERR/]: [optifine.OptiFineTransformer:getOptiFineResourcePatched:414]: 	at MC-BOOTSTRAP/cpw.mods.modlauncher@10.0.9/cpw.mods.modlauncher.Launcher.run(Launcher.java:108)
[30Jul2025 16:15:11.694] [main/INFO] [STDERR/]: [optifine.OptiFineTransformer:getOptiFineResourcePatched:414]: 	at MC-BOOTSTRAP/cpw.mods.modlauncher@10.0.9/cpw.mods.modlauncher.Launcher.main(Launcher.java:78)
[30Jul2025 16:15:11.694] [main/INFO] [STDERR/]: [optifine.OptiFineTransformer:getOptiFineResourcePatched:414]: 	at MC-BOOTSTRAP/cpw.mods.modlauncher@10.0.9/cpw.mods.modlauncher.BootstrapLaunchConsumer.accept(BootstrapLaunchConsumer.java:26)
[30Jul2025 16:15:11.694] [main/INFO] [STDERR/]: [optifine.OptiFineTransformer:getOptiFineResourcePatched:414]: 	at MC-BOOTSTRAP/cpw.mods.modlauncher@10.0.9/cpw.mods.modlauncher.BootstrapLaunchConsumer.accept(BootstrapLaunchConsumer.java:23)
[30Jul2025 16:15:11.695] [main/INFO] [STDERR/]: [optifine.OptiFineTransformer:getOptiFineResourcePatched:414]: 	at cpw.mods.bootstraplauncher@1.1.2/cpw.mods.bootstraplauncher.BootstrapLauncher.main(BootstrapLauncher.java:141)
[30Jul2025 16:15:11.723] [main/INFO] [STDERR/]: [optifine.OptiFineTransformer:getOptiFineResourcePatched:414]: java.io.IOException: Base resource not found: ac$3.class
[30Jul2025 16:15:11.724] [main/INFO] [STDERR/]: [optifine.OptiFineTransformer:getOptiFineResourcePatched:414]: 	at LAYER SERVICE/optifine/optifine.Patcher.applyPatch(Patcher.java:146)
[30Jul2025 16:15:11.725] [main/INFO] [STDERR/]: [optifine.OptiFineTransformer:getOptiFineResourcePatched:414]: 	at LAYER SERVICE/optifine/optifine.OptiFineTransformer.getOptiFineResourcePatched(OptiFineTransformer.java:396)
[30Jul2025 16:15:11.725] [main/INFO] [STDERR/]: [optifine.OptiFineTransformer:getOptiFineResourcePatched:414]: 	at LAYER SERVICE/optifine/optifine.OptiFineTransformer.getOptiFineResourceStreamPatched(OptiFineTransformer.java:368)
[30Jul2025 16:15:11.726] [main/INFO] [STDERR/]: [optifine.OptiFineTransformer:getOptiFineResourcePatched:414]: 	at LAYER SERVICE/optifine/optifine.OptiFineTransformer.getOptiFineResourceStream(OptiFineTransformer.java:291)
[30Jul2025 16:15:11.726] [main/INFO] [STDERR/]: [optifine.OptiFineTransformer:getOptiFineResourcePatched:414]: 	at LAYER SERVICE/optifine/optifine.OptiFineTransformer.getOptiFineResource(OptiFineTransformer.java:260)
[30Jul2025 16:15:11.726] [main/INFO] [STDERR/]: [optifine.OptiFineTransformer:getOptiFineResourcePatched:414]: 	at LAYER SERVICE/optifine/optifine.OptiFineTransformer.transform(OptiFineTransformer.java:171)
[30Jul2025 16:15:11.727] [main/INFO] [STDERR/]: [optifine.OptiFineTransformer:getOptiFineResourcePatched:414]: 	at LAYER SERVICE/optifine/optifine.OptiFineTransformer.transform(OptiFineTransformer.java:1)
[30Jul2025 16:15:11.727] [main/INFO] [STDERR/]: [optifine.OptiFineTransformer:getOptiFineResourcePatched:414]: 	at MC-BOOTSTRAP/cpw.mods.modlauncher@10.0.9/cpw.mods.modlauncher.TransformerHolder.transform(TransformerHolder.java:41)
[30Jul2025 16:15:11.727] [main/INFO] [STDERR/]: [optifine.OptiFineTransformer:getOptiFineResourcePatched:414]: 	at MC-BOOTSTRAP/cpw.mods.modlauncher@10.0.9/cpw.mods.modlauncher.ClassTransformer.performVote(ClassTransformer.java:179)
[30Jul2025 16:15:11.728] [main/INFO] [STDERR/]: [optifine.OptiFineTransformer:getOptiFineResourcePatched:414]: 	at MC-BOOTSTRAP/cpw.mods.modlauncher@10.0.9/cpw.mods.modlauncher.ClassTransformer.transform(ClassTransformer.java:98)
[30Jul2025 16:15:11.728] [main/INFO] [STDERR/]: [optifine.OptiFineTransformer:getOptiFineResourcePatched:414]: 	at MC-BOOTSTRAP/cpw.mods.modlauncher@10.0.9/cpw.mods.modlauncher.TransformingClassLoader.maybeTransformClassBytes(TransformingClassLoader.java:50)
[30Jul2025 16:15:11.729] [main/INFO] [STDERR/]: [optifine.OptiFineTransformer:getOptiFineResourcePatched:414]: 	at cpw.mods.securejarhandler/cpw.mods.cl.ModuleClassLoader.readerToClass(ModuleClassLoader.java:113)
[30Jul2025 16:15:11.729] [main/INFO] [STDERR/]: [optifine.OptiFineTransformer:getOptiFineResourcePatched:414]: 	at cpw.mods.securejarhandler/cpw.mods.cl.ModuleClassLoader.lambda$findClass$15(ModuleClassLoader.java:219)
[30Jul2025 16:15:11.730] [main/INFO] [STDERR/]: [optifine.OptiFineTransformer:getOptiFineResourcePatched:414]: 	at cpw.mods.securejarhandler/cpw.mods.cl.ModuleClassLoader.loadFromModule(ModuleClassLoader.java:229)
[30Jul2025 16:15:11.730] [main/INFO] [STDERR/]: [optifine.OptiFineTransformer:getOptiFineResourcePatched:414]: 	at cpw.mods.securejarhandler/cpw.mods.cl.ModuleClassLoader.findClass(ModuleClassLoader.java:219)
[30Jul2025 16:15:11.730] [main/INFO] [STDERR/]: [optifine.OptiFineTransformer:getOptiFineResourcePatched:414]: 	at cpw.mods.securejarhandler/cpw.mods.cl.ModuleClassLoader.loadClass(ModuleClassLoader.java:135)
[30Jul2025 16:15:11.730] [main/INFO] [STDERR/]: [optifine.OptiFineTransformer:getOptiFineResourcePatched:414]: 	at java.base/java.lang.ClassLoader.loadClass(ClassLoader.java:525)
[30Jul2025 16:15:11.731] [main/INFO] [STDERR/]: [optifine.OptiFineTransformer:getOptiFineResourcePatched:414]: 	at TRANSFORMER/minecraft@1.20.1/net.minecraft.Util.<clinit>(Util.java:176)
[30Jul2025 16:15:11.731] [main/INFO] [STDERR/]: [optifine.OptiFineTransformer:getOptiFineResourcePatched:414]: 	at TRANSFORMER/minecraft@1.20.1/net.minecraft.SystemReport.m_241713_(SystemReport.java:55)
[30Jul2025 16:15:11.731] [main/INFO] [STDERR/]: [optifine.OptiFineTransformer:getOptiFineResourcePatched:414]: 	at TRANSFORMER/minecraft@1.20.1/net.minecraft.SystemReport.m_143522_(SystemReport.java:66)
[30Jul2025 16:15:11.731] [main/INFO] [STDERR/]: [optifine.OptiFineTransformer:getOptiFineResourcePatched:414]: 	at TRANSFORMER/minecraft@1.20.1/net.minecraft.SystemReport.<init>(SystemReport.java:54)
[30Jul2025 16:15:11.732] [main/INFO] [STDERR/]: [optifine.OptiFineTransformer:getOptiFineResourcePatched:414]: 	at TRANSFORMER/minecraft@1.20.1/net.minecraft.CrashReport.<init>(CrashReport.java:31)
[30Jul2025 16:15:11.732] [main/INFO] [STDERR/]: [optifine.OptiFineTransformer:getOptiFineResourcePatched:414]: 	at TRANSFORMER/minecraft@1.20.1/net.minecraft.CrashReport.m_127529_(CrashReport.java:216)
[30Jul2025 16:15:11.732] [main/INFO] [STDERR/]: [optifine.OptiFineTransformer:getOptiFineResourcePatched:414]: 	at TRANSFORMER/minecraft@1.20.1/net.minecraft.server.Main.main(Main.java:116)
[30Jul2025 16:15:11.732] [main/INFO] [STDERR/]: [optifine.OptiFineTransformer:getOptiFineResourcePatched:414]: 	at java.base/jdk.internal.reflect.NativeMethodAccessorImpl.invoke0(Native Method)
[30Jul2025 16:15:11.733] [main/INFO] [STDERR/]: [optifine.OptiFineTransformer:getOptiFineResourcePatched:414]: 	at java.base/jdk.internal.reflect.NativeMethodAccessorImpl.invoke(NativeMethodAccessorImpl.java:77)
[30Jul2025 16:15:11.733] [main/INFO] [STDERR/]: [optifine.OptiFineTransformer:getOptiFineResourcePatched:414]: 	at java.base/jdk.internal.reflect.DelegatingMethodAccessorImpl.invoke(DelegatingMethodAccessorImpl.java:43)
[30Jul2025 16:15:11.733] [main/INFO] [STDERR/]: [optifine.OptiFineTransformer:getOptiFineResourcePatched:414]: 	at java.base/java.lang.reflect.Method.invoke(Method.java:569)
[30Jul2025 16:15:11.733] [main/INFO] [STDERR/]: [optifine.OptiFineTransformer:getOptiFineResourcePatched:414]: 	at MC-BOOTSTRAP/fmlloader@1.20.1-47.3.7/net.minecraftforge.fml.loading.targets.CommonLaunchHandler.runTarget(CommonLaunchHandler.java:111)
[30Jul2025 16:15:11.733] [main/INFO] [STDERR/]: [optifine.OptiFineTransformer:getOptiFineResourcePatched:414]: 	at MC-BOOTSTRAP/fmlloader@1.20.1-47.3.7/net.minecraftforge.fml.loading.targets.CommonLaunchHandler.serverService(CommonLaunchHandler.java:103)
[30Jul2025 16:15:11.734] [main/INFO] [STDERR/]: [optifine.OptiFineTransformer:getOptiFineResourcePatched:414]: 	at MC-BOOTSTRAP/fmlloader@1.20.1-47.3.7/net.minecraftforge.fml.loading.targets.CommonServerLaunchHandler.lambda$makeService$0(CommonServerLaunchHandler.java:27)
[30Jul2025 16:15:11.734] [main/INFO] [STDERR/]: [optifine.OptiFineTransformer:getOptiFineResourcePatched:414]: 	at MC-BOOTSTRAP/cpw.mods.modlauncher@10.0.9/cpw.mods.modlauncher.LaunchServiceHandlerDecorator.launch(LaunchServiceHandlerDecorator.java:30)
[30Jul2025 16:15:11.735] [main/INFO] [STDERR/]: [optifine.OptiFineTransformer:getOptiFineResourcePatched:414]: 	at MC-BOOTSTRAP/cpw.mods.modlauncher@10.0.9/cpw.mods.modlauncher.LaunchServiceHandler.launch(LaunchServiceHandler.java:53)
[30Jul2025 16:15:11.735] [main/INFO] [STDERR/]: [optifine.OptiFineTransformer:getOptiFineResourcePatched:414]: 	at MC-BOOTSTRAP/cpw.mods.modlauncher@10.0.9/cpw.mods.modlauncher.LaunchServiceHandler.launch(LaunchServiceHandler.java:71)
[30Jul2025 16:15:11.736] [main/INFO] [STDERR/]: [optifine.OptiFineTransformer:getOptiFineResourcePatched:414]: 	at MC-BOOTSTRAP/cpw.mods.modlauncher@10.0.9/cpw.mods.modlauncher.Launcher.run(Launcher.java:108)
[30Jul2025 16:15:11.736] [main/INFO] [STDERR/]: [optifine.OptiFineTransformer:getOptiFineResourcePatched:414]: 	at MC-BOOTSTRAP/cpw.mods.modlauncher@10.0.9/cpw.mods.modlauncher.Launcher.main(Launcher.java:78)
[30Jul2025 16:15:11.736] [main/INFO] [STDERR/]: [optifine.OptiFineTransformer:getOptiFineResourcePatched:414]: 	at MC-BOOTSTRAP/cpw.mods.modlauncher@10.0.9/cpw.mods.modlauncher.BootstrapLaunchConsumer.accept(BootstrapLaunchConsumer.java:26)
[30Jul2025 16:15:11.736] [main/INFO] [STDERR/]: [optifine.OptiFineTransformer:getOptiFineResourcePatched:414]: 	at MC-BOOTSTRAP/cpw.mods.modlauncher@10.0.9/cpw.mods.modlauncher.BootstrapLaunchConsumer.accept(BootstrapLaunchConsumer.java:23)
[30Jul2025 16:15:11.737] [main/INFO] [STDERR/]: [optifine.OptiFineTransformer:getOptiFineResourcePatched:414]: 	at cpw.mods.bootstraplauncher@1.1.2/cpw.mods.bootstraplauncher.BootstrapLauncher.main(BootstrapLauncher.java:141)
[30Jul2025 16:15:11.748] [main/INFO] [STDERR/]: [optifine.OptiFineTransformer:getOptiFineResourcePatched:414]: java.io.IOException: Base resource not found: ac$4.class
[30Jul2025 16:15:11.748] [main/INFO] [STDERR/]: [optifine.OptiFineTransformer:getOptiFineResourcePatched:414]: 	at LAYER SERVICE/optifine/optifine.Patcher.applyPatch(Patcher.java:146)
[30Jul2025 16:15:11.748] [main/INFO] [STDERR/]: [optifine.OptiFineTransformer:getOptiFineResourcePatched:414]: 	at LAYER SERVICE/optifine/optifine.OptiFineTransformer.getOptiFineResourcePatched(OptiFineTransformer.java:396)
[30Jul2025 16:15:11.749] [main/INFO] [STDERR/]: [optifine.OptiFineTransformer:getOptiFineResourcePatched:414]: 	at LAYER SERVICE/optifine/optifine.OptiFineTransformer.getOptiFineResourceStreamPatched(OptiFineTransformer.java:368)
[30Jul2025 16:15:11.749] [main/INFO] [STDERR/]: [optifine.OptiFineTransformer:getOptiFineResourcePatched:414]: 	at LAYER SERVICE/optifine/optifine.OptiFineTransformer.getOptiFineResourceStream(OptiFineTransformer.java:291)
[30Jul2025 16:15:11.749] [main/INFO] [STDERR/]: [optifine.OptiFineTransformer:getOptiFineResourcePatched:414]: 	at LAYER SERVICE/optifine/optifine.OptiFineTransformer.getOptiFineResource(OptiFineTransformer.java:260)
[30Jul2025 16:15:11.749] [main/INFO] [STDERR/]: [optifine.OptiFineTransformer:getOptiFineResourcePatched:414]: 	at LAYER SERVICE/optifine/optifine.OptiFineTransformer.transform(OptiFineTransformer.java:171)
[30Jul2025 16:15:11.749] [main/INFO] [STDERR/]: [optifine.OptiFineTransformer:getOptiFineResourcePatched:414]: 	at LAYER SERVICE/optifine/optifine.OptiFineTransformer.transform(OptiFineTransformer.java:1)
[30Jul2025 16:15:11.749] [main/INFO] [STDERR/]: [optifine.OptiFineTransformer:getOptiFineResourcePatched:414]: 	at MC-BOOTSTRAP/cpw.mods.modlauncher@10.0.9/cpw.mods.modlauncher.TransformerHolder.transform(TransformerHolder.java:41)
[30Jul2025 16:15:11.749] [main/INFO] [STDERR/]: [optifine.OptiFineTransformer:getOptiFineResourcePatched:414]: 	at MC-BOOTSTRAP/cpw.mods.modlauncher@10.0.9/cpw.mods.modlauncher.ClassTransformer.performVote(ClassTransformer.java:179)
[30Jul2025 16:15:11.749] [main/INFO] [STDERR/]: [optifine.OptiFineTransformer:getOptiFineResourcePatched:414]: 	at MC-BOOTSTRAP/cpw.mods.modlauncher@10.0.9/cpw.mods.modlauncher.ClassTransformer.transform(ClassTransformer.java:98)
[30Jul2025 16:15:11.749] [main/INFO] [STDERR/]: [optifine.OptiFineTransformer:getOptiFineResourcePatched:414]: 	at MC-BOOTSTRAP/cpw.mods.modlauncher@10.0.9/cpw.mods.modlauncher.TransformingClassLoader.maybeTransformClassBytes(TransformingClassLoader.java:50)
[30Jul2025 16:15:11.749] [main/INFO] [STDERR/]: [optifine.OptiFineTransformer:getOptiFineResourcePatched:414]: 	at cpw.mods.securejarhandler/cpw.mods.cl.ModuleClassLoader.readerToClass(ModuleClassLoader.java:113)
[30Jul2025 16:15:11.750] [main/INFO] [STDERR/]: [optifine.OptiFineTransformer:getOptiFineResourcePatched:414]: 	at cpw.mods.securejarhandler/cpw.mods.cl.ModuleClassLoader.lambda$findClass$15(ModuleClassLoader.java:219)
[30Jul2025 16:15:11.750] [main/INFO] [STDERR/]: [optifine.OptiFineTransformer:getOptiFineResourcePatched:414]: 	at cpw.mods.securejarhandler/cpw.mods.cl.ModuleClassLoader.loadFromModule(ModuleClassLoader.java:229)
[30Jul2025 16:15:11.750] [main/INFO] [STDERR/]: [optifine.OptiFineTransformer:getOptiFineResourcePatched:414]: 	at cpw.mods.securejarhandler/cpw.mods.cl.ModuleClassLoader.findClass(ModuleClassLoader.java:219)
[30Jul2025 16:15:11.750] [main/INFO] [STDERR/]: [optifine.OptiFineTransformer:getOptiFineResourcePatched:414]: 	at cpw.mods.securejarhandler/cpw.mods.cl.ModuleClassLoader.loadClass(ModuleClassLoader.java:135)
[30Jul2025 16:15:11.750] [main/INFO] [STDERR/]: [optifine.OptiFineTransformer:getOptiFineResourcePatched:414]: 	at java.base/java.lang.ClassLoader.loadClass(ClassLoader.java:525)
[30Jul2025 16:15:11.750] [main/INFO] [STDERR/]: [optifine.OptiFineTransformer:getOptiFineResourcePatched:414]: 	at TRANSFORMER/minecraft@1.20.1/net.minecraft.Util.<clinit>(Util.java:177)
[30Jul2025 16:15:11.750] [main/INFO] [STDERR/]: [optifine.OptiFineTransformer:getOptiFineResourcePatched:414]: 	at TRANSFORMER/minecraft@1.20.1/net.minecraft.SystemReport.m_241713_(SystemReport.java:55)
[30Jul2025 16:15:11.750] [main/INFO] [STDERR/]: [optifine.OptiFineTransformer:getOptiFineResourcePatched:414]: 	at TRANSFORMER/minecraft@1.20.1/net.minecraft.SystemReport.m_143522_(SystemReport.java:66)
[30Jul2025 16:15:11.750] [main/INFO] [STDERR/]: [optifine.OptiFineTransformer:getOptiFineResourcePatched:414]: 	at TRANSFORMER/minecraft@1.20.1/net.minecraft.SystemReport.<init>(SystemReport.java:54)
[30Jul2025 16:15:11.750] [main/INFO] [STDERR/]: [optifine.OptiFineTransformer:getOptiFineResourcePatched:414]: 	at TRANSFORMER/minecraft@1.20.1/net.minecraft.CrashReport.<init>(CrashReport.java:31)
[30Jul2025 16:15:11.751] [main/INFO] [STDERR/]: [optifine.OptiFineTransformer:getOptiFineResourcePatched:414]: 	at TRANSFORMER/minecraft@1.20.1/net.minecraft.CrashReport.m_127529_(CrashReport.java:216)
[30Jul2025 16:15:11.751] [main/INFO] [STDERR/]: [optifine.OptiFineTransformer:getOptiFineResourcePatched:414]: 	at TRANSFORMER/minecraft@1.20.1/net.minecraft.server.Main.main(Main.java:116)
[30Jul2025 16:15:11.751] [main/INFO] [STDERR/]: [optifine.OptiFineTransformer:getOptiFineResourcePatched:414]: 	at java.base/jdk.internal.reflect.NativeMethodAccessorImpl.invoke0(Native Method)
[30Jul2025 16:15:11.751] [main/INFO] [STDERR/]: [optifine.OptiFineTransformer:getOptiFineResourcePatched:414]: 	at java.base/jdk.internal.reflect.NativeMethodAccessorImpl.invoke(NativeMethodAccessorImpl.java:77)
[30Jul2025 16:15:11.751] [main/INFO] [STDERR/]: [optifine.OptiFineTransformer:getOptiFineResourcePatched:414]: 	at java.base/jdk.internal.reflect.DelegatingMethodAccessorImpl.invoke(DelegatingMethodAccessorImpl.java:43)
[30Jul2025 16:15:11.751] [main/INFO] [STDERR/]: [optifine.OptiFineTransformer:getOptiFineResourcePatched:414]: 	at java.base/java.lang.reflect.Method.invoke(Method.java:569)
[30Jul2025 16:15:11.751] [main/INFO] [STDERR/]: [optifine.OptiFineTransformer:getOptiFineResourcePatched:414]: 	at MC-BOOTSTRAP/fmlloader@1.20.1-47.3.7/net.minecraftforge.fml.loading.targets.CommonLaunchHandler.runTarget(CommonLaunchHandler.java:111)
[30Jul2025 16:15:11.751] [main/INFO] [STDERR/]: [optifine.OptiFineTransformer:getOptiFineResourcePatched:414]: 	at MC-BOOTSTRAP/fmlloader@1.20.1-47.3.7/net.minecraftforge.fml.loading.targets.CommonLaunchHandler.serverService(CommonLaunchHandler.java:103)
[30Jul2025 16:15:11.751] [main/INFO] [STDERR/]: [optifine.OptiFineTransformer:getOptiFineResourcePatched:414]: 	at MC-BOOTSTRAP/fmlloader@1.20.1-47.3.7/net.minecraftforge.fml.loading.targets.CommonServerLaunchHandler.lambda$makeService$0(CommonServerLaunchHandler.java:27)
[30Jul2025 16:15:11.752] [main/INFO] [STDERR/]: [optifine.OptiFineTransformer:getOptiFineResourcePatched:414]: 	at MC-BOOTSTRAP/cpw.mods.modlauncher@10.0.9/cpw.mods.modlauncher.LaunchServiceHandlerDecorator.launch(LaunchServiceHandlerDecorator.java:30)
[30Jul2025 16:15:11.752] [main/INFO] [STDERR/]: [optifine.OptiFineTransformer:getOptiFineResourcePatched:414]: 	at MC-BOOTSTRAP/cpw.mods.modlauncher@10.0.9/cpw.mods.modlauncher.LaunchServiceHandler.launch(LaunchServiceHandler.java:53)
[30Jul2025 16:15:11.752] [main/INFO] [STDERR/]: [optifine.OptiFineTransformer:getOptiFineResourcePatched:414]: 	at MC-BOOTSTRAP/cpw.mods.modlauncher@10.0.9/cpw.mods.modlauncher.LaunchServiceHandler.launch(LaunchServiceHandler.java:71)
[30Jul2025 16:15:11.752] [main/INFO] [STDERR/]: [optifine.OptiFineTransformer:getOptiFineResourcePatched:414]: 	at MC-BOOTSTRAP/cpw.mods.modlauncher@10.0.9/cpw.mods.modlauncher.Launcher.run(Launcher.java:108)
[30Jul2025 16:15:11.752] [main/INFO] [STDERR/]: [optifine.OptiFineTransformer:getOptiFineResourcePatched:414]: 	at MC-BOOTSTRAP/cpw.mods.modlauncher@10.0.9/cpw.mods.modlauncher.Launcher.main(Launcher.java:78)
[30Jul2025 16:15:11.752] [main/INFO] [STDERR/]: [optifine.OptiFineTransformer:getOptiFineResourcePatched:414]: 	at MC-BOOTSTRAP/cpw.mods.modlauncher@10.0.9/cpw.mods.modlauncher.BootstrapLaunchConsumer.accept(BootstrapLaunchConsumer.java:26)
[30Jul2025 16:15:11.752] [main/INFO] [STDERR/]: [optifine.OptiFineTransformer:getOptiFineResourcePatched:414]: 	at MC-BOOTSTRAP/cpw.mods.modlauncher@10.0.9/cpw.mods.modlauncher.BootstrapLaunchConsumer.accept(BootstrapLaunchConsumer.java:23)
[30Jul2025 16:15:11.752] [main/INFO] [STDERR/]: [optifine.OptiFineTransformer:getOptiFineResourcePatched:414]: 	at cpw.mods.bootstraplauncher@1.1.2/cpw.mods.bootstraplauncher.BootstrapLauncher.main(BootstrapLauncher.java:141)
[30Jul2025 16:15:11.798] [main/INFO] [net.minecraft.server.Bootstrap/]: ModernFix reached bootstrap stage (15.21 s after launch)
[30Jul2025 16:15:11.950] [main/INFO] [STDERR/]: [optifine.OptiFineTransformer:getOptiFineResourcePatched:414]: java.io.IOException: Base resource not found: ac$a.class
[30Jul2025 16:15:11.951] [main/INFO] [STDERR/]: [optifine.OptiFineTransformer:getOptiFineResourcePatched:414]: 	at LAYER SERVICE/optifine/optifine.Patcher.applyPatch(Patcher.java:146)
[30Jul2025 16:15:11.951] [main/INFO] [STDERR/]: [optifine.OptiFineTransformer:getOptiFineResourcePatched:414]: 	at LAYER SERVICE/optifine/optifine.OptiFineTransformer.getOptiFineResourcePatched(OptiFineTransformer.java:396)
[30Jul2025 16:15:11.951] [main/INFO] [STDERR/]: [optifine.OptiFineTransformer:getOptiFineResourcePatched:414]: 	at LAYER SERVICE/optifine/optifine.OptiFineTransformer.getOptiFineResourceStreamPatched(OptiFineTransformer.java:368)
[30Jul2025 16:15:11.951] [main/INFO] [STDERR/]: [optifine.OptiFineTransformer:getOptiFineResourcePatched:414]: 	at LAYER SERVICE/optifine/optifine.OptiFineTransformer.getOptiFineResourceStream(OptiFineTransformer.java:291)
[30Jul2025 16:15:11.951] [main/INFO] [STDERR/]: [optifine.OptiFineTransformer:getOptiFineResourcePatched:414]: 	at LAYER SERVICE/optifine/optifine.OptiFineTransformer.getOptiFineResource(OptiFineTransformer.java:260)
[30Jul2025 16:15:11.951] [main/INFO] [STDERR/]: [optifine.OptiFineTransformer:getOptiFineResourcePatched:414]: 	at LAYER SERVICE/optifine/optifine.OptiFineTransformer.transform(OptiFineTransformer.java:171)
[30Jul2025 16:15:11.951] [main/INFO] [STDERR/]: [optifine.OptiFineTransformer:getOptiFineResourcePatched:414]: 	at LAYER SERVICE/optifine/optifine.OptiFineTransformer.transform(OptiFineTransformer.java:1)
[30Jul2025 16:15:11.952] [main/INFO] [STDERR/]: [optifine.OptiFineTransformer:getOptiFineResourcePatched:414]: 	at MC-BOOTSTRAP/cpw.mods.modlauncher@10.0.9/cpw.mods.modlauncher.TransformerHolder.transform(TransformerHolder.java:41)
[30Jul2025 16:15:11.952] [main/INFO] [STDERR/]: [optifine.OptiFineTransformer:getOptiFineResourcePatched:414]: 	at MC-BOOTSTRAP/cpw.mods.modlauncher@10.0.9/cpw.mods.modlauncher.ClassTransformer.performVote(ClassTransformer.java:179)
[30Jul2025 16:15:11.952] [main/INFO] [STDERR/]: [optifine.OptiFineTransformer:getOptiFineResourcePatched:414]: 	at MC-BOOTSTRAP/cpw.mods.modlauncher@10.0.9/cpw.mods.modlauncher.ClassTransformer.transform(ClassTransformer.java:98)
[30Jul2025 16:15:11.952] [main/INFO] [STDERR/]: [optifine.OptiFineTransformer:getOptiFineResourcePatched:414]: 	at MC-BOOTSTRAP/cpw.mods.modlauncher@10.0.9/cpw.mods.modlauncher.TransformingClassLoader.maybeTransformClassBytes(TransformingClassLoader.java:50)
[30Jul2025 16:15:11.952] [main/INFO] [STDERR/]: [optifine.OptiFineTransformer:getOptiFineResourcePatched:414]: 	at cpw.mods.securejarhandler/cpw.mods.cl.ModuleClassLoader.readerToClass(ModuleClassLoader.java:113)
[30Jul2025 16:15:11.952] [main/INFO] [STDERR/]: [optifine.OptiFineTransformer:getOptiFineResourcePatched:414]: 	at cpw.mods.securejarhandler/cpw.mods.cl.ModuleClassLoader.lambda$findClass$15(ModuleClassLoader.java:219)
[30Jul2025 16:15:11.952] [main/INFO] [STDERR/]: [optifine.OptiFineTransformer:getOptiFineResourcePatched:414]: 	at cpw.mods.securejarhandler/cpw.mods.cl.ModuleClassLoader.loadFromModule(ModuleClassLoader.java:229)
[30Jul2025 16:15:11.952] [main/INFO] [STDERR/]: [optifine.OptiFineTransformer:getOptiFineResourcePatched:414]: 	at cpw.mods.securejarhandler/cpw.mods.cl.ModuleClassLoader.findClass(ModuleClassLoader.java:219)
[30Jul2025 16:15:11.952] [main/INFO] [STDERR/]: [optifine.OptiFineTransformer:getOptiFineResourcePatched:414]: 	at cpw.mods.securejarhandler/cpw.mods.cl.ModuleClassLoader.loadClass(ModuleClassLoader.java:135)
[30Jul2025 16:15:11.953] [main/INFO] [STDERR/]: [optifine.OptiFineTransformer:getOptiFineResourcePatched:414]: 	at java.base/java.lang.ClassLoader.loadClass(ClassLoader.java:525)
[30Jul2025 16:15:11.953] [main/INFO] [STDERR/]: [optifine.OptiFineTransformer:getOptiFineResourcePatched:414]: 	at TRANSFORMER/minecraft@1.20.1/net.minecraft.Util.m_137583_(Util.java:364)
[30Jul2025 16:15:11.953] [main/INFO] [STDERR/]: [optifine.OptiFineTransformer:getOptiFineResourcePatched:414]: 	at TRANSFORMER/minecraft@1.20.1/net.minecraft.core.MappedRegistry.<init>(MappedRegistry.java:39)
[30Jul2025 16:15:11.953] [main/INFO] [STDERR/]: [optifine.OptiFineTransformer:getOptiFineResourcePatched:414]: 	at TRANSFORMER/minecraft@1.20.1/net.minecraft.core.MappedRegistry.<init>(MappedRegistry.java:81)
[30Jul2025 16:15:11.953] [main/INFO] [STDERR/]: [optifine.OptiFineTransformer:getOptiFineResourcePatched:414]: 	at TRANSFORMER/minecraft@1.20.1/net.minecraft.core.registries.BuiltInRegistries.<clinit>(BuiltInRegistries.java:113)
[30Jul2025 16:15:11.953] [main/INFO] [STDERR/]: [optifine.OptiFineTransformer:getOptiFineResourcePatched:414]: 	at TRANSFORMER/minecraft@1.20.1/net.minecraft.server.Bootstrap.m_135870_(Bootstrap.java:43)
[30Jul2025 16:15:11.953] [main/INFO] [STDERR/]: [optifine.OptiFineTransformer:getOptiFineResourcePatched:414]: 	at TRANSFORMER/minecraft@1.20.1/net.minecraft.server.Main.main(Main.java:121)
[30Jul2025 16:15:11.953] [main/INFO] [STDERR/]: [optifine.OptiFineTransformer:getOptiFineResourcePatched:414]: 	at java.base/jdk.internal.reflect.NativeMethodAccessorImpl.invoke0(Native Method)
[30Jul2025 16:15:11.954] [main/INFO] [STDERR/]: [optifine.OptiFineTransformer:getOptiFineResourcePatched:414]: 	at java.base/jdk.internal.reflect.NativeMethodAccessorImpl.invoke(NativeMethodAccessorImpl.java:77)
[30Jul2025 16:15:11.954] [main/INFO] [STDERR/]: [optifine.OptiFineTransformer:getOptiFineResourcePatched:414]: 	at java.base/jdk.internal.reflect.DelegatingMethodAccessorImpl.invoke(DelegatingMethodAccessorImpl.java:43)
[30Jul2025 16:15:11.954] [main/INFO] [STDERR/]: [optifine.OptiFineTransformer:getOptiFineResourcePatched:414]: 	at java.base/java.lang.reflect.Method.invoke(Method.java:569)
[30Jul2025 16:15:11.954] [main/INFO] [STDERR/]: [optifine.OptiFineTransformer:getOptiFineResourcePatched:414]: 	at MC-BOOTSTRAP/fmlloader@1.20.1-47.3.7/net.minecraftforge.fml.loading.targets.CommonLaunchHandler.runTarget(CommonLaunchHandler.java:111)
[30Jul2025 16:15:11.954] [main/INFO] [STDERR/]: [optifine.OptiFineTransformer:getOptiFineResourcePatched:414]: 	at MC-BOOTSTRAP/fmlloader@1.20.1-47.3.7/net.minecraftforge.fml.loading.targets.CommonLaunchHandler.serverService(CommonLaunchHandler.java:103)
[30Jul2025 16:15:11.954] [main/INFO] [STDERR/]: [optifine.OptiFineTransformer:getOptiFineResourcePatched:414]: 	at MC-BOOTSTRAP/fmlloader@1.20.1-47.3.7/net.minecraftforge.fml.loading.targets.CommonServerLaunchHandler.lambda$makeService$0(CommonServerLaunchHandler.java:27)
[30Jul2025 16:15:11.954] [main/INFO] [STDERR/]: [optifine.OptiFineTransformer:getOptiFineResourcePatched:414]: 	at MC-BOOTSTRAP/cpw.mods.modlauncher@10.0.9/cpw.mods.modlauncher.LaunchServiceHandlerDecorator.launch(LaunchServiceHandlerDecorator.java:30)
[30Jul2025 16:15:11.954] [main/INFO] [STDERR/]: [optifine.OptiFineTransformer:getOptiFineResourcePatched:414]: 	at MC-BOOTSTRAP/cpw.mods.modlauncher@10.0.9/cpw.mods.modlauncher.LaunchServiceHandler.launch(LaunchServiceHandler.java:53)
[30Jul2025 16:15:11.955] [main/INFO] [STDERR/]: [optifine.OptiFineTransformer:getOptiFineResourcePatched:414]: 	at MC-BOOTSTRAP/cpw.mods.modlauncher@10.0.9/cpw.mods.modlauncher.LaunchServiceHandler.launch(LaunchServiceHandler.java:71)
[30Jul2025 16:15:11.955] [main/INFO] [STDERR/]: [optifine.OptiFineTransformer:getOptiFineResourcePatched:414]: 	at MC-BOOTSTRAP/cpw.mods.modlauncher@10.0.9/cpw.mods.modlauncher.Launcher.run(Launcher.java:108)
[30Jul2025 16:15:11.955] [main/INFO] [STDERR/]: [optifine.OptiFineTransformer:getOptiFineResourcePatched:414]: 	at MC-BOOTSTRAP/cpw.mods.modlauncher@10.0.9/cpw.mods.modlauncher.Launcher.main(Launcher.java:78)
[30Jul2025 16:15:11.955] [main/INFO] [STDERR/]: [optifine.OptiFineTransformer:getOptiFineResourcePatched:414]: 	at MC-BOOTSTRAP/cpw.mods.modlauncher@10.0.9/cpw.mods.modlauncher.BootstrapLaunchConsumer.accept(BootstrapLaunchConsumer.java:26)
[30Jul2025 16:15:11.955] [main/INFO] [STDERR/]: [optifine.OptiFineTransformer:getOptiFineResourcePatched:414]: 	at MC-BOOTSTRAP/cpw.mods.modlauncher@10.0.9/cpw.mods.modlauncher.BootstrapLaunchConsumer.accept(BootstrapLaunchConsumer.java:23)
[30Jul2025 16:15:11.955] [main/INFO] [STDERR/]: [optifine.OptiFineTransformer:getOptiFineResourcePatched:414]: 	at cpw.mods.bootstraplauncher@1.1.2/cpw.mods.bootstraplauncher.BootstrapLauncher.main(BootstrapLauncher.java:141)
[30Jul2025 16:15:12.047] [main/WARN] [mixin/]: @Final field delegatesByName:Ljava/util/Map; in modernfix-forge.mixins.json:perf.forge_registry_alloc.ForgeRegistryMixin should be final
[30Jul2025 16:15:12.047] [main/WARN] [mixin/]: @Final field delegatesByValue:Ljava/util/Map; in modernfix-forge.mixins.json:perf.forge_registry_alloc.ForgeRegistryMixin should be final
[30Jul2025 16:15:12.082] [main/INFO] [STDERR/]: [optifine.OptiFineTransformer:getOptiFineResourcePatched:414]: java.io.IOException: Base resource not found: dcb.class
[30Jul2025 16:15:12.082] [main/INFO] [STDERR/]: [optifine.OptiFineTransformer:getOptiFineResourcePatched:414]: 	at LAYER SERVICE/optifine/optifine.Patcher.applyPatch(Patcher.java:146)
[30Jul2025 16:15:12.082] [main/INFO] [STDERR/]: [optifine.OptiFineTransformer:getOptiFineResourcePatched:414]: 	at LAYER SERVICE/optifine/optifine.OptiFineTransformer.getOptiFineResourcePatched(OptiFineTransformer.java:396)
[30Jul2025 16:15:12.082] [main/INFO] [STDERR/]: [optifine.OptiFineTransformer:getOptiFineResourcePatched:414]: 	at LAYER SERVICE/optifine/optifine.OptiFineTransformer.getOptiFineResourceStreamPatched(OptiFineTransformer.java:368)
[30Jul2025 16:15:12.083] [main/INFO] [STDERR/]: [optifine.OptiFineTransformer:getOptiFineResourcePatched:414]: 	at LAYER SERVICE/optifine/optifine.OptiFineTransformer.getOptiFineResourceStream(OptiFineTransformer.java:291)
[30Jul2025 16:15:12.083] [main/INFO] [STDERR/]: [optifine.OptiFineTransformer:getOptiFineResourcePatched:414]: 	at LAYER SERVICE/optifine/optifine.OptiFineTransformer.getOptiFineResource(OptiFineTransformer.java:260)
[30Jul2025 16:15:12.083] [main/INFO] [STDERR/]: [optifine.OptiFineTransformer:getOptiFineResourcePatched:414]: 	at LAYER SERVICE/optifine/optifine.OptiFineTransformer.transform(OptiFineTransformer.java:171)
[30Jul2025 16:15:12.083] [main/INFO] [STDERR/]: [optifine.OptiFineTransformer:getOptiFineResourcePatched:414]: 	at LAYER SERVICE/optifine/optifine.OptiFineTransformer.transform(OptiFineTransformer.java:1)
[30Jul2025 16:15:12.083] [main/INFO] [STDERR/]: [optifine.OptiFineTransformer:getOptiFineResourcePatched:414]: 	at MC-BOOTSTRAP/cpw.mods.modlauncher@10.0.9/cpw.mods.modlauncher.TransformerHolder.transform(TransformerHolder.java:41)
[30Jul2025 16:15:12.083] [main/INFO] [STDERR/]: [optifine.OptiFineTransformer:getOptiFineResourcePatched:414]: 	at MC-BOOTSTRAP/cpw.mods.modlauncher@10.0.9/cpw.mods.modlauncher.ClassTransformer.performVote(ClassTransformer.java:179)
[30Jul2025 16:15:12.083] [main/INFO] [STDERR/]: [optifine.OptiFineTransformer:getOptiFineResourcePatched:414]: 	at MC-BOOTSTRAP/cpw.mods.modlauncher@10.0.9/cpw.mods.modlauncher.ClassTransformer.transform(ClassTransformer.java:98)
[30Jul2025 16:15:12.084] [main/INFO] [STDERR/]: [optifine.OptiFineTransformer:getOptiFineResourcePatched:414]: 	at MC-BOOTSTRAP/cpw.mods.modlauncher@10.0.9/cpw.mods.modlauncher.TransformingClassLoader.maybeTransformClassBytes(TransformingClassLoader.java:50)
[30Jul2025 16:15:12.084] [main/INFO] [STDERR/]: [optifine.OptiFineTransformer:getOptiFineResourcePatched:414]: 	at cpw.mods.securejarhandler/cpw.mods.cl.ModuleClassLoader.getMaybeTransformedClassBytes(ModuleClassLoader.java:250)
[30Jul2025 16:15:12.084] [main/INFO] [STDERR/]: [optifine.OptiFineTransformer:getOptiFineResourcePatched:414]: 	at MC-BOOTSTRAP/cpw.mods.modlauncher@10.0.9/cpw.mods.modlauncher.TransformingClassLoader.buildTransformedClassNodeFor(TransformingClassLoader.java:58)
[30Jul2025 16:15:12.084] [main/INFO] [STDERR/]: [optifine.OptiFineTransformer:getOptiFineResourcePatched:414]: 	at MC-BOOTSTRAP/cpw.mods.modlauncher@10.0.9/cpw.mods.modlauncher.LaunchPluginHandler.lambda$announceLaunch$10(LaunchPluginHandler.java:100)
[30Jul2025 16:15:12.084] [main/INFO] [STDERR/]: [optifine.OptiFineTransformer:getOptiFineResourcePatched:414]: 	at MC-BOOTSTRAP/org.spongepowered.mixin/org.spongepowered.asm.launch.MixinLaunchPluginLegacy.getClassNode(MixinLaunchPluginLegacy.java:222)
[30Jul2025 16:15:12.084] [main/INFO] [STDERR/]: [optifine.OptiFineTransformer:getOptiFineResourcePatched:414]: 	at MC-BOOTSTRAP/org.spongepowered.mixin/org.spongepowered.asm.launch.MixinLaunchPluginLegacy.getClassNode(MixinLaunchPluginLegacy.java:207)
[30Jul2025 16:15:12.084] [main/INFO] [STDERR/]: [optifine.OptiFineTransformer:getOptiFineResourcePatched:414]: 	at MC-BOOTSTRAP/org.spongepowered.mixin/org.spongepowered.asm.mixin.transformer.ClassInfo.forName(ClassInfo.java:2005)
[30Jul2025 16:15:12.085] [main/INFO] [STDERR/]: [optifine.OptiFineTransformer:getOptiFineResourcePatched:414]: 	at MC-BOOTSTRAP/org.spongepowered.mixin/org.spongepowered.asm.mixin.transformer.MixinTargetContext.transformSingleDescriptor(MixinTargetContext.java:981)
[30Jul2025 16:15:12.085] [main/INFO] [STDERR/]: [optifine.OptiFineTransformer:getOptiFineResourcePatched:414]: 	at MC-BOOTSTRAP/org.spongepowered.mixin/org.spongepowered.asm.mixin.transformer.MixinTargetContext.transformSingleDescriptor(MixinTargetContext.java:943)
[30Jul2025 16:15:12.085] [main/INFO] [STDERR/]: [optifine.OptiFineTransformer:getOptiFineResourcePatched:414]: 	at MC-BOOTSTRAP/org.spongepowered.mixin/org.spongepowered.asm.mixin.transformer.MixinTargetContext.transformLVT(MixinTargetContext.java:544)
[30Jul2025 16:15:12.085] [main/INFO] [STDERR/]: [optifine.OptiFineTransformer:getOptiFineResourcePatched:414]: 	at MC-BOOTSTRAP/org.spongepowered.mixin/org.spongepowered.asm.mixin.transformer.MixinTargetContext.transformMethod(MixinTargetContext.java:450)
[30Jul2025 16:15:12.085] [main/INFO] [STDERR/]: [optifine.OptiFineTransformer:getOptiFineResourcePatched:414]: 	at MC-BOOTSTRAP/org.spongepowered.mixin/org.spongepowered.asm.mixin.transformer.MixinApplicatorStandard.applyNormalMethod(MixinApplicatorStandard.java:532)
[30Jul2025 16:15:12.085] [main/INFO] [STDERR/]: [optifine.OptiFineTransformer:getOptiFineResourcePatched:414]: 	at MC-BOOTSTRAP/org.spongepowered.mixin/org.spongepowered.asm.mixin.transformer.MixinApplicatorStandard.applyMethods(MixinApplicatorStandard.java:518)
[30Jul2025 16:15:12.085] [main/INFO] [STDERR/]: [optifine.OptiFineTransformer:getOptiFineResourcePatched:414]: 	at MC-BOOTSTRAP/org.spongepowered.mixin/org.spongepowered.asm.mixin.transformer.MixinApplicatorStandard.applyMixin(MixinApplicatorStandard.java:386)
[30Jul2025 16:15:12.086] [main/INFO] [STDERR/]: [optifine.OptiFineTransformer:getOptiFineResourcePatched:414]: 	at MC-BOOTSTRAP/org.spongepowered.mixin/org.spongepowered.asm.mixin.transformer.MixinApplicatorStandard.apply(MixinApplicatorStandard.java:325)
[30Jul2025 16:15:12.086] [main/INFO] [STDERR/]: [optifine.OptiFineTransformer:getOptiFineResourcePatched:414]: 	at MC-BOOTSTRAP/org.spongepowered.mixin/org.spongepowered.asm.mixin.transformer.TargetClassContext.apply(TargetClassContext.java:383)
[30Jul2025 16:15:12.086] [main/INFO] [STDERR/]: [optifine.OptiFineTransformer:getOptiFineResourcePatched:414]: 	at MC-BOOTSTRAP/org.spongepowered.mixin/org.spongepowered.asm.mixin.transformer.TargetClassContext.applyMixins(TargetClassContext.java:365)
[30Jul2025 16:15:12.086] [main/INFO] [STDERR/]: [optifine.OptiFineTransformer:getOptiFineResourcePatched:414]: 	at MC-BOOTSTRAP/org.spongepowered.mixin/org.spongepowered.asm.mixin.transformer.MixinProcessor.applyMixins(MixinProcessor.java:363)
[30Jul2025 16:15:12.086] [main/INFO] [STDERR/]: [optifine.OptiFineTransformer:getOptiFineResourcePatched:414]: 	at MC-BOOTSTRAP/org.spongepowered.mixin/org.spongepowered.asm.mixin.transformer.MixinTransformer.transformClass(MixinTransformer.java:250)
[30Jul2025 16:15:12.086] [main/INFO] [STDERR/]: [optifine.OptiFineTransformer:getOptiFineResourcePatched:414]: 	at MC-BOOTSTRAP/org.spongepowered.mixin/org.spongepowered.asm.service.modlauncher.MixinTransformationHandler.processClass(MixinTransformationHandler.java:131)
[30Jul2025 16:15:12.086] [main/INFO] [STDERR/]: [optifine.OptiFineTransformer:getOptiFineResourcePatched:414]: 	at MC-BOOTSTRAP/org.spongepowered.mixin/org.spongepowered.asm.launch.MixinLaunchPluginLegacy.processClass(MixinLaunchPluginLegacy.java:131)
[30Jul2025 16:15:12.087] [main/INFO] [STDERR/]: [optifine.OptiFineTransformer:getOptiFineResourcePatched:414]: 	at MC-BOOTSTRAP/cpw.mods.modlauncher@10.0.9/cpw.mods.modlauncher.serviceapi.ILaunchPluginService.processClassWithFlags(ILaunchPluginService.java:156)
[30Jul2025 16:15:12.087] [main/INFO] [STDERR/]: [optifine.OptiFineTransformer:getOptiFineResourcePatched:414]: 	at MC-BOOTSTRAP/cpw.mods.modlauncher@10.0.9/cpw.mods.modlauncher.LaunchPluginHandler.offerClassNodeToPlugins(LaunchPluginHandler.java:88)
[30Jul2025 16:15:12.087] [main/INFO] [STDERR/]: [optifine.OptiFineTransformer:getOptiFineResourcePatched:414]: 	at MC-BOOTSTRAP/cpw.mods.modlauncher@10.0.9/cpw.mods.modlauncher.ClassTransformer.transform(ClassTransformer.java:120)
[30Jul2025 16:15:12.087] [main/INFO] [STDERR/]: [optifine.OptiFineTransformer:getOptiFineResourcePatched:414]: 	at MC-BOOTSTRAP/cpw.mods.modlauncher@10.0.9/cpw.mods.modlauncher.TransformingClassLoader.maybeTransformClassBytes(TransformingClassLoader.java:50)
[30Jul2025 16:15:12.087] [main/INFO] [STDERR/]: [optifine.OptiFineTransformer:getOptiFineResourcePatched:414]: 	at cpw.mods.securejarhandler/cpw.mods.cl.ModuleClassLoader.readerToClass(ModuleClassLoader.java:113)
[30Jul2025 16:15:12.087] [main/INFO] [STDERR/]: [optifine.OptiFineTransformer:getOptiFineResourcePatched:414]: 	at cpw.mods.securejarhandler/cpw.mods.cl.ModuleClassLoader.lambda$findClass$15(ModuleClassLoader.java:219)
[30Jul2025 16:15:12.088] [main/INFO] [STDERR/]: [optifine.OptiFineTransformer:getOptiFineResourcePatched:414]: 	at cpw.mods.securejarhandler/cpw.mods.cl.ModuleClassLoader.loadFromModule(ModuleClassLoader.java:229)
[30Jul2025 16:15:12.088] [main/INFO] [STDERR/]: [optifine.OptiFineTransformer:getOptiFineResourcePatched:414]: 	at cpw.mods.securejarhandler/cpw.mods.cl.ModuleClassLoader.findClass(ModuleClassLoader.java:219)
[30Jul2025 16:15:12.088] [main/INFO] [STDERR/]: [optifine.OptiFineTransformer:getOptiFineResourcePatched:414]: 	at cpw.mods.securejarhandler/cpw.mods.cl.ModuleClassLoader.loadClass(ModuleClassLoader.java:135)
[30Jul2025 16:15:12.088] [main/INFO] [STDERR/]: [optifine.OptiFineTransformer:getOptiFineResourcePatched:414]: 	at java.base/java.lang.ClassLoader.loadClass(ClassLoader.java:525)
[30Jul2025 16:15:12.088] [main/INFO] [STDERR/]: [optifine.OptiFineTransformer:getOptiFineResourcePatched:414]: 	at TRANSFORMER/forge@47.3.7/net.minecraftforge.registries.GameData.init(GameData.java:107)
[30Jul2025 16:15:12.088] [main/INFO] [STDERR/]: [optifine.OptiFineTransformer:getOptiFineResourcePatched:414]: 	at TRANSFORMER/forge@47.3.7/net.minecraftforge.registries.GameData.<clinit>(GameData.java:93)
[30Jul2025 16:15:12.088] [main/INFO] [STDERR/]: [optifine.OptiFineTransformer:getOptiFineResourcePatched:414]: 	at TRANSFORMER/minecraft@1.20.1/net.minecraft.core.registries.BuiltInRegistries.forge(BuiltInRegistries.java:429)
[30Jul2025 16:15:12.089] [main/INFO] [STDERR/]: [optifine.OptiFineTransformer:getOptiFineResourcePatched:414]: 	at TRANSFORMER/minecraft@1.20.1/net.minecraft.core.registries.BuiltInRegistries.forge(BuiltInRegistries.java:409)
[30Jul2025 16:15:12.089] [main/INFO] [STDERR/]: [optifine.OptiFineTransformer:getOptiFineResourcePatched:414]: 	at TRANSFORMER/minecraft@1.20.1/net.minecraft.core.registries.BuiltInRegistries.<clinit>(BuiltInRegistries.java:121)
[30Jul2025 16:15:12.089] [main/INFO] [STDERR/]: [optifine.OptiFineTransformer:getOptiFineResourcePatched:414]: 	at TRANSFORMER/minecraft@1.20.1/net.minecraft.server.Bootstrap.m_135870_(Bootstrap.java:43)
[30Jul2025 16:15:12.089] [main/INFO] [STDERR/]: [optifine.OptiFineTransformer:getOptiFineResourcePatched:414]: 	at TRANSFORMER/minecraft@1.20.1/net.minecraft.server.Main.main(Main.java:121)
[30Jul2025 16:15:12.089] [main/INFO] [STDERR/]: [optifine.OptiFineTransformer:getOptiFineResourcePatched:414]: 	at java.base/jdk.internal.reflect.NativeMethodAccessorImpl.invoke0(Native Method)
[30Jul2025 16:15:12.089] [main/INFO] [STDERR/]: [optifine.OptiFineTransformer:getOptiFineResourcePatched:414]: 	at java.base/jdk.internal.reflect.NativeMethodAccessorImpl.invoke(NativeMethodAccessorImpl.java:77)
[30Jul2025 16:15:12.089] [main/INFO] [STDERR/]: [optifine.OptiFineTransformer:getOptiFineResourcePatched:414]: 	at java.base/jdk.internal.reflect.DelegatingMethodAccessorImpl.invoke(DelegatingMethodAccessorImpl.java:43)
[30Jul2025 16:15:12.090] [main/INFO] [STDERR/]: [optifine.OptiFineTransformer:getOptiFineResourcePatched:414]: 	at java.base/java.lang.reflect.Method.invoke(Method.java:569)
[30Jul2025 16:15:12.090] [main/INFO] [STDERR/]: [optifine.OptiFineTransformer:getOptiFineResourcePatched:414]: 	at MC-BOOTSTRAP/fmlloader@1.20.1-47.3.7/net.minecraftforge.fml.loading.targets.CommonLaunchHandler.runTarget(CommonLaunchHandler.java:111)
[30Jul2025 16:15:12.090] [main/INFO] [STDERR/]: [optifine.OptiFineTransformer:getOptiFineResourcePatched:414]: 	at MC-BOOTSTRAP/fmlloader@1.20.1-47.3.7/net.minecraftforge.fml.loading.targets.CommonLaunchHandler.serverService(CommonLaunchHandler.java:103)
[30Jul2025 16:15:12.090] [main/INFO] [STDERR/]: [optifine.OptiFineTransformer:getOptiFineResourcePatched:414]: 	at MC-BOOTSTRAP/fmlloader@1.20.1-47.3.7/net.minecraftforge.fml.loading.targets.CommonServerLaunchHandler.lambda$makeService$0(CommonServerLaunchHandler.java:27)
[30Jul2025 16:15:12.090] [main/INFO] [STDERR/]: [optifine.OptiFineTransformer:getOptiFineResourcePatched:414]: 	at MC-BOOTSTRAP/cpw.mods.modlauncher@10.0.9/cpw.mods.modlauncher.LaunchServiceHandlerDecorator.launch(LaunchServiceHandlerDecorator.java:30)
[30Jul2025 16:15:12.090] [main/INFO] [STDERR/]: [optifine.OptiFineTransformer:getOptiFineResourcePatched:414]: 	at MC-BOOTSTRAP/cpw.mods.modlauncher@10.0.9/cpw.mods.modlauncher.LaunchServiceHandler.launch(LaunchServiceHandler.java:53)
[30Jul2025 16:15:12.090] [main/INFO] [STDERR/]: [optifine.OptiFineTransformer:getOptiFineResourcePatched:414]: 	at MC-BOOTSTRAP/cpw.mods.modlauncher@10.0.9/cpw.mods.modlauncher.LaunchServiceHandler.launch(LaunchServiceHandler.java:71)
[30Jul2025 16:15:12.091] [main/INFO] [STDERR/]: [optifine.OptiFineTransformer:getOptiFineResourcePatched:414]: 	at MC-BOOTSTRAP/cpw.mods.modlauncher@10.0.9/cpw.mods.modlauncher.Launcher.run(Launcher.java:108)
[30Jul2025 16:15:12.091] [main/INFO] [STDERR/]: [optifine.OptiFineTransformer:getOptiFineResourcePatched:414]: 	at MC-BOOTSTRAP/cpw.mods.modlauncher@10.0.9/cpw.mods.modlauncher.Launcher.main(Launcher.java:78)
[30Jul2025 16:15:12.091] [main/INFO] [STDERR/]: [optifine.OptiFineTransformer:getOptiFineResourcePatched:414]: 	at MC-BOOTSTRAP/cpw.mods.modlauncher@10.0.9/cpw.mods.modlauncher.BootstrapLaunchConsumer.accept(BootstrapLaunchConsumer.java:26)
[30Jul2025 16:15:12.091] [main/INFO] [STDERR/]: [optifine.OptiFineTransformer:getOptiFineResourcePatched:414]: 	at MC-BOOTSTRAP/cpw.mods.modlauncher@10.0.9/cpw.mods.modlauncher.BootstrapLaunchConsumer.accept(BootstrapLaunchConsumer.java:23)
[30Jul2025 16:15:12.091] [main/INFO] [STDERR/]: [optifine.OptiFineTransformer:getOptiFineResourcePatched:414]: 	at cpw.mods.bootstraplauncher@1.1.2/cpw.mods.bootstraplauncher.BootstrapLauncher.main(BootstrapLauncher.java:141)
[30Jul2025 16:15:12.179] [main/INFO] [STDERR/]: [optifine.OptiFineTransformer:getOptiFineResourcePatched:414]: java.io.IOException: Base resource not found: dcb.class
[30Jul2025 16:15:12.180] [main/INFO] [STDERR/]: [optifine.OptiFineTransformer:getOptiFineResourcePatched:414]: 	at LAYER SERVICE/optifine/optifine.Patcher.applyPatch(Patcher.java:146)
[30Jul2025 16:15:12.180] [main/INFO] [STDERR/]: [optifine.OptiFineTransformer:getOptiFineResourcePatched:414]: 	at LAYER SERVICE/optifine/optifine.OptiFineTransformer.getOptiFineResourcePatched(OptiFineTransformer.java:396)
[30Jul2025 16:15:12.180] [main/INFO] [STDERR/]: [optifine.OptiFineTransformer:getOptiFineResourcePatched:414]: 	at LAYER SERVICE/optifine/optifine.OptiFineTransformer.getOptiFineResourceStreamPatched(OptiFineTransformer.java:368)
[30Jul2025 16:15:12.180] [main/INFO] [STDERR/]: [optifine.OptiFineTransformer:getOptiFineResourcePatched:414]: 	at LAYER SERVICE/optifine/optifine.OptiFineTransformer.getOptiFineResourceStream(OptiFineTransformer.java:291)
[30Jul2025 16:15:12.180] [main/INFO] [STDERR/]: [optifine.OptiFineTransformer:getOptiFineResourcePatched:414]: 	at LAYER SERVICE/optifine/optifine.OptiFineTransformer.getOptiFineResource(OptiFineTransformer.java:260)
[30Jul2025 16:15:12.180] [main/INFO] [STDERR/]: [optifine.OptiFineTransformer:getOptiFineResourcePatched:414]: 	at LAYER SERVICE/optifine/optifine.OptiFineTransformer.transform(OptiFineTransformer.java:171)
[30Jul2025 16:15:12.181] [main/INFO] [STDERR/]: [optifine.OptiFineTransformer:getOptiFineResourcePatched:414]: 	at LAYER SERVICE/optifine/optifine.OptiFineTransformer.transform(OptiFineTransformer.java:1)
[30Jul2025 16:15:12.181] [main/INFO] [STDERR/]: [optifine.OptiFineTransformer:getOptiFineResourcePatched:414]: 	at MC-BOOTSTRAP/cpw.mods.modlauncher@10.0.9/cpw.mods.modlauncher.TransformerHolder.transform(TransformerHolder.java:41)
[30Jul2025 16:15:12.181] [main/INFO] [STDERR/]: [optifine.OptiFineTransformer:getOptiFineResourcePatched:414]: 	at MC-BOOTSTRAP/cpw.mods.modlauncher@10.0.9/cpw.mods.modlauncher.ClassTransformer.performVote(ClassTransformer.java:179)
[30Jul2025 16:15:12.181] [main/INFO] [STDERR/]: [optifine.OptiFineTransformer:getOptiFineResourcePatched:414]: 	at MC-BOOTSTRAP/cpw.mods.modlauncher@10.0.9/cpw.mods.modlauncher.ClassTransformer.transform(ClassTransformer.java:98)
[30Jul2025 16:15:12.181] [main/INFO] [STDERR/]: [optifine.OptiFineTransformer:getOptiFineResourcePatched:414]: 	at MC-BOOTSTRAP/cpw.mods.modlauncher@10.0.9/cpw.mods.modlauncher.TransformingClassLoader.maybeTransformClassBytes(TransformingClassLoader.java:50)
[30Jul2025 16:15:12.181] [main/INFO] [STDERR/]: [optifine.OptiFineTransformer:getOptiFineResourcePatched:414]: 	at cpw.mods.securejarhandler/cpw.mods.cl.ModuleClassLoader.readerToClass(ModuleClassLoader.java:113)
[30Jul2025 16:15:12.181] [main/INFO] [STDERR/]: [optifine.OptiFineTransformer:getOptiFineResourcePatched:414]: 	at cpw.mods.securejarhandler/cpw.mods.cl.ModuleClassLoader.lambda$findClass$15(ModuleClassLoader.java:219)
[30Jul2025 16:15:12.181] [main/INFO] [STDERR/]: [optifine.OptiFineTransformer:getOptiFineResourcePatched:414]: 	at cpw.mods.securejarhandler/cpw.mods.cl.ModuleClassLoader.loadFromModule(ModuleClassLoader.java:229)
[30Jul2025 16:15:12.181] [main/INFO] [STDERR/]: [optifine.OptiFineTransformer:getOptiFineResourcePatched:414]: 	at cpw.mods.securejarhandler/cpw.mods.cl.ModuleClassLoader.findClass(ModuleClassLoader.java:219)
[30Jul2025 16:15:12.181] [main/INFO] [STDERR/]: [optifine.OptiFineTransformer:getOptiFineResourcePatched:414]: 	at cpw.mods.securejarhandler/cpw.mods.cl.ModuleClassLoader.loadClass(ModuleClassLoader.java:135)
[30Jul2025 16:15:12.181] [main/INFO] [STDERR/]: [optifine.OptiFineTransformer:getOptiFineResourcePatched:414]: 	at java.base/java.lang.ClassLoader.loadClass(ClassLoader.java:525)
[30Jul2025 16:15:12.182] [main/INFO] [STDERR/]: [optifine.OptiFineTransformer:getOptiFineResourcePatched:414]: 	at TRANSFORMER/forge@47.3.7/net.minecraftforge.registries.GameData.init(GameData.java:107)
[30Jul2025 16:15:12.182] [main/INFO] [STDERR/]: [optifine.OptiFineTransformer:getOptiFineResourcePatched:414]: 	at TRANSFORMER/forge@47.3.7/net.minecraftforge.registries.GameData.<clinit>(GameData.java:93)
[30Jul2025 16:15:12.182] [main/INFO] [STDERR/]: [optifine.OptiFineTransformer:getOptiFineResourcePatched:414]: 	at TRANSFORMER/minecraft@1.20.1/net.minecraft.core.registries.BuiltInRegistries.forge(BuiltInRegistries.java:429)
[30Jul2025 16:15:12.182] [main/INFO] [STDERR/]: [optifine.OptiFineTransformer:getOptiFineResourcePatched:414]: 	at TRANSFORMER/minecraft@1.20.1/net.minecraft.core.registries.BuiltInRegistries.forge(BuiltInRegistries.java:409)
[30Jul2025 16:15:12.182] [main/INFO] [STDERR/]: [optifine.OptiFineTransformer:getOptiFineResourcePatched:414]: 	at TRANSFORMER/minecraft@1.20.1/net.minecraft.core.registries.BuiltInRegistries.<clinit>(BuiltInRegistries.java:121)
[30Jul2025 16:15:12.182] [main/INFO] [STDERR/]: [optifine.OptiFineTransformer:getOptiFineResourcePatched:414]: 	at TRANSFORMER/minecraft@1.20.1/net.minecraft.server.Bootstrap.m_135870_(Bootstrap.java:43)
[30Jul2025 16:15:12.182] [main/INFO] [STDERR/]: [optifine.OptiFineTransformer:getOptiFineResourcePatched:414]: 	at TRANSFORMER/minecraft@1.20.1/net.minecraft.server.Main.main(Main.java:121)
[30Jul2025 16:15:12.183] [main/INFO] [STDERR/]: [optifine.OptiFineTransformer:getOptiFineResourcePatched:414]: 	at java.base/jdk.internal.reflect.NativeMethodAccessorImpl.invoke0(Native Method)
[30Jul2025 16:15:12.183] [main/INFO] [STDERR/]: [optifine.OptiFineTransformer:getOptiFineResourcePatched:414]: 	at java.base/jdk.internal.reflect.NativeMethodAccessorImpl.invoke(NativeMethodAccessorImpl.java:77)
[30Jul2025 16:15:12.183] [main/INFO] [STDERR/]: [optifine.OptiFineTransformer:getOptiFineResourcePatched:414]: 	at java.base/jdk.internal.reflect.DelegatingMethodAccessorImpl.invoke(DelegatingMethodAccessorImpl.java:43)
[30Jul2025 16:15:12.183] [main/INFO] [STDERR/]: [optifine.OptiFineTransformer:getOptiFineResourcePatched:414]: 	at java.base/java.lang.reflect.Method.invoke(Method.java:569)
[30Jul2025 16:15:12.183] [main/INFO] [STDERR/]: [optifine.OptiFineTransformer:getOptiFineResourcePatched:414]: 	at MC-BOOTSTRAP/fmlloader@1.20.1-47.3.7/net.minecraftforge.fml.loading.targets.CommonLaunchHandler.runTarget(CommonLaunchHandler.java:111)
[30Jul2025 16:15:12.183] [main/INFO] [STDERR/]: [optifine.OptiFineTransformer:getOptiFineResourcePatched:414]: 	at MC-BOOTSTRAP/fmlloader@1.20.1-47.3.7/net.minecraftforge.fml.loading.targets.CommonLaunchHandler.serverService(CommonLaunchHandler.java:103)
[30Jul2025 16:15:12.184] [main/INFO] [STDERR/]: [optifine.OptiFineTransformer:getOptiFineResourcePatched:414]: 	at MC-BOOTSTRAP/fmlloader@1.20.1-47.3.7/net.minecraftforge.fml.loading.targets.CommonServerLaunchHandler.lambda$makeService$0(CommonServerLaunchHandler.java:27)
[30Jul2025 16:15:12.184] [main/INFO] [STDERR/]: [optifine.OptiFineTransformer:getOptiFineResourcePatched:414]: 	at MC-BOOTSTRAP/cpw.mods.modlauncher@10.0.9/cpw.mods.modlauncher.LaunchServiceHandlerDecorator.launch(LaunchServiceHandlerDecorator.java:30)
[30Jul2025 16:15:12.184] [main/INFO] [STDERR/]: [optifine.OptiFineTransformer:getOptiFineResourcePatched:414]: 	at MC-BOOTSTRAP/cpw.mods.modlauncher@10.0.9/cpw.mods.modlauncher.LaunchServiceHandler.launch(LaunchServiceHandler.java:53)
[30Jul2025 16:15:12.184] [main/INFO] [STDERR/]: [optifine.OptiFineTransformer:getOptiFineResourcePatched:414]: 	at MC-BOOTSTRAP/cpw.mods.modlauncher@10.0.9/cpw.mods.modlauncher.LaunchServiceHandler.launch(LaunchServiceHandler.java:71)
[30Jul2025 16:15:12.184] [main/INFO] [STDERR/]: [optifine.OptiFineTransformer:getOptiFineResourcePatched:414]: 	at MC-BOOTSTRAP/cpw.mods.modlauncher@10.0.9/cpw.mods.modlauncher.Launcher.run(Launcher.java:108)
[30Jul2025 16:15:12.184] [main/INFO] [STDERR/]: [optifine.OptiFineTransformer:getOptiFineResourcePatched:414]: 	at MC-BOOTSTRAP/cpw.mods.modlauncher@10.0.9/cpw.mods.modlauncher.Launcher.main(Launcher.java:78)
[30Jul2025 16:15:12.185] [main/INFO] [STDERR/]: [optifine.OptiFineTransformer:getOptiFineResourcePatched:414]: 	at MC-BOOTSTRAP/cpw.mods.modlauncher@10.0.9/cpw.mods.modlauncher.BootstrapLaunchConsumer.accept(BootstrapLaunchConsumer.java:26)
[30Jul2025 16:15:12.185] [main/INFO] [STDERR/]: [optifine.OptiFineTransformer:getOptiFineResourcePatched:414]: 	at MC-BOOTSTRAP/cpw.mods.modlauncher@10.0.9/cpw.mods.modlauncher.BootstrapLaunchConsumer.accept(BootstrapLaunchConsumer.java:23)
[30Jul2025 16:15:12.185] [main/INFO] [STDERR/]: [optifine.OptiFineTransformer:getOptiFineResourcePatched:414]: 	at cpw.mods.bootstraplauncher@1.1.2/cpw.mods.bootstraplauncher.BootstrapLauncher.main(BootstrapLauncher.java:141)
[30Jul2025 16:15:12.188] [main/INFO] [STDERR/]: [optifine.OptiFineTransformer:getOptiFineResourcePatched:414]: java.io.IOException: Base resource not found: dde.class
[30Jul2025 16:15:12.188] [main/INFO] [STDERR/]: [optifine.OptiFineTransformer:getOptiFineResourcePatched:414]: 	at LAYER SERVICE/optifine/optifine.Patcher.applyPatch(Patcher.java:146)
[30Jul2025 16:15:12.188] [main/INFO] [STDERR/]: [optifine.OptiFineTransformer:getOptiFineResourcePatched:414]: 	at LAYER SERVICE/optifine/optifine.OptiFineTransformer.getOptiFineResourcePatched(OptiFineTransformer.java:396)
[30Jul2025 16:15:12.188] [main/INFO] [STDERR/]: [optifine.OptiFineTransformer:getOptiFineResourcePatched:414]: 	at LAYER SERVICE/optifine/optifine.OptiFineTransformer.getOptiFineResourceStreamPatched(OptiFineTransformer.java:368)
[30Jul2025 16:15:12.188] [main/INFO] [STDERR/]: [optifine.OptiFineTransformer:getOptiFineResourcePatched:414]: 	at LAYER SERVICE/optifine/optifine.OptiFineTransformer.getOptiFineResourceStream(OptiFineTransformer.java:291)
[30Jul2025 16:15:12.188] [main/INFO] [STDERR/]: [optifine.OptiFineTransformer:getOptiFineResourcePatched:414]: 	at LAYER SERVICE/optifine/optifine.OptiFineTransformer.getOptiFineResource(OptiFineTransformer.java:260)
[30Jul2025 16:15:12.189] [main/INFO] [STDERR/]: [optifine.OptiFineTransformer:getOptiFineResourcePatched:414]: 	at LAYER SERVICE/optifine/optifine.OptiFineTransformer.transform(OptiFineTransformer.java:171)
[30Jul2025 16:15:12.189] [main/INFO] [STDERR/]: [optifine.OptiFineTransformer:getOptiFineResourcePatched:414]: 	at LAYER SERVICE/optifine/optifine.OptiFineTransformer.transform(OptiFineTransformer.java:1)
[30Jul2025 16:15:12.189] [main/INFO] [STDERR/]: [optifine.OptiFineTransformer:getOptiFineResourcePatched:414]: 	at MC-BOOTSTRAP/cpw.mods.modlauncher@10.0.9/cpw.mods.modlauncher.TransformerHolder.transform(TransformerHolder.java:41)
[30Jul2025 16:15:12.189] [main/INFO] [STDERR/]: [optifine.OptiFineTransformer:getOptiFineResourcePatched:414]: 	at MC-BOOTSTRAP/cpw.mods.modlauncher@10.0.9/cpw.mods.modlauncher.ClassTransformer.performVote(ClassTransformer.java:179)
[30Jul2025 16:15:12.189] [main/INFO] [STDERR/]: [optifine.OptiFineTransformer:getOptiFineResourcePatched:414]: 	at MC-BOOTSTRAP/cpw.mods.modlauncher@10.0.9/cpw.mods.modlauncher.ClassTransformer.transform(ClassTransformer.java:98)
[30Jul2025 16:15:12.189] [main/INFO] [STDERR/]: [optifine.OptiFineTransformer:getOptiFineResourcePatched:414]: 	at MC-BOOTSTRAP/cpw.mods.modlauncher@10.0.9/cpw.mods.modlauncher.TransformingClassLoader.maybeTransformClassBytes(TransformingClassLoader.java:50)
[30Jul2025 16:15:12.189] [main/INFO] [STDERR/]: [optifine.OptiFineTransformer:getOptiFineResourcePatched:414]: 	at cpw.mods.securejarhandler/cpw.mods.cl.ModuleClassLoader.readerToClass(ModuleClassLoader.java:113)
[30Jul2025 16:15:12.190] [main/INFO] [STDERR/]: [optifine.OptiFineTransformer:getOptiFineResourcePatched:414]: 	at cpw.mods.securejarhandler/cpw.mods.cl.ModuleClassLoader.lambda$findClass$15(ModuleClassLoader.java:219)
[30Jul2025 16:15:12.190] [main/INFO] [STDERR/]: [optifine.OptiFineTransformer:getOptiFineResourcePatched:414]: 	at cpw.mods.securejarhandler/cpw.mods.cl.ModuleClassLoader.loadFromModule(ModuleClassLoader.java:229)
[30Jul2025 16:15:12.190] [main/INFO] [STDERR/]: [optifine.OptiFineTransformer:getOptiFineResourcePatched:414]: 	at cpw.mods.securejarhandler/cpw.mods.cl.ModuleClassLoader.findClass(ModuleClassLoader.java:219)
[30Jul2025 16:15:12.190] [main/INFO] [STDERR/]: [optifine.OptiFineTransformer:getOptiFineResourcePatched:414]: 	at cpw.mods.securejarhandler/cpw.mods.cl.ModuleClassLoader.loadClass(ModuleClassLoader.java:135)
[30Jul2025 16:15:12.190] [main/INFO] [STDERR/]: [optifine.OptiFineTransformer:getOptiFineResourcePatched:414]: 	at java.base/java.lang.ClassLoader.loadClass(ClassLoader.java:525)
[30Jul2025 16:15:12.190] [main/INFO] [STDERR/]: [optifine.OptiFineTransformer:getOptiFineResourcePatched:414]: 	at TRANSFORMER/forge@47.3.7/net.minecraftforge.registries.GameData.init(GameData.java:107)
[30Jul2025 16:15:12.190] [main/INFO] [STDERR/]: [optifine.OptiFineTransformer:getOptiFineResourcePatched:414]: 	at TRANSFORMER/forge@47.3.7/net.minecraftforge.registries.GameData.<clinit>(GameData.java:93)
[30Jul2025 16:15:12.191] [main/INFO] [STDERR/]: [optifine.OptiFineTransformer:getOptiFineResourcePatched:414]: 	at TRANSFORMER/minecraft@1.20.1/net.minecraft.core.registries.BuiltInRegistries.forge(BuiltInRegistries.java:429)
[30Jul2025 16:15:12.191] [main/INFO] [STDERR/]: [optifine.OptiFineTransformer:getOptiFineResourcePatched:414]: 	at TRANSFORMER/minecraft@1.20.1/net.minecraft.core.registries.BuiltInRegistries.forge(BuiltInRegistries.java:409)
[30Jul2025 16:15:12.191] [main/INFO] [STDERR/]: [optifine.OptiFineTransformer:getOptiFineResourcePatched:414]: 	at TRANSFORMER/minecraft@1.20.1/net.minecraft.core.registries.BuiltInRegistries.<clinit>(BuiltInRegistries.java:121)
[30Jul2025 16:15:12.191] [main/INFO] [STDERR/]: [optifine.OptiFineTransformer:getOptiFineResourcePatched:414]: 	at TRANSFORMER/minecraft@1.20.1/net.minecraft.server.Bootstrap.m_135870_(Bootstrap.java:43)
[30Jul2025 16:15:12.191] [main/INFO] [STDERR/]: [optifine.OptiFineTransformer:getOptiFineResourcePatched:414]: 	at TRANSFORMER/minecraft@1.20.1/net.minecraft.server.Main.main(Main.java:121)
[30Jul2025 16:15:12.191] [main/INFO] [STDERR/]: [optifine.OptiFineTransformer:getOptiFineResourcePatched:414]: 	at java.base/jdk.internal.reflect.NativeMethodAccessorImpl.invoke0(Native Method)
[30Jul2025 16:15:12.191] [main/INFO] [STDERR/]: [optifine.OptiFineTransformer:getOptiFineResourcePatched:414]: 	at java.base/jdk.internal.reflect.NativeMethodAccessorImpl.invoke(NativeMethodAccessorImpl.java:77)
[30Jul2025 16:15:12.192] [main/INFO] [STDERR/]: [optifine.OptiFineTransformer:getOptiFineResourcePatched:414]: 	at java.base/jdk.internal.reflect.DelegatingMethodAccessorImpl.invoke(DelegatingMethodAccessorImpl.java:43)
[30Jul2025 16:15:12.192] [main/INFO] [STDERR/]: [optifine.OptiFineTransformer:getOptiFineResourcePatched:414]: 	at java.base/java.lang.reflect.Method.invoke(Method.java:569)
[30Jul2025 16:15:12.192] [main/INFO] [STDERR/]: [optifine.OptiFineTransformer:getOptiFineResourcePatched:414]: 	at MC-BOOTSTRAP/fmlloader@1.20.1-47.3.7/net.minecraftforge.fml.loading.targets.CommonLaunchHandler.runTarget(CommonLaunchHandler.java:111)
[30Jul2025 16:15:12.192] [main/INFO] [STDERR/]: [optifine.OptiFineTransformer:getOptiFineResourcePatched:414]: 	at MC-BOOTSTRAP/fmlloader@1.20.1-47.3.7/net.minecraftforge.fml.loading.targets.CommonLaunchHandler.serverService(CommonLaunchHandler.java:103)
[30Jul2025 16:15:12.192] [main/INFO] [STDERR/]: [optifine.OptiFineTransformer:getOptiFineResourcePatched:414]: 	at MC-BOOTSTRAP/fmlloader@1.20.1-47.3.7/net.minecraftforge.fml.loading.targets.CommonServerLaunchHandler.lambda$makeService$0(CommonServerLaunchHandler.java:27)
[30Jul2025 16:15:12.192] [main/INFO] [STDERR/]: [optifine.OptiFineTransformer:getOptiFineResourcePatched:414]: 	at MC-BOOTSTRAP/cpw.mods.modlauncher@10.0.9/cpw.mods.modlauncher.LaunchServiceHandlerDecorator.launch(LaunchServiceHandlerDecorator.java:30)
[30Jul2025 16:15:12.193] [main/INFO] [STDERR/]: [optifine.OptiFineTransformer:getOptiFineResourcePatched:414]: 	at MC-BOOTSTRAP/cpw.mods.modlauncher@10.0.9/cpw.mods.modlauncher.LaunchServiceHandler.launch(LaunchServiceHandler.java:53)
[30Jul2025 16:15:12.193] [main/INFO] [STDERR/]: [optifine.OptiFineTransformer:getOptiFineResourcePatched:414]: 	at MC-BOOTSTRAP/cpw.mods.modlauncher@10.0.9/cpw.mods.modlauncher.LaunchServiceHandler.launch(LaunchServiceHandler.java:71)
[30Jul2025 16:15:12.193] [main/INFO] [STDERR/]: [optifine.OptiFineTransformer:getOptiFineResourcePatched:414]: 	at MC-BOOTSTRAP/cpw.mods.modlauncher@10.0.9/cpw.mods.modlauncher.Launcher.run(Launcher.java:108)
[30Jul2025 16:15:12.193] [main/INFO] [STDERR/]: [optifine.OptiFineTransformer:getOptiFineResourcePatched:414]: 	at MC-BOOTSTRAP/cpw.mods.modlauncher@10.0.9/cpw.mods.modlauncher.Launcher.main(Launcher.java:78)
[30Jul2025 16:15:12.193] [main/INFO] [STDERR/]: [optifine.OptiFineTransformer:getOptiFineResourcePatched:414]: 	at MC-BOOTSTRAP/cpw.mods.modlauncher@10.0.9/cpw.mods.modlauncher.BootstrapLaunchConsumer.accept(BootstrapLaunchConsumer.java:26)
[30Jul2025 16:15:12.193] [main/INFO] [STDERR/]: [optifine.OptiFineTransformer:getOptiFineResourcePatched:414]: 	at MC-BOOTSTRAP/cpw.mods.modlauncher@10.0.9/cpw.mods.modlauncher.BootstrapLaunchConsumer.accept(BootstrapLaunchConsumer.java:23)
[30Jul2025 16:15:12.193] [main/INFO] [STDERR/]: [optifine.OptiFineTransformer:getOptiFineResourcePatched:414]: 	at cpw.mods.bootstraplauncher@1.1.2/cpw.mods.bootstraplauncher.BootstrapLauncher.main(BootstrapLauncher.java:141)
[30Jul2025 16:15:12.208] [main/INFO] [STDERR/]: [optifine.OptiFineTransformer:getOptiFineResourcePatched:414]: java.io.IOException: Base resource not found: clt.class
[30Jul2025 16:15:12.209] [main/INFO] [STDERR/]: [optifine.OptiFineTransformer:getOptiFineResourcePatched:414]: 	at LAYER SERVICE/optifine/optifine.Patcher.applyPatch(Patcher.java:146)
[30Jul2025 16:15:12.209] [main/INFO] [STDERR/]: [optifine.OptiFineTransformer:getOptiFineResourcePatched:414]: 	at LAYER SERVICE/optifine/optifine.OptiFineTransformer.getOptiFineResourcePatched(OptiFineTransformer.java:396)
[30Jul2025 16:15:12.209] [main/INFO] [STDERR/]: [optifine.OptiFineTransformer:getOptiFineResourcePatched:414]: 	at LAYER SERVICE/optifine/optifine.OptiFineTransformer.getOptiFineResourceStreamPatched(OptiFineTransformer.java:368)
[30Jul2025 16:15:12.209] [main/INFO] [STDERR/]: [optifine.OptiFineTransformer:getOptiFineResourcePatched:414]: 	at LAYER SERVICE/optifine/optifine.OptiFineTransformer.getOptiFineResourceStream(OptiFineTransformer.java:291)
[30Jul2025 16:15:12.210] [main/INFO] [STDERR/]: [optifine.OptiFineTransformer:getOptiFineResourcePatched:414]: 	at LAYER SERVICE/optifine/optifine.OptiFineTransformer.getOptiFineResource(OptiFineTransformer.java:260)
[30Jul2025 16:15:12.210] [main/INFO] [STDERR/]: [optifine.OptiFineTransformer:getOptiFineResourcePatched:414]: 	at LAYER SERVICE/optifine/optifine.OptiFineTransformer.transform(OptiFineTransformer.java:171)
[30Jul2025 16:15:12.210] [main/INFO] [STDERR/]: [optifine.OptiFineTransformer:getOptiFineResourcePatched:414]: 	at LAYER SERVICE/optifine/optifine.OptiFineTransformer.transform(OptiFineTransformer.java:1)
[30Jul2025 16:15:12.210] [main/INFO] [STDERR/]: [optifine.OptiFineTransformer:getOptiFineResourcePatched:414]: 	at MC-BOOTSTRAP/cpw.mods.modlauncher@10.0.9/cpw.mods.modlauncher.TransformerHolder.transform(TransformerHolder.java:41)
[30Jul2025 16:15:12.210] [main/INFO] [STDERR/]: [optifine.OptiFineTransformer:getOptiFineResourcePatched:414]: 	at MC-BOOTSTRAP/cpw.mods.modlauncher@10.0.9/cpw.mods.modlauncher.ClassTransformer.performVote(ClassTransformer.java:179)
[30Jul2025 16:15:12.211] [main/INFO] [STDERR/]: [optifine.OptiFineTransformer:getOptiFineResourcePatched:414]: 	at MC-BOOTSTRAP/cpw.mods.modlauncher@10.0.9/cpw.mods.modlauncher.ClassTransformer.transform(ClassTransformer.java:98)
[30Jul2025 16:15:12.211] [main/INFO] [STDERR/]: [optifine.OptiFineTransformer:getOptiFineResourcePatched:414]: 	at MC-BOOTSTRAP/cpw.mods.modlauncher@10.0.9/cpw.mods.modlauncher.TransformingClassLoader.maybeTransformClassBytes(TransformingClassLoader.java:50)
[30Jul2025 16:15:12.211] [main/INFO] [STDERR/]: [optifine.OptiFineTransformer:getOptiFineResourcePatched:414]: 	at cpw.mods.securejarhandler/cpw.mods.cl.ModuleClassLoader.getMaybeTransformedClassBytes(ModuleClassLoader.java:250)
[30Jul2025 16:15:12.211] [main/INFO] [STDERR/]: [optifine.OptiFineTransformer:getOptiFineResourcePatched:414]: 	at MC-BOOTSTRAP/cpw.mods.modlauncher@10.0.9/cpw.mods.modlauncher.TransformingClassLoader.buildTransformedClassNodeFor(TransformingClassLoader.java:58)
[30Jul2025 16:15:12.211] [main/INFO] [STDERR/]: [optifine.OptiFineTransformer:getOptiFineResourcePatched:414]: 	at MC-BOOTSTRAP/cpw.mods.modlauncher@10.0.9/cpw.mods.modlauncher.LaunchPluginHandler.lambda$announceLaunch$10(LaunchPluginHandler.java:100)
[30Jul2025 16:15:12.212] [main/INFO] [STDERR/]: [optifine.OptiFineTransformer:getOptiFineResourcePatched:414]: 	at MC-BOOTSTRAP/org.spongepowered.mixin/org.spongepowered.asm.launch.MixinLaunchPluginLegacy.getClassNode(MixinLaunchPluginLegacy.java:222)
[30Jul2025 16:15:12.212] [main/INFO] [STDERR/]: [optifine.OptiFineTransformer:getOptiFineResourcePatched:414]: 	at MC-BOOTSTRAP/org.spongepowered.mixin/org.spongepowered.asm.launch.MixinLaunchPluginLegacy.getClassNode(MixinLaunchPluginLegacy.java:207)
[30Jul2025 16:15:12.212] [main/INFO] [STDERR/]: [optifine.OptiFineTransformer:getOptiFineResourcePatched:414]: 	at MC-BOOTSTRAP/org.spongepowered.mixin/org.spongepowered.asm.mixin.transformer.ClassInfo.forName(ClassInfo.java:2005)
[30Jul2025 16:15:12.212] [main/INFO] [STDERR/]: [optifine.OptiFineTransformer:getOptiFineResourcePatched:414]: 	at MC-BOOTSTRAP/org.spongepowered.mixin/org.spongepowered.asm.mixin.transformer.ClassInfo.forType(ClassInfo.java:2059)
[30Jul2025 16:15:12.212] [main/INFO] [STDERR/]: [optifine.OptiFineTransformer:getOptiFineResourcePatched:414]: 	at MC-BOOTSTRAP/org.spongepowered.mixin/org.spongepowered.asm.mixin.transformer.ClassInfo.forDescriptor(ClassInfo.java:2038)
[30Jul2025 16:15:12.213] [main/INFO] [STDERR/]: [optifine.OptiFineTransformer:getOptiFineResourcePatched:414]: 	at MC-BOOTSTRAP/org.spongepowered.mixin/org.spongepowered.asm.mixin.transformer.MixinPreProcessorStandard.transformField(MixinPreProcessorStandard.java:769)
[30Jul2025 16:15:12.213] [main/INFO] [STDERR/]: [optifine.OptiFineTransformer:getOptiFineResourcePatched:414]: 	at MC-BOOTSTRAP/org.spongepowered.mixin/org.spongepowered.asm.mixin.transformer.MixinPreProcessorStandard.transform(MixinPreProcessorStandard.java:741)
[30Jul2025 16:15:12.213] [main/INFO] [STDERR/]: [optifine.OptiFineTransformer:getOptiFineResourcePatched:414]: 	at MC-BOOTSTRAP/org.spongepowered.mixin/org.spongepowered.asm.mixin.transformer.MixinPreProcessorStandard.attach(MixinPreProcessorStandard.java:310)
[30Jul2025 16:15:12.213] [main/INFO] [STDERR/]: [optifine.OptiFineTransformer:getOptiFineResourcePatched:414]: 	at MC-BOOTSTRAP/org.spongepowered.mixin/org.spongepowered.asm.mixin.transformer.MixinPreProcessorStandard.createContextFor(MixinPreProcessorStandard.java:280)
[30Jul2025 16:15:12.213] [main/INFO] [STDERR/]: [optifine.OptiFineTransformer:getOptiFineResourcePatched:414]: 	at MC-BOOTSTRAP/org.spongepowered.mixin/org.spongepowered.asm.mixin.transformer.MixinInfo.createContextFor(MixinInfo.java:1288)
[30Jul2025 16:15:12.214] [main/INFO] [STDERR/]: [optifine.OptiFineTransformer:getOptiFineResourcePatched:414]: 	at MC-BOOTSTRAP/org.spongepowered.mixin/org.spongepowered.asm.mixin.transformer.MixinApplicatorStandard.apply(MixinApplicatorStandard.java:292)
[30Jul2025 16:15:12.214] [main/INFO] [STDERR/]: [optifine.OptiFineTransformer:getOptiFineResourcePatched:414]: 	at MC-BOOTSTRAP/org.spongepowered.mixin/org.spongepowered.asm.mixin.transformer.TargetClassContext.apply(TargetClassContext.java:383)
[30Jul2025 16:15:12.214] [main/INFO] [STDERR/]: [optifine.OptiFineTransformer:getOptiFineResourcePatched:414]: 	at MC-BOOTSTRAP/org.spongepowered.mixin/org.spongepowered.asm.mixin.transformer.TargetClassContext.applyMixins(TargetClassContext.java:365)
[30Jul2025 16:15:12.214] [main/INFO] [STDERR/]: [optifine.OptiFineTransformer:getOptiFineResourcePatched:414]: 	at MC-BOOTSTRAP/org.spongepowered.mixin/org.spongepowered.asm.mixin.transformer.MixinProcessor.applyMixins(MixinProcessor.java:363)
[30Jul2025 16:15:12.214] [main/INFO] [STDERR/]: [optifine.OptiFineTransformer:getOptiFineResourcePatched:414]: 	at MC-BOOTSTRAP/org.spongepowered.mixin/org.spongepowered.asm.mixin.transformer.MixinTransformer.transformClass(MixinTransformer.java:250)
[30Jul2025 16:15:12.214] [main/INFO] [STDERR/]: [optifine.OptiFineTransformer:getOptiFineResourcePatched:414]: 	at MC-BOOTSTRAP/org.spongepowered.mixin/org.spongepowered.asm.service.modlauncher.MixinTransformationHandler.processClass(MixinTransformationHandler.java:131)
[30Jul2025 16:15:12.214] [main/INFO] [STDERR/]: [optifine.OptiFineTransformer:getOptiFineResourcePatched:414]: 	at MC-BOOTSTRAP/org.spongepowered.mixin/org.spongepowered.asm.launch.MixinLaunchPluginLegacy.processClass(MixinLaunchPluginLegacy.java:131)
[30Jul2025 16:15:12.215] [main/INFO] [STDERR/]: [optifine.OptiFineTransformer:getOptiFineResourcePatched:414]: 	at MC-BOOTSTRAP/cpw.mods.modlauncher@10.0.9/cpw.mods.modlauncher.serviceapi.ILaunchPluginService.processClassWithFlags(ILaunchPluginService.java:156)
[30Jul2025 16:15:12.215] [main/INFO] [STDERR/]: [optifine.OptiFineTransformer:getOptiFineResourcePatched:414]: 	at MC-BOOTSTRAP/cpw.mods.modlauncher@10.0.9/cpw.mods.modlauncher.LaunchPluginHandler.offerClassNodeToPlugins(LaunchPluginHandler.java:88)
[30Jul2025 16:15:12.215] [main/INFO] [STDERR/]: [optifine.OptiFineTransformer:getOptiFineResourcePatched:414]: 	at MC-BOOTSTRAP/cpw.mods.modlauncher@10.0.9/cpw.mods.modlauncher.ClassTransformer.transform(ClassTransformer.java:120)
[30Jul2025 16:15:12.215] [main/INFO] [STDERR/]: [optifine.OptiFineTransformer:getOptiFineResourcePatched:414]: 	at MC-BOOTSTRAP/cpw.mods.modlauncher@10.0.9/cpw.mods.modlauncher.TransformingClassLoader.maybeTransformClassBytes(TransformingClassLoader.java:50)
[30Jul2025 16:15:12.215] [main/INFO] [STDERR/]: [optifine.OptiFineTransformer:getOptiFineResourcePatched:414]: 	at cpw.mods.securejarhandler/cpw.mods.cl.ModuleClassLoader.readerToClass(ModuleClassLoader.java:113)
[30Jul2025 16:15:12.215] [main/INFO] [STDERR/]: [optifine.OptiFineTransformer:getOptiFineResourcePatched:414]: 	at cpw.mods.securejarhandler/cpw.mods.cl.ModuleClassLoader.lambda$findClass$15(ModuleClassLoader.java:219)
[30Jul2025 16:15:12.216] [main/INFO] [STDERR/]: [optifine.OptiFineTransformer:getOptiFineResourcePatched:414]: 	at cpw.mods.securejarhandler/cpw.mods.cl.ModuleClassLoader.loadFromModule(ModuleClassLoader.java:229)
[30Jul2025 16:15:12.216] [main/INFO] [STDERR/]: [optifine.OptiFineTransformer:getOptiFineResourcePatched:414]: 	at cpw.mods.securejarhandler/cpw.mods.cl.ModuleClassLoader.findClass(ModuleClassLoader.java:219)
[30Jul2025 16:15:12.216] [main/INFO] [STDERR/]: [optifine.OptiFineTransformer:getOptiFineResourcePatched:414]: 	at cpw.mods.securejarhandler/cpw.mods.cl.ModuleClassLoader.loadClass(ModuleClassLoader.java:135)
[30Jul2025 16:15:12.216] [main/INFO] [STDERR/]: [optifine.OptiFineTransformer:getOptiFineResourcePatched:414]: 	at java.base/java.lang.ClassLoader.loadClass(ClassLoader.java:525)
[30Jul2025 16:15:12.217] [main/INFO] [STDERR/]: [optifine.OptiFineTransformer:getOptiFineResourcePatched:414]: 	at TRANSFORMER/forge@47.3.7/net.minecraftforge.registries.GameData.init(GameData.java:107)
[30Jul2025 16:15:12.217] [main/INFO] [STDERR/]: [optifine.OptiFineTransformer:getOptiFineResourcePatched:414]: 	at TRANSFORMER/forge@47.3.7/net.minecraftforge.registries.GameData.<clinit>(GameData.java:93)
[30Jul2025 16:15:12.217] [main/INFO] [STDERR/]: [optifine.OptiFineTransformer:getOptiFineResourcePatched:414]: 	at TRANSFORMER/minecraft@1.20.1/net.minecraft.core.registries.BuiltInRegistries.forge(BuiltInRegistries.java:429)
[30Jul2025 16:15:12.217] [main/INFO] [STDERR/]: [optifine.OptiFineTransformer:getOptiFineResourcePatched:414]: 	at TRANSFORMER/minecraft@1.20.1/net.minecraft.core.registries.BuiltInRegistries.forge(BuiltInRegistries.java:409)
[30Jul2025 16:15:12.217] [main/INFO] [STDERR/]: [optifine.OptiFineTransformer:getOptiFineResourcePatched:414]: 	at TRANSFORMER/minecraft@1.20.1/net.minecraft.core.registries.BuiltInRegistries.<clinit>(BuiltInRegistries.java:121)
[30Jul2025 16:15:12.218] [main/INFO] [STDERR/]: [optifine.OptiFineTransformer:getOptiFineResourcePatched:414]: 	at TRANSFORMER/minecraft@1.20.1/net.minecraft.server.Bootstrap.m_135870_(Bootstrap.java:43)
[30Jul2025 16:15:12.218] [main/INFO] [STDERR/]: [optifine.OptiFineTransformer:getOptiFineResourcePatched:414]: 	at TRANSFORMER/minecraft@1.20.1/net.minecraft.server.Main.main(Main.java:121)
[30Jul2025 16:15:12.218] [main/INFO] [STDERR/]: [optifine.OptiFineTransformer:getOptiFineResourcePatched:414]: 	at java.base/jdk.internal.reflect.NativeMethodAccessorImpl.invoke0(Native Method)
[30Jul2025 16:15:12.218] [main/INFO] [STDERR/]: [optifine.OptiFineTransformer:getOptiFineResourcePatched:414]: 	at java.base/jdk.internal.reflect.NativeMethodAccessorImpl.invoke(NativeMethodAccessorImpl.java:77)
[30Jul2025 16:15:12.218] [main/INFO] [STDERR/]: [optifine.OptiFineTransformer:getOptiFineResourcePatched:414]: 	at java.base/jdk.internal.reflect.DelegatingMethodAccessorImpl.invoke(DelegatingMethodAccessorImpl.java:43)
[30Jul2025 16:15:12.219] [main/INFO] [STDERR/]: [optifine.OptiFineTransformer:getOptiFineResourcePatched:414]: 	at java.base/java.lang.reflect.Method.invoke(Method.java:569)
[30Jul2025 16:15:12.219] [main/INFO] [STDERR/]: [optifine.OptiFineTransformer:getOptiFineResourcePatched:414]: 	at MC-BOOTSTRAP/fmlloader@1.20.1-47.3.7/net.minecraftforge.fml.loading.targets.CommonLaunchHandler.runTarget(CommonLaunchHandler.java:111)
[30Jul2025 16:15:12.219] [main/INFO] [STDERR/]: [optifine.OptiFineTransformer:getOptiFineResourcePatched:414]: 	at MC-BOOTSTRAP/fmlloader@1.20.1-47.3.7/net.minecraftforge.fml.loading.targets.CommonLaunchHandler.serverService(CommonLaunchHandler.java:103)
[30Jul2025 16:15:12.219] [main/INFO] [STDERR/]: [optifine.OptiFineTransformer:getOptiFineResourcePatched:414]: 	at MC-BOOTSTRAP/fmlloader@1.20.1-47.3.7/net.minecraftforge.fml.loading.targets.CommonServerLaunchHandler.lambda$makeService$0(CommonServerLaunchHandler.java:27)
[30Jul2025 16:15:12.219] [main/INFO] [STDERR/]: [optifine.OptiFineTransformer:getOptiFineResourcePatched:414]: 	at MC-BOOTSTRAP/cpw.mods.modlauncher@10.0.9/cpw.mods.modlauncher.LaunchServiceHandlerDecorator.launch(LaunchServiceHandlerDecorator.java:30)
[30Jul2025 16:15:12.220] [main/INFO] [STDERR/]: [optifine.OptiFineTransformer:getOptiFineResourcePatched:414]: 	at MC-BOOTSTRAP/cpw.mods.modlauncher@10.0.9/cpw.mods.modlauncher.LaunchServiceHandler.launch(LaunchServiceHandler.java:53)
[30Jul2025 16:15:12.220] [main/INFO] [STDERR/]: [optifine.OptiFineTransformer:getOptiFineResourcePatched:414]: 	at MC-BOOTSTRAP/cpw.mods.modlauncher@10.0.9/cpw.mods.modlauncher.LaunchServiceHandler.launch(LaunchServiceHandler.java:71)
[30Jul2025 16:15:12.220] [main/INFO] [STDERR/]: [optifine.OptiFineTransformer:getOptiFineResourcePatched:414]: 	at MC-BOOTSTRAP/cpw.mods.modlauncher@10.0.9/cpw.mods.modlauncher.Launcher.run(Launcher.java:108)
[30Jul2025 16:15:12.220] [main/INFO] [STDERR/]: [optifine.OptiFineTransformer:getOptiFineResourcePatched:414]: 	at MC-BOOTSTRAP/cpw.mods.modlauncher@10.0.9/cpw.mods.modlauncher.Launcher.main(Launcher.java:78)
[30Jul2025 16:15:12.220] [main/INFO] [STDERR/]: [optifine.OptiFineTransformer:getOptiFineResourcePatched:414]: 	at MC-BOOTSTRAP/cpw.mods.modlauncher@10.0.9/cpw.mods.modlauncher.BootstrapLaunchConsumer.accept(BootstrapLaunchConsumer.java:26)
[30Jul2025 16:15:12.220] [main/INFO] [STDERR/]: [optifine.OptiFineTransformer:getOptiFineResourcePatched:414]: 	at MC-BOOTSTRAP/cpw.mods.modlauncher@10.0.9/cpw.mods.modlauncher.BootstrapLaunchConsumer.accept(BootstrapLaunchConsumer.java:23)
[30Jul2025 16:15:12.221] [main/INFO] [STDERR/]: [optifine.OptiFineTransformer:getOptiFineResourcePatched:414]: 	at cpw.mods.bootstraplauncher@1.1.2/cpw.mods.bootstraplauncher.BootstrapLauncher.main(BootstrapLauncher.java:141)
[30Jul2025 16:15:12.327] [main/INFO] [STDERR/]: [optifine.OptiFineTransformer:getOptiFineResourcePatched:414]: java.io.IOException: Base resource not found: apa.class
[30Jul2025 16:15:12.327] [main/INFO] [STDERR/]: [optifine.OptiFineTransformer:getOptiFineResourcePatched:414]: 	at LAYER SERVICE/optifine/optifine.Patcher.applyPatch(Patcher.java:146)
[30Jul2025 16:15:12.328] [main/INFO] [STDERR/]: [optifine.OptiFineTransformer:getOptiFineResourcePatched:414]: 	at LAYER SERVICE/optifine/optifine.OptiFineTransformer.getOptiFineResourcePatched(OptiFineTransformer.java:396)
[30Jul2025 16:15:12.328] [main/INFO] [STDERR/]: [optifine.OptiFineTransformer:getOptiFineResourcePatched:414]: 	at LAYER SERVICE/optifine/optifine.OptiFineTransformer.getOptiFineResourceStreamPatched(OptiFineTransformer.java:368)
[30Jul2025 16:15:12.328] [main/INFO] [STDERR/]: [optifine.OptiFineTransformer:getOptiFineResourcePatched:414]: 	at LAYER SERVICE/optifine/optifine.OptiFineTransformer.getOptiFineResourceStream(OptiFineTransformer.java:291)
[30Jul2025 16:15:12.328] [main/INFO] [STDERR/]: [optifine.OptiFineTransformer:getOptiFineResourcePatched:414]: 	at LAYER SERVICE/optifine/optifine.OptiFineTransformer.getOptiFineResource(OptiFineTransformer.java:260)
[30Jul2025 16:15:12.329] [main/INFO] [STDERR/]: [optifine.OptiFineTransformer:getOptiFineResourcePatched:414]: 	at LAYER SERVICE/optifine/optifine.OptiFineTransformer.transform(OptiFineTransformer.java:171)
[30Jul2025 16:15:12.329] [main/INFO] [STDERR/]: [optifine.OptiFineTransformer:getOptiFineResourcePatched:414]: 	at LAYER SERVICE/optifine/optifine.OptiFineTransformer.transform(OptiFineTransformer.java:1)
[30Jul2025 16:15:12.329] [main/INFO] [STDERR/]: [optifine.OptiFineTransformer:getOptiFineResourcePatched:414]: 	at MC-BOOTSTRAP/cpw.mods.modlauncher@10.0.9/cpw.mods.modlauncher.TransformerHolder.transform(TransformerHolder.java:41)
[30Jul2025 16:15:12.329] [main/INFO] [STDERR/]: [optifine.OptiFineTransformer:getOptiFineResourcePatched:414]: 	at MC-BOOTSTRAP/cpw.mods.modlauncher@10.0.9/cpw.mods.modlauncher.ClassTransformer.performVote(ClassTransformer.java:179)
[30Jul2025 16:15:12.329] [main/INFO] [STDERR/]: [optifine.OptiFineTransformer:getOptiFineResourcePatched:414]: 	at MC-BOOTSTRAP/cpw.mods.modlauncher@10.0.9/cpw.mods.modlauncher.ClassTransformer.transform(ClassTransformer.java:98)
[30Jul2025 16:15:12.330] [main/INFO] [STDERR/]: [optifine.OptiFineTransformer:getOptiFineResourcePatched:414]: 	at MC-BOOTSTRAP/cpw.mods.modlauncher@10.0.9/cpw.mods.modlauncher.TransformingClassLoader.maybeTransformClassBytes(TransformingClassLoader.java:50)
[30Jul2025 16:15:12.330] [main/INFO] [STDERR/]: [optifine.OptiFineTransformer:getOptiFineResourcePatched:414]: 	at cpw.mods.securejarhandler/cpw.mods.cl.ModuleClassLoader.getMaybeTransformedClassBytes(ModuleClassLoader.java:250)
[30Jul2025 16:15:12.330] [main/INFO] [STDERR/]: [optifine.OptiFineTransformer:getOptiFineResourcePatched:414]: 	at MC-BOOTSTRAP/cpw.mods.modlauncher@10.0.9/cpw.mods.modlauncher.TransformingClassLoader.buildTransformedClassNodeFor(TransformingClassLoader.java:58)
[30Jul2025 16:15:12.330] [main/INFO] [STDERR/]: [optifine.OptiFineTransformer:getOptiFineResourcePatched:414]: 	at MC-BOOTSTRAP/cpw.mods.modlauncher@10.0.9/cpw.mods.modlauncher.LaunchPluginHandler.lambda$announceLaunch$10(LaunchPluginHandler.java:100)
[30Jul2025 16:15:12.331] [main/INFO] [STDERR/]: [optifine.OptiFineTransformer:getOptiFineResourcePatched:414]: 	at MC-BOOTSTRAP/org.spongepowered.mixin/org.spongepowered.asm.launch.MixinLaunchPluginLegacy.getClassNode(MixinLaunchPluginLegacy.java:222)
[30Jul2025 16:15:12.331] [main/INFO] [STDERR/]: [optifine.OptiFineTransformer:getOptiFineResourcePatched:414]: 	at MC-BOOTSTRAP/org.spongepowered.mixin/org.spongepowered.asm.launch.MixinLaunchPluginLegacy.getClassNode(MixinLaunchPluginLegacy.java:207)
[30Jul2025 16:15:12.331] [main/INFO] [STDERR/]: [optifine.OptiFineTransformer:getOptiFineResourcePatched:414]: 	at MC-BOOTSTRAP/org.spongepowered.mixin/org.spongepowered.asm.mixin.transformer.ClassInfo.forName(ClassInfo.java:2005)
[30Jul2025 16:15:12.331] [main/INFO] [STDERR/]: [optifine.OptiFineTransformer:getOptiFineResourcePatched:414]: 	at MC-BOOTSTRAP/org.spongepowered.mixin/org.spongepowered.asm.mixin.transformer.ClassInfo.forType(ClassInfo.java:2059)
[30Jul2025 16:15:12.332] [main/INFO] [STDERR/]: [optifine.OptiFineTransformer:getOptiFineResourcePatched:414]: 	at MC-BOOTSTRAP/org.spongepowered.mixin/org.spongepowered.asm.mixin.transformer.ClassInfo.forDescriptor(ClassInfo.java:2038)
[30Jul2025 16:15:12.332] [main/INFO] [STDERR/]: [optifine.OptiFineTransformer:getOptiFineResourcePatched:414]: 	at MC-BOOTSTRAP/org.spongepowered.mixin/org.spongepowered.asm.mixin.transformer.MixinPreProcessorStandard.transformMethod(MixinPreProcessorStandard.java:752)
[30Jul2025 16:15:12.332] [main/INFO] [STDERR/]: [optifine.OptiFineTransformer:getOptiFineResourcePatched:414]: 	at MC-BOOTSTRAP/org.spongepowered.mixin/org.spongepowered.asm.mixin.transformer.MixinPreProcessorStandard.transform(MixinPreProcessorStandard.java:739)
[30Jul2025 16:15:12.333] [main/INFO] [STDERR/]: [optifine.OptiFineTransformer:getOptiFineResourcePatched:414]: 	at MC-BOOTSTRAP/org.spongepowered.mixin/org.spongepowered.asm.mixin.transformer.MixinPreProcessorStandard.attach(MixinPreProcessorStandard.java:310)
[30Jul2025 16:15:12.334] [main/INFO] [STDERR/]: [optifine.OptiFineTransformer:getOptiFineResourcePatched:414]: 	at MC-BOOTSTRAP/org.spongepowered.mixin/org.spongepowered.asm.mixin.transformer.MixinPreProcessorStandard.createContextFor(MixinPreProcessorStandard.java:280)
[30Jul2025 16:15:12.334] [main/INFO] [STDERR/]: [optifine.OptiFineTransformer:getOptiFineResourcePatched:414]: 	at MC-BOOTSTRAP/org.spongepowered.mixin/org.spongepowered.asm.mixin.transformer.MixinInfo.createContextFor(MixinInfo.java:1288)
[30Jul2025 16:15:12.334] [main/INFO] [STDERR/]: [optifine.OptiFineTransformer:getOptiFineResourcePatched:414]: 	at MC-BOOTSTRAP/org.spongepowered.mixin/org.spongepowered.asm.mixin.transformer.MixinApplicatorStandard.apply(MixinApplicatorStandard.java:292)
[30Jul2025 16:15:12.336] [main/INFO] [STDERR/]: [optifine.OptiFineTransformer:getOptiFineResourcePatched:414]: 	at MC-BOOTSTRAP/org.spongepowered.mixin/org.spongepowered.asm.mixin.transformer.TargetClassContext.apply(TargetClassContext.java:383)
[30Jul2025 16:15:12.336] [main/INFO] [STDERR/]: [optifine.OptiFineTransformer:getOptiFineResourcePatched:414]: 	at MC-BOOTSTRAP/org.spongepowered.mixin/org.spongepowered.asm.mixin.transformer.TargetClassContext.applyMixins(TargetClassContext.java:365)
[30Jul2025 16:15:12.337] [main/INFO] [STDERR/]: [optifine.OptiFineTransformer:getOptiFineResourcePatched:414]: 	at MC-BOOTSTRAP/org.spongepowered.mixin/org.spongepowered.asm.mixin.transformer.MixinProcessor.applyMixins(MixinProcessor.java:363)
[30Jul2025 16:15:12.337] [main/INFO] [STDERR/]: [optifine.OptiFineTransformer:getOptiFineResourcePatched:414]: 	at MC-BOOTSTRAP/org.spongepowered.mixin/org.spongepowered.asm.mixin.transformer.MixinTransformer.transformClass(MixinTransformer.java:250)
[30Jul2025 16:15:12.337] [main/INFO] [STDERR/]: [optifine.OptiFineTransformer:getOptiFineResourcePatched:414]: 	at MC-BOOTSTRAP/org.spongepowered.mixin/org.spongepowered.asm.service.modlauncher.MixinTransformationHandler.processClass(MixinTransformationHandler.java:131)
[30Jul2025 16:15:12.339] [main/INFO] [STDERR/]: [optifine.OptiFineTransformer:getOptiFineResourcePatched:414]: 	at MC-BOOTSTRAP/org.spongepowered.mixin/org.spongepowered.asm.launch.MixinLaunchPluginLegacy.processClass(MixinLaunchPluginLegacy.java:131)
[30Jul2025 16:15:12.340] [main/INFO] [STDERR/]: [optifine.OptiFineTransformer:getOptiFineResourcePatched:414]: 	at MC-BOOTSTRAP/cpw.mods.modlauncher@10.0.9/cpw.mods.modlauncher.serviceapi.ILaunchPluginService.processClassWithFlags(ILaunchPluginService.java:156)
[30Jul2025 16:15:12.340] [main/INFO] [STDERR/]: [optifine.OptiFineTransformer:getOptiFineResourcePatched:414]: 	at MC-BOOTSTRAP/cpw.mods.modlauncher@10.0.9/cpw.mods.modlauncher.LaunchPluginHandler.offerClassNodeToPlugins(LaunchPluginHandler.java:88)
[30Jul2025 16:15:12.340] [main/INFO] [STDERR/]: [optifine.OptiFineTransformer:getOptiFineResourcePatched:414]: 	at MC-BOOTSTRAP/cpw.mods.modlauncher@10.0.9/cpw.mods.modlauncher.ClassTransformer.transform(ClassTransformer.java:120)
[30Jul2025 16:15:12.342] [main/INFO] [STDERR/]: [optifine.OptiFineTransformer:getOptiFineResourcePatched:414]: 	at MC-BOOTSTRAP/cpw.mods.modlauncher@10.0.9/cpw.mods.modlauncher.TransformingClassLoader.maybeTransformClassBytes(TransformingClassLoader.java:50)
[30Jul2025 16:15:12.342] [main/INFO] [STDERR/]: [optifine.OptiFineTransformer:getOptiFineResourcePatched:414]: 	at cpw.mods.securejarhandler/cpw.mods.cl.ModuleClassLoader.readerToClass(ModuleClassLoader.java:113)
[30Jul2025 16:15:12.342] [main/INFO] [STDERR/]: [optifine.OptiFineTransformer:getOptiFineResourcePatched:414]: 	at cpw.mods.securejarhandler/cpw.mods.cl.ModuleClassLoader.lambda$findClass$15(ModuleClassLoader.java:219)
[30Jul2025 16:15:12.342] [main/INFO] [STDERR/]: [optifine.OptiFineTransformer:getOptiFineResourcePatched:414]: 	at cpw.mods.securejarhandler/cpw.mods.cl.ModuleClassLoader.loadFromModule(ModuleClassLoader.java:229)
[30Jul2025 16:15:12.343] [main/INFO] [STDERR/]: [optifine.OptiFineTransformer:getOptiFineResourcePatched:414]: 	at cpw.mods.securejarhandler/cpw.mods.cl.ModuleClassLoader.findClass(ModuleClassLoader.java:219)
[30Jul2025 16:15:12.343] [main/INFO] [STDERR/]: [optifine.OptiFineTransformer:getOptiFineResourcePatched:414]: 	at cpw.mods.securejarhandler/cpw.mods.cl.ModuleClassLoader.loadClass(ModuleClassLoader.java:135)
[30Jul2025 16:15:12.343] [main/INFO] [STDERR/]: [optifine.OptiFineTransformer:getOptiFineResourcePatched:414]: 	at java.base/java.lang.ClassLoader.loadClass(ClassLoader.java:525)
[30Jul2025 16:15:12.343] [main/INFO] [STDERR/]: [optifine.OptiFineTransformer:getOptiFineResourcePatched:414]: 	at TRANSFORMER/forge@47.3.7/net.minecraftforge.registries.GameData.init(GameData.java:107)
[30Jul2025 16:15:12.343] [main/INFO] [STDERR/]: [optifine.OptiFineTransformer:getOptiFineResourcePatched:414]: 	at TRANSFORMER/forge@47.3.7/net.minecraftforge.registries.GameData.<clinit>(GameData.java:93)
[30Jul2025 16:15:12.343] [main/INFO] [STDERR/]: [optifine.OptiFineTransformer:getOptiFineResourcePatched:414]: 	at TRANSFORMER/minecraft@1.20.1/net.minecraft.core.registries.BuiltInRegistries.forge(BuiltInRegistries.java:429)
[30Jul2025 16:15:12.343] [main/INFO] [STDERR/]: [optifine.OptiFineTransformer:getOptiFineResourcePatched:414]: 	at TRANSFORMER/minecraft@1.20.1/net.minecraft.core.registries.BuiltInRegistries.forge(BuiltInRegistries.java:409)
[30Jul2025 16:15:12.344] [main/INFO] [STDERR/]: [optifine.OptiFineTransformer:getOptiFineResourcePatched:414]: 	at TRANSFORMER/minecraft@1.20.1/net.minecraft.core.registries.BuiltInRegistries.<clinit>(BuiltInRegistries.java:121)
[30Jul2025 16:15:12.344] [main/INFO] [STDERR/]: [optifine.OptiFineTransformer:getOptiFineResourcePatched:414]: 	at TRANSFORMER/minecraft@1.20.1/net.minecraft.server.Bootstrap.m_135870_(Bootstrap.java:43)
[30Jul2025 16:15:12.344] [main/INFO] [STDERR/]: [optifine.OptiFineTransformer:getOptiFineResourcePatched:414]: 	at TRANSFORMER/minecraft@1.20.1/net.minecraft.server.Main.main(Main.java:121)
[30Jul2025 16:15:12.345] [main/INFO] [STDERR/]: [optifine.OptiFineTransformer:getOptiFineResourcePatched:414]: 	at java.base/jdk.internal.reflect.NativeMethodAccessorImpl.invoke0(Native Method)
[30Jul2025 16:15:12.345] [main/INFO] [STDERR/]: [optifine.OptiFineTransformer:getOptiFineResourcePatched:414]: 	at java.base/jdk.internal.reflect.NativeMethodAccessorImpl.invoke(NativeMethodAccessorImpl.java:77)
[30Jul2025 16:15:12.345] [main/INFO] [STDERR/]: [optifine.OptiFineTransformer:getOptiFineResourcePatched:414]: 	at java.base/jdk.internal.reflect.DelegatingMethodAccessorImpl.invoke(DelegatingMethodAccessorImpl.java:43)
[30Jul2025 16:15:12.346] [main/INFO] [STDERR/]: [optifine.OptiFineTransformer:getOptiFineResourcePatched:414]: 	at java.base/java.lang.reflect.Method.invoke(Method.java:569)
[30Jul2025 16:15:12.346] [main/INFO] [STDERR/]: [optifine.OptiFineTransformer:getOptiFineResourcePatched:414]: 	at MC-BOOTSTRAP/fmlloader@1.20.1-47.3.7/net.minecraftforge.fml.loading.targets.CommonLaunchHandler.runTarget(CommonLaunchHandler.java:111)
[30Jul2025 16:15:12.346] [main/INFO] [STDERR/]: [optifine.OptiFineTransformer:getOptiFineResourcePatched:414]: 	at MC-BOOTSTRAP/fmlloader@1.20.1-47.3.7/net.minecraftforge.fml.loading.targets.CommonLaunchHandler.serverService(CommonLaunchHandler.java:103)
[30Jul2025 16:15:12.349] [main/INFO] [STDERR/]: [optifine.OptiFineTransformer:getOptiFineResourcePatched:414]: 	at MC-BOOTSTRAP/fmlloader@1.20.1-47.3.7/net.minecraftforge.fml.loading.targets.CommonServerLaunchHandler.lambda$makeService$0(CommonServerLaunchHandler.java:27)
[30Jul2025 16:15:12.350] [main/INFO] [STDERR/]: [optifine.OptiFineTransformer:getOptiFineResourcePatched:414]: 	at MC-BOOTSTRAP/cpw.mods.modlauncher@10.0.9/cpw.mods.modlauncher.LaunchServiceHandlerDecorator.launch(LaunchServiceHandlerDecorator.java:30)
[30Jul2025 16:15:12.350] [main/INFO] [STDERR/]: [optifine.OptiFineTransformer:getOptiFineResourcePatched:414]: 	at MC-BOOTSTRAP/cpw.mods.modlauncher@10.0.9/cpw.mods.modlauncher.LaunchServiceHandler.launch(LaunchServiceHandler.java:53)
[30Jul2025 16:15:12.351] [main/INFO] [STDERR/]: [optifine.OptiFineTransformer:getOptiFineResourcePatched:414]: 	at MC-BOOTSTRAP/cpw.mods.modlauncher@10.0.9/cpw.mods.modlauncher.LaunchServiceHandler.launch(LaunchServiceHandler.java:71)
[30Jul2025 16:15:12.351] [main/INFO] [STDERR/]: [optifine.OptiFineTransformer:getOptiFineResourcePatched:414]: 	at MC-BOOTSTRAP/cpw.mods.modlauncher@10.0.9/cpw.mods.modlauncher.Launcher.run(Launcher.java:108)
[30Jul2025 16:15:12.353] [main/INFO] [STDERR/]: [optifine.OptiFineTransformer:getOptiFineResourcePatched:414]: 	at MC-BOOTSTRAP/cpw.mods.modlauncher@10.0.9/cpw.mods.modlauncher.Launcher.main(Launcher.java:78)
[30Jul2025 16:15:12.353] [main/INFO] [STDERR/]: [optifine.OptiFineTransformer:getOptiFineResourcePatched:414]: 	at MC-BOOTSTRAP/cpw.mods.modlauncher@10.0.9/cpw.mods.modlauncher.BootstrapLaunchConsumer.accept(BootstrapLaunchConsumer.java:26)
[30Jul2025 16:15:12.353] [main/INFO] [STDERR/]: [optifine.OptiFineTransformer:getOptiFineResourcePatched:414]: 	at MC-BOOTSTRAP/cpw.mods.modlauncher@10.0.9/cpw.mods.modlauncher.BootstrapLaunchConsumer.accept(BootstrapLaunchConsumer.java:23)
[30Jul2025 16:15:12.354] [main/INFO] [STDERR/]: [optifine.OptiFineTransformer:getOptiFineResourcePatched:414]: 	at cpw.mods.bootstraplauncher@1.1.2/cpw.mods.bootstraplauncher.BootstrapLauncher.main(BootstrapLauncher.java:141)
[30Jul2025 16:15:12.366] [main/INFO] [STDERR/]: [optifine.OptiFineTransformer:getOptiFineResourcePatched:414]: java.io.IOException: Base resource not found: ha.class
[30Jul2025 16:15:12.366] [main/INFO] [STDERR/]: [optifine.OptiFineTransformer:getOptiFineResourcePatched:414]: 	at LAYER SERVICE/optifine/optifine.Patcher.applyPatch(Patcher.java:146)
[30Jul2025 16:15:12.366] [main/INFO] [STDERR/]: [optifine.OptiFineTransformer:getOptiFineResourcePatched:414]: 	at LAYER SERVICE/optifine/optifine.OptiFineTransformer.getOptiFineResourcePatched(OptiFineTransformer.java:396)
[30Jul2025 16:15:12.367] [main/INFO] [STDERR/]: [optifine.OptiFineTransformer:getOptiFineResourcePatched:414]: 	at LAYER SERVICE/optifine/optifine.OptiFineTransformer.getOptiFineResourceStreamPatched(OptiFineTransformer.java:368)
[30Jul2025 16:15:12.367] [main/INFO] [STDERR/]: [optifine.OptiFineTransformer:getOptiFineResourcePatched:414]: 	at LAYER SERVICE/optifine/optifine.OptiFineTransformer.getOptiFineResourceStream(OptiFineTransformer.java:291)
[30Jul2025 16:15:12.367] [main/INFO] [STDERR/]: [optifine.OptiFineTransformer:getOptiFineResourcePatched:414]: 	at LAYER SERVICE/optifine/optifine.OptiFineTransformer.getOptiFineResource(OptiFineTransformer.java:260)
[30Jul2025 16:15:12.367] [main/INFO] [STDERR/]: [optifine.OptiFineTransformer:getOptiFineResourcePatched:414]: 	at LAYER SERVICE/optifine/optifine.OptiFineTransformer.transform(OptiFineTransformer.java:171)
[30Jul2025 16:15:12.367] [main/INFO] [STDERR/]: [optifine.OptiFineTransformer:getOptiFineResourcePatched:414]: 	at LAYER SERVICE/optifine/optifine.OptiFineTransformer.transform(OptiFineTransformer.java:1)
[30Jul2025 16:15:12.368] [main/INFO] [STDERR/]: [optifine.OptiFineTransformer:getOptiFineResourcePatched:414]: 	at MC-BOOTSTRAP/cpw.mods.modlauncher@10.0.9/cpw.mods.modlauncher.TransformerHolder.transform(TransformerHolder.java:41)
[30Jul2025 16:15:12.368] [main/INFO] [STDERR/]: [optifine.OptiFineTransformer:getOptiFineResourcePatched:414]: 	at MC-BOOTSTRAP/cpw.mods.modlauncher@10.0.9/cpw.mods.modlauncher.ClassTransformer.performVote(ClassTransformer.java:179)
[30Jul2025 16:15:12.368] [main/INFO] [STDERR/]: [optifine.OptiFineTransformer:getOptiFineResourcePatched:414]: 	at MC-BOOTSTRAP/cpw.mods.modlauncher@10.0.9/cpw.mods.modlauncher.ClassTransformer.transform(ClassTransformer.java:98)
[30Jul2025 16:15:12.368] [main/INFO] [STDERR/]: [optifine.OptiFineTransformer:getOptiFineResourcePatched:414]: 	at MC-BOOTSTRAP/cpw.mods.modlauncher@10.0.9/cpw.mods.modlauncher.TransformingClassLoader.maybeTransformClassBytes(TransformingClassLoader.java:50)
[30Jul2025 16:15:12.368] [main/INFO] [STDERR/]: [optifine.OptiFineTransformer:getOptiFineResourcePatched:414]: 	at cpw.mods.securejarhandler/cpw.mods.cl.ModuleClassLoader.getMaybeTransformedClassBytes(ModuleClassLoader.java:250)
[30Jul2025 16:15:12.368] [main/INFO] [STDERR/]: [optifine.OptiFineTransformer:getOptiFineResourcePatched:414]: 	at MC-BOOTSTRAP/cpw.mods.modlauncher@10.0.9/cpw.mods.modlauncher.TransformingClassLoader.buildTransformedClassNodeFor(TransformingClassLoader.java:58)
[30Jul2025 16:15:12.368] [main/INFO] [STDERR/]: [optifine.OptiFineTransformer:getOptiFineResourcePatched:414]: 	at MC-BOOTSTRAP/cpw.mods.modlauncher@10.0.9/cpw.mods.modlauncher.LaunchPluginHandler.lambda$announceLaunch$10(LaunchPluginHandler.java:100)
[30Jul2025 16:15:12.369] [main/INFO] [STDERR/]: [optifine.OptiFineTransformer:getOptiFineResourcePatched:414]: 	at MC-BOOTSTRAP/org.spongepowered.mixin/org.spongepowered.asm.launch.MixinLaunchPluginLegacy.getClassNode(MixinLaunchPluginLegacy.java:222)
[30Jul2025 16:15:12.369] [main/INFO] [STDERR/]: [optifine.OptiFineTransformer:getOptiFineResourcePatched:414]: 	at MC-BOOTSTRAP/org.spongepowered.mixin/org.spongepowered.asm.launch.MixinLaunchPluginLegacy.getClassNode(MixinLaunchPluginLegacy.java:207)
[30Jul2025 16:15:12.369] [main/INFO] [STDERR/]: [optifine.OptiFineTransformer:getOptiFineResourcePatched:414]: 	at MC-BOOTSTRAP/org.spongepowered.mixin/org.spongepowered.asm.mixin.transformer.ClassInfo.forName(ClassInfo.java:2005)
[30Jul2025 16:15:12.369] [main/INFO] [STDERR/]: [optifine.OptiFineTransformer:getOptiFineResourcePatched:414]: 	at MC-BOOTSTRAP/org.spongepowered.mixin/org.spongepowered.asm.mixin.transformer.ClassInfo.forType(ClassInfo.java:2059)
[30Jul2025 16:15:12.369] [main/INFO] [STDERR/]: [optifine.OptiFineTransformer:getOptiFineResourcePatched:414]: 	at MC-BOOTSTRAP/org.spongepowered.mixin/org.spongepowered.asm.mixin.transformer.ClassInfo.forDescriptor(ClassInfo.java:2038)
[30Jul2025 16:15:12.369] [main/INFO] [STDERR/]: [optifine.OptiFineTransformer:getOptiFineResourcePatched:414]: 	at MC-BOOTSTRAP/org.spongepowered.mixin/org.spongepowered.asm.mixin.transformer.MixinPreProcessorStandard.transformField(MixinPreProcessorStandard.java:769)
[30Jul2025 16:15:12.370] [main/INFO] [STDERR/]: [optifine.OptiFineTransformer:getOptiFineResourcePatched:414]: 	at MC-BOOTSTRAP/org.spongepowered.mixin/org.spongepowered.asm.mixin.transformer.MixinPreProcessorStandard.transform(MixinPreProcessorStandard.java:741)
[30Jul2025 16:15:12.370] [main/INFO] [STDERR/]: [optifine.OptiFineTransformer:getOptiFineResourcePatched:414]: 	at MC-BOOTSTRAP/org.spongepowered.mixin/org.spongepowered.asm.mixin.transformer.MixinPreProcessorStandard.attach(MixinPreProcessorStandard.java:310)
[30Jul2025 16:15:12.370] [main/INFO] [STDERR/]: [optifine.OptiFineTransformer:getOptiFineResourcePatched:414]: 	at MC-BOOTSTRAP/org.spongepowered.mixin/org.spongepowered.asm.mixin.transformer.MixinPreProcessorStandard.createContextFor(MixinPreProcessorStandard.java:280)
[30Jul2025 16:15:12.370] [main/INFO] [STDERR/]: [optifine.OptiFineTransformer:getOptiFineResourcePatched:414]: 	at MC-BOOTSTRAP/org.spongepowered.mixin/org.spongepowered.asm.mixin.transformer.MixinInfo.createContextFor(MixinInfo.java:1288)
[30Jul2025 16:15:12.371] [main/INFO] [STDERR/]: [optifine.OptiFineTransformer:getOptiFineResourcePatched:414]: 	at MC-BOOTSTRAP/org.spongepowered.mixin/org.spongepowered.asm.mixin.transformer.MixinApplicatorStandard.apply(MixinApplicatorStandard.java:292)
[30Jul2025 16:15:12.371] [main/INFO] [STDERR/]: [optifine.OptiFineTransformer:getOptiFineResourcePatched:414]: 	at MC-BOOTSTRAP/org.spongepowered.mixin/org.spongepowered.asm.mixin.transformer.TargetClassContext.apply(TargetClassContext.java:383)
[30Jul2025 16:15:12.371] [main/INFO] [STDERR/]: [optifine.OptiFineTransformer:getOptiFineResourcePatched:414]: 	at MC-BOOTSTRAP/org.spongepowered.mixin/org.spongepowered.asm.mixin.transformer.TargetClassContext.applyMixins(TargetClassContext.java:365)
[30Jul2025 16:15:12.372] [main/INFO] [STDERR/]: [optifine.OptiFineTransformer:getOptiFineResourcePatched:414]: 	at MC-BOOTSTRAP/org.spongepowered.mixin/org.spongepowered.asm.mixin.transformer.MixinProcessor.applyMixins(MixinProcessor.java:363)
[30Jul2025 16:15:12.372] [main/INFO] [STDERR/]: [optifine.OptiFineTransformer:getOptiFineResourcePatched:414]: 	at MC-BOOTSTRAP/org.spongepowered.mixin/org.spongepowered.asm.mixin.transformer.MixinTransformer.transformClass(MixinTransformer.java:250)
[30Jul2025 16:15:12.372] [main/INFO] [STDERR/]: [optifine.OptiFineTransformer:getOptiFineResourcePatched:414]: 	at MC-BOOTSTRAP/org.spongepowered.mixin/org.spongepowered.asm.service.modlauncher.MixinTransformationHandler.processClass(MixinTransformationHandler.java:131)
[30Jul2025 16:15:12.374] [main/INFO] [STDERR/]: [optifine.OptiFineTransformer:getOptiFineResourcePatched:414]: 	at MC-BOOTSTRAP/org.spongepowered.mixin/org.spongepowered.asm.launch.MixinLaunchPluginLegacy.processClass(MixinLaunchPluginLegacy.java:131)
[30Jul2025 16:15:12.375] [main/INFO] [STDERR/]: [optifine.OptiFineTransformer:getOptiFineResourcePatched:414]: 	at MC-BOOTSTRAP/cpw.mods.modlauncher@10.0.9/cpw.mods.modlauncher.serviceapi.ILaunchPluginService.processClassWithFlags(ILaunchPluginService.java:156)
[30Jul2025 16:15:12.375] [main/INFO] [STDERR/]: [optifine.OptiFineTransformer:getOptiFineResourcePatched:414]: 	at MC-BOOTSTRAP/cpw.mods.modlauncher@10.0.9/cpw.mods.modlauncher.LaunchPluginHandler.offerClassNodeToPlugins(LaunchPluginHandler.java:88)
[30Jul2025 16:15:12.375] [main/INFO] [STDERR/]: [optifine.OptiFineTransformer:getOptiFineResourcePatched:414]: 	at MC-BOOTSTRAP/cpw.mods.modlauncher@10.0.9/cpw.mods.modlauncher.ClassTransformer.transform(ClassTransformer.java:120)
[30Jul2025 16:15:12.375] [main/INFO] [STDERR/]: [optifine.OptiFineTransformer:getOptiFineResourcePatched:414]: 	at MC-BOOTSTRAP/cpw.mods.modlauncher@10.0.9/cpw.mods.modlauncher.TransformingClassLoader.maybeTransformClassBytes(TransformingClassLoader.java:50)
[30Jul2025 16:15:12.376] [main/INFO] [STDERR/]: [optifine.OptiFineTransformer:getOptiFineResourcePatched:414]: 	at cpw.mods.securejarhandler/cpw.mods.cl.ModuleClassLoader.readerToClass(ModuleClassLoader.java:113)
[30Jul2025 16:15:12.376] [main/INFO] [STDERR/]: [optifine.OptiFineTransformer:getOptiFineResourcePatched:414]: 	at cpw.mods.securejarhandler/cpw.mods.cl.ModuleClassLoader.lambda$findClass$15(ModuleClassLoader.java:219)
[30Jul2025 16:15:12.376] [main/INFO] [STDERR/]: [optifine.OptiFineTransformer:getOptiFineResourcePatched:414]: 	at cpw.mods.securejarhandler/cpw.mods.cl.ModuleClassLoader.loadFromModule(ModuleClassLoader.java:229)
[30Jul2025 16:15:12.376] [main/INFO] [STDERR/]: [optifine.OptiFineTransformer:getOptiFineResourcePatched:414]: 	at cpw.mods.securejarhandler/cpw.mods.cl.ModuleClassLoader.findClass(ModuleClassLoader.java:219)
[30Jul2025 16:15:12.376] [main/INFO] [STDERR/]: [optifine.OptiFineTransformer:getOptiFineResourcePatched:414]: 	at cpw.mods.securejarhandler/cpw.mods.cl.ModuleClassLoader.loadClass(ModuleClassLoader.java:135)
[30Jul2025 16:15:12.376] [main/INFO] [STDERR/]: [optifine.OptiFineTransformer:getOptiFineResourcePatched:414]: 	at java.base/java.lang.ClassLoader.loadClass(ClassLoader.java:525)
[30Jul2025 16:15:12.377] [main/INFO] [STDERR/]: [optifine.OptiFineTransformer:getOptiFineResourcePatched:414]: 	at TRANSFORMER/forge@47.3.7/net.minecraftforge.registries.GameData.init(GameData.java:107)
[30Jul2025 16:15:12.377] [main/INFO] [STDERR/]: [optifine.OptiFineTransformer:getOptiFineResourcePatched:414]: 	at TRANSFORMER/forge@47.3.7/net.minecraftforge.registries.GameData.<clinit>(GameData.java:93)
[30Jul2025 16:15:12.377] [main/INFO] [STDERR/]: [optifine.OptiFineTransformer:getOptiFineResourcePatched:414]: 	at TRANSFORMER/minecraft@1.20.1/net.minecraft.core.registries.BuiltInRegistries.forge(BuiltInRegistries.java:429)
[30Jul2025 16:15:12.378] [main/INFO] [STDERR/]: [optifine.OptiFineTransformer:getOptiFineResourcePatched:414]: 	at TRANSFORMER/minecraft@1.20.1/net.minecraft.core.registries.BuiltInRegistries.forge(BuiltInRegistries.java:409)
[30Jul2025 16:15:12.380] [main/INFO] [STDERR/]: [optifine.OptiFineTransformer:getOptiFineResourcePatched:414]: 	at TRANSFORMER/minecraft@1.20.1/net.minecraft.core.registries.BuiltInRegistries.<clinit>(BuiltInRegistries.java:121)
[30Jul2025 16:15:12.380] [main/INFO] [STDERR/]: [optifine.OptiFineTransformer:getOptiFineResourcePatched:414]: 	at TRANSFORMER/minecraft@1.20.1/net.minecraft.server.Bootstrap.m_135870_(Bootstrap.java:43)
[30Jul2025 16:15:12.380] [main/INFO] [STDERR/]: [optifine.OptiFineTransformer:getOptiFineResourcePatched:414]: 	at TRANSFORMER/minecraft@1.20.1/net.minecraft.server.Main.main(Main.java:121)
[30Jul2025 16:15:12.380] [main/INFO] [STDERR/]: [optifine.OptiFineTransformer:getOptiFineResourcePatched:414]: 	at java.base/jdk.internal.reflect.NativeMethodAccessorImpl.invoke0(Native Method)
[30Jul2025 16:15:12.381] [main/INFO] [STDERR/]: [optifine.OptiFineTransformer:getOptiFineResourcePatched:414]: 	at java.base/jdk.internal.reflect.NativeMethodAccessorImpl.invoke(NativeMethodAccessorImpl.java:77)
[30Jul2025 16:15:12.381] [main/INFO] [STDERR/]: [optifine.OptiFineTransformer:getOptiFineResourcePatched:414]: 	at java.base/jdk.internal.reflect.DelegatingMethodAccessorImpl.invoke(DelegatingMethodAccessorImpl.java:43)
[30Jul2025 16:15:12.381] [main/INFO] [STDERR/]: [optifine.OptiFineTransformer:getOptiFineResourcePatched:414]: 	at java.base/java.lang.reflect.Method.invoke(Method.java:569)
[30Jul2025 16:15:12.381] [main/INFO] [STDERR/]: [optifine.OptiFineTransformer:getOptiFineResourcePatched:414]: 	at MC-BOOTSTRAP/fmlloader@1.20.1-47.3.7/net.minecraftforge.fml.loading.targets.CommonLaunchHandler.runTarget(CommonLaunchHandler.java:111)
[30Jul2025 16:15:12.382] [main/INFO] [STDERR/]: [optifine.OptiFineTransformer:getOptiFineResourcePatched:414]: 	at MC-BOOTSTRAP/fmlloader@1.20.1-47.3.7/net.minecraftforge.fml.loading.targets.CommonLaunchHandler.serverService(CommonLaunchHandler.java:103)
[30Jul2025 16:15:12.382] [main/INFO] [STDERR/]: [optifine.OptiFineTransformer:getOptiFineResourcePatched:414]: 	at MC-BOOTSTRAP/fmlloader@1.20.1-47.3.7/net.minecraftforge.fml.loading.targets.CommonServerLaunchHandler.lambda$makeService$0(CommonServerLaunchHandler.java:27)
[30Jul2025 16:15:12.382] [main/INFO] [STDERR/]: [optifine.OptiFineTransformer:getOptiFineResourcePatched:414]: 	at MC-BOOTSTRAP/cpw.mods.modlauncher@10.0.9/cpw.mods.modlauncher.LaunchServiceHandlerDecorator.launch(LaunchServiceHandlerDecorator.java:30)
[30Jul2025 16:15:12.383] [main/INFO] [STDERR/]: [optifine.OptiFineTransformer:getOptiFineResourcePatched:414]: 	at MC-BOOTSTRAP/cpw.mods.modlauncher@10.0.9/cpw.mods.modlauncher.LaunchServiceHandler.launch(LaunchServiceHandler.java:53)
[30Jul2025 16:15:12.384] [main/INFO] [STDERR/]: [optifine.OptiFineTransformer:getOptiFineResourcePatched:414]: 	at MC-BOOTSTRAP/cpw.mods.modlauncher@10.0.9/cpw.mods.modlauncher.LaunchServiceHandler.launch(LaunchServiceHandler.java:71)
[30Jul2025 16:15:12.385] [main/INFO] [STDERR/]: [optifine.OptiFineTransformer:getOptiFineResourcePatched:414]: 	at MC-BOOTSTRAP/cpw.mods.modlauncher@10.0.9/cpw.mods.modlauncher.Launcher.run(Launcher.java:108)
[30Jul2025 16:15:12.385] [main/INFO] [STDERR/]: [optifine.OptiFineTransformer:getOptiFineResourcePatched:414]: 	at MC-BOOTSTRAP/cpw.mods.modlauncher@10.0.9/cpw.mods.modlauncher.Launcher.main(Launcher.java:78)
[30Jul2025 16:15:12.385] [main/INFO] [STDERR/]: [optifine.OptiFineTransformer:getOptiFineResourcePatched:414]: 	at MC-BOOTSTRAP/cpw.mods.modlauncher@10.0.9/cpw.mods.modlauncher.BootstrapLaunchConsumer.accept(BootstrapLaunchConsumer.java:26)
[30Jul2025 16:15:12.385] [main/INFO] [STDERR/]: [optifine.OptiFineTransformer:getOptiFineResourcePatched:414]: 	at MC-BOOTSTRAP/cpw.mods.modlauncher@10.0.9/cpw.mods.modlauncher.BootstrapLaunchConsumer.accept(BootstrapLaunchConsumer.java:23)
[30Jul2025 16:15:12.385] [main/INFO] [STDERR/]: [optifine.OptiFineTransformer:getOptiFineResourcePatched:414]: 	at cpw.mods.bootstraplauncher@1.1.2/cpw.mods.bootstraplauncher.BootstrapLauncher.main(BootstrapLauncher.java:141)
[30Jul2025 16:15:13.180] [main/INFO] [STDERR/]: [optifine.OptiFineTransformer:getOptiFineResourcePatched:414]: java.io.IOException: Base resource not found: ha.class
[30Jul2025 16:15:13.180] [main/INFO] [STDERR/]: [optifine.OptiFineTransformer:getOptiFineResourcePatched:414]: 	at LAYER SERVICE/optifine/optifine.Patcher.applyPatch(Patcher.java:146)
[30Jul2025 16:15:13.180] [main/INFO] [STDERR/]: [optifine.OptiFineTransformer:getOptiFineResourcePatched:414]: 	at LAYER SERVICE/optifine/optifine.OptiFineTransformer.getOptiFineResourcePatched(OptiFineTransformer.java:396)
[30Jul2025 16:15:13.180] [main/INFO] [STDERR/]: [optifine.OptiFineTransformer:getOptiFineResourcePatched:414]: 	at LAYER SERVICE/optifine/optifine.OptiFineTransformer.getOptiFineResourceStreamPatched(OptiFineTransformer.java:368)
[30Jul2025 16:15:13.180] [main/INFO] [STDERR/]: [optifine.OptiFineTransformer:getOptiFineResourcePatched:414]: 	at LAYER SERVICE/optifine/optifine.OptiFineTransformer.getOptiFineResourceStream(OptiFineTransformer.java:291)
[30Jul2025 16:15:13.181] [main/INFO] [STDERR/]: [optifine.OptiFineTransformer:getOptiFineResourcePatched:414]: 	at LAYER SERVICE/optifine/optifine.OptiFineTransformer.getOptiFineResource(OptiFineTransformer.java:260)
[30Jul2025 16:15:13.181] [main/INFO] [STDERR/]: [optifine.OptiFineTransformer:getOptiFineResourcePatched:414]: 	at LAYER SERVICE/optifine/optifine.OptiFineTransformer.transform(OptiFineTransformer.java:171)
[30Jul2025 16:15:13.181] [main/INFO] [STDERR/]: [optifine.OptiFineTransformer:getOptiFineResourcePatched:414]: 	at LAYER SERVICE/optifine/optifine.OptiFineTransformer.transform(OptiFineTransformer.java:1)
[30Jul2025 16:15:13.181] [main/INFO] [STDERR/]: [optifine.OptiFineTransformer:getOptiFineResourcePatched:414]: 	at MC-BOOTSTRAP/cpw.mods.modlauncher@10.0.9/cpw.mods.modlauncher.TransformerHolder.transform(TransformerHolder.java:41)
[30Jul2025 16:15:13.181] [main/INFO] [STDERR/]: [optifine.OptiFineTransformer:getOptiFineResourcePatched:414]: 	at MC-BOOTSTRAP/cpw.mods.modlauncher@10.0.9/cpw.mods.modlauncher.ClassTransformer.performVote(ClassTransformer.java:179)
[30Jul2025 16:15:13.181] [main/INFO] [STDERR/]: [optifine.OptiFineTransformer:getOptiFineResourcePatched:414]: 	at MC-BOOTSTRAP/cpw.mods.modlauncher@10.0.9/cpw.mods.modlauncher.ClassTransformer.transform(ClassTransformer.java:98)
[30Jul2025 16:15:13.181] [main/INFO] [STDERR/]: [optifine.OptiFineTransformer:getOptiFineResourcePatched:414]: 	at MC-BOOTSTRAP/cpw.mods.modlauncher@10.0.9/cpw.mods.modlauncher.TransformingClassLoader.maybeTransformClassBytes(TransformingClassLoader.java:50)
[30Jul2025 16:15:13.181] [main/INFO] [STDERR/]: [optifine.OptiFineTransformer:getOptiFineResourcePatched:414]: 	at cpw.mods.securejarhandler/cpw.mods.cl.ModuleClassLoader.readerToClass(ModuleClassLoader.java:113)
[30Jul2025 16:15:13.181] [main/INFO] [STDERR/]: [optifine.OptiFineTransformer:getOptiFineResourcePatched:414]: 	at cpw.mods.securejarhandler/cpw.mods.cl.ModuleClassLoader.lambda$findClass$15(ModuleClassLoader.java:219)
[30Jul2025 16:15:13.182] [main/INFO] [STDERR/]: [optifine.OptiFineTransformer:getOptiFineResourcePatched:414]: 	at cpw.mods.securejarhandler/cpw.mods.cl.ModuleClassLoader.loadFromModule(ModuleClassLoader.java:229)
[30Jul2025 16:15:13.182] [main/INFO] [STDERR/]: [optifine.OptiFineTransformer:getOptiFineResourcePatched:414]: 	at cpw.mods.securejarhandler/cpw.mods.cl.ModuleClassLoader.findClass(ModuleClassLoader.java:219)
[30Jul2025 16:15:13.182] [main/INFO] [STDERR/]: [optifine.OptiFineTransformer:getOptiFineResourcePatched:414]: 	at cpw.mods.securejarhandler/cpw.mods.cl.ModuleClassLoader.loadClass(ModuleClassLoader.java:135)
[30Jul2025 16:15:13.182] [main/INFO] [STDERR/]: [optifine.OptiFineTransformer:getOptiFineResourcePatched:414]: 	at java.base/java.lang.ClassLoader.loadClass(ClassLoader.java:525)
[30Jul2025 16:15:13.182] [main/INFO] [STDERR/]: [optifine.OptiFineTransformer:getOptiFineResourcePatched:414]: 	at TRANSFORMER/minecraft@1.20.1/net.minecraft.world.level.block.state.BlockBehaviour.<clinit>(BlockBehaviour.java:79)
[30Jul2025 16:15:13.182] [main/INFO] [STDERR/]: [optifine.OptiFineTransformer:getOptiFineResourcePatched:414]: 	at TRANSFORMER/minecraft@1.20.1/net.minecraft.server.Bootstrap.m_135870_(Bootstrap.java:46)
[30Jul2025 16:15:13.182] [main/INFO] [STDERR/]: [optifine.OptiFineTransformer:getOptiFineResourcePatched:414]: 	at TRANSFORMER/minecraft@1.20.1/net.minecraft.server.Main.main(Main.java:121)
[30Jul2025 16:15:13.182] [main/INFO] [STDERR/]: [optifine.OptiFineTransformer:getOptiFineResourcePatched:414]: 	at java.base/jdk.internal.reflect.NativeMethodAccessorImpl.invoke0(Native Method)
[30Jul2025 16:15:13.183] [main/INFO] [STDERR/]: [optifine.OptiFineTransformer:getOptiFineResourcePatched:414]: 	at java.base/jdk.internal.reflect.NativeMethodAccessorImpl.invoke(NativeMethodAccessorImpl.java:77)
[30Jul2025 16:15:13.183] [main/INFO] [STDERR/]: [optifine.OptiFineTransformer:getOptiFineResourcePatched:414]: 	at java.base/jdk.internal.reflect.DelegatingMethodAccessorImpl.invoke(DelegatingMethodAccessorImpl.java:43)
[30Jul2025 16:15:13.183] [main/INFO] [STDERR/]: [optifine.OptiFineTransformer:getOptiFineResourcePatched:414]: 	at java.base/java.lang.reflect.Method.invoke(Method.java:569)
[30Jul2025 16:15:13.183] [main/INFO] [STDERR/]: [optifine.OptiFineTransformer:getOptiFineResourcePatched:414]: 	at MC-BOOTSTRAP/fmlloader@1.20.1-47.3.7/net.minecraftforge.fml.loading.targets.CommonLaunchHandler.runTarget(CommonLaunchHandler.java:111)
[30Jul2025 16:15:13.183] [main/INFO] [STDERR/]: [optifine.OptiFineTransformer:getOptiFineResourcePatched:414]: 	at MC-BOOTSTRAP/fmlloader@1.20.1-47.3.7/net.minecraftforge.fml.loading.targets.CommonLaunchHandler.serverService(CommonLaunchHandler.java:103)
[30Jul2025 16:15:13.183] [main/INFO] [STDERR/]: [optifine.OptiFineTransformer:getOptiFineResourcePatched:414]: 	at MC-BOOTSTRAP/fmlloader@1.20.1-47.3.7/net.minecraftforge.fml.loading.targets.CommonServerLaunchHandler.lambda$makeService$0(CommonServerLaunchHandler.java:27)
[30Jul2025 16:15:13.183] [main/INFO] [STDERR/]: [optifine.OptiFineTransformer:getOptiFineResourcePatched:414]: 	at MC-BOOTSTRAP/cpw.mods.modlauncher@10.0.9/cpw.mods.modlauncher.LaunchServiceHandlerDecorator.launch(LaunchServiceHandlerDecorator.java:30)
[30Jul2025 16:15:13.183] [main/INFO] [STDERR/]: [optifine.OptiFineTransformer:getOptiFineResourcePatched:414]: 	at MC-BOOTSTRAP/cpw.mods.modlauncher@10.0.9/cpw.mods.modlauncher.LaunchServiceHandler.launch(LaunchServiceHandler.java:53)
[30Jul2025 16:15:13.184] [main/INFO] [STDERR/]: [optifine.OptiFineTransformer:getOptiFineResourcePatched:414]: 	at MC-BOOTSTRAP/cpw.mods.modlauncher@10.0.9/cpw.mods.modlauncher.LaunchServiceHandler.launch(LaunchServiceHandler.java:71)
[30Jul2025 16:15:13.184] [main/INFO] [STDERR/]: [optifine.OptiFineTransformer:getOptiFineResourcePatched:414]: 	at MC-BOOTSTRAP/cpw.mods.modlauncher@10.0.9/cpw.mods.modlauncher.Launcher.run(Launcher.java:108)
[30Jul2025 16:15:13.184] [main/INFO] [STDERR/]: [optifine.OptiFineTransformer:getOptiFineResourcePatched:414]: 	at MC-BOOTSTRAP/cpw.mods.modlauncher@10.0.9/cpw.mods.modlauncher.Launcher.main(Launcher.java:78)
[30Jul2025 16:15:13.184] [main/INFO] [STDERR/]: [optifine.OptiFineTransformer:getOptiFineResourcePatched:414]: 	at MC-BOOTSTRAP/cpw.mods.modlauncher@10.0.9/cpw.mods.modlauncher.BootstrapLaunchConsumer.accept(BootstrapLaunchConsumer.java:26)
[30Jul2025 16:15:13.184] [main/INFO] [STDERR/]: [optifine.OptiFineTransformer:getOptiFineResourcePatched:414]: 	at MC-BOOTSTRAP/cpw.mods.modlauncher@10.0.9/cpw.mods.modlauncher.BootstrapLaunchConsumer.accept(BootstrapLaunchConsumer.java:23)
[30Jul2025 16:15:13.184] [main/INFO] [STDERR/]: [optifine.OptiFineTransformer:getOptiFineResourcePatched:414]: 	at cpw.mods.bootstraplauncher@1.1.2/cpw.mods.bootstraplauncher.BootstrapLauncher.main(BootstrapLauncher.java:141)
[30Jul2025 16:15:13.188] [main/INFO] [STDERR/]: [optifine.OptiFineTransformer:getOptiFineResourcePatched:414]: java.io.IOException: Base resource not found: ha$b.class
[30Jul2025 16:15:13.188] [main/INFO] [STDERR/]: [optifine.OptiFineTransformer:getOptiFineResourcePatched:414]: 	at LAYER SERVICE/optifine/optifine.Patcher.applyPatch(Patcher.java:146)
[30Jul2025 16:15:13.188] [main/INFO] [STDERR/]: [optifine.OptiFineTransformer:getOptiFineResourcePatched:414]: 	at LAYER SERVICE/optifine/optifine.OptiFineTransformer.getOptiFineResourcePatched(OptiFineTransformer.java:396)
[30Jul2025 16:15:13.188] [main/INFO] [STDERR/]: [optifine.OptiFineTransformer:getOptiFineResourcePatched:414]: 	at LAYER SERVICE/optifine/optifine.OptiFineTransformer.getOptiFineResourceStreamPatched(OptiFineTransformer.java:368)
[30Jul2025 16:15:13.188] [main/INFO] [STDERR/]: [optifine.OptiFineTransformer:getOptiFineResourcePatched:414]: 	at LAYER SERVICE/optifine/optifine.OptiFineTransformer.getOptiFineResourceStream(OptiFineTransformer.java:291)
[30Jul2025 16:15:13.188] [main/INFO] [STDERR/]: [optifine.OptiFineTransformer:getOptiFineResourcePatched:414]: 	at LAYER SERVICE/optifine/optifine.OptiFineTransformer.getOptiFineResource(OptiFineTransformer.java:260)
[30Jul2025 16:15:13.189] [main/INFO] [STDERR/]: [optifine.OptiFineTransformer:getOptiFineResourcePatched:414]: 	at LAYER SERVICE/optifine/optifine.OptiFineTransformer.transform(OptiFineTransformer.java:171)
[30Jul2025 16:15:13.189] [main/INFO] [STDERR/]: [optifine.OptiFineTransformer:getOptiFineResourcePatched:414]: 	at LAYER SERVICE/optifine/optifine.OptiFineTransformer.transform(OptiFineTransformer.java:1)
[30Jul2025 16:15:13.189] [main/INFO] [STDERR/]: [optifine.OptiFineTransformer:getOptiFineResourcePatched:414]: 	at MC-BOOTSTRAP/cpw.mods.modlauncher@10.0.9/cpw.mods.modlauncher.TransformerHolder.transform(TransformerHolder.java:41)
[30Jul2025 16:15:13.189] [main/INFO] [STDERR/]: [optifine.OptiFineTransformer:getOptiFineResourcePatched:414]: 	at MC-BOOTSTRAP/cpw.mods.modlauncher@10.0.9/cpw.mods.modlauncher.ClassTransformer.performVote(ClassTransformer.java:179)
[30Jul2025 16:15:13.189] [main/INFO] [STDERR/]: [optifine.OptiFineTransformer:getOptiFineResourcePatched:414]: 	at MC-BOOTSTRAP/cpw.mods.modlauncher@10.0.9/cpw.mods.modlauncher.ClassTransformer.transform(ClassTransformer.java:98)
[30Jul2025 16:15:13.189] [main/INFO] [STDERR/]: [optifine.OptiFineTransformer:getOptiFineResourcePatched:414]: 	at MC-BOOTSTRAP/cpw.mods.modlauncher@10.0.9/cpw.mods.modlauncher.TransformingClassLoader.maybeTransformClassBytes(TransformingClassLoader.java:50)
[30Jul2025 16:15:13.189] [main/INFO] [STDERR/]: [optifine.OptiFineTransformer:getOptiFineResourcePatched:414]: 	at cpw.mods.securejarhandler/cpw.mods.cl.ModuleClassLoader.readerToClass(ModuleClassLoader.java:113)
[30Jul2025 16:15:13.189] [main/INFO] [STDERR/]: [optifine.OptiFineTransformer:getOptiFineResourcePatched:414]: 	at cpw.mods.securejarhandler/cpw.mods.cl.ModuleClassLoader.lambda$findClass$15(ModuleClassLoader.java:219)
[30Jul2025 16:15:13.190] [main/INFO] [STDERR/]: [optifine.OptiFineTransformer:getOptiFineResourcePatched:414]: 	at cpw.mods.securejarhandler/cpw.mods.cl.ModuleClassLoader.loadFromModule(ModuleClassLoader.java:229)
[30Jul2025 16:15:13.190] [main/INFO] [STDERR/]: [optifine.OptiFineTransformer:getOptiFineResourcePatched:414]: 	at cpw.mods.securejarhandler/cpw.mods.cl.ModuleClassLoader.findClass(ModuleClassLoader.java:219)
[30Jul2025 16:15:13.190] [main/INFO] [STDERR/]: [optifine.OptiFineTransformer:getOptiFineResourcePatched:414]: 	at cpw.mods.securejarhandler/cpw.mods.cl.ModuleClassLoader.loadClass(ModuleClassLoader.java:135)
[30Jul2025 16:15:13.190] [main/INFO] [STDERR/]: [optifine.OptiFineTransformer:getOptiFineResourcePatched:414]: 	at java.base/java.lang.ClassLoader.loadClass(ClassLoader.java:525)
[30Jul2025 16:15:13.190] [main/INFO] [STDERR/]: [optifine.OptiFineTransformer:getOptiFineResourcePatched:414]: 	at TRANSFORMER/minecraft@1.20.1/net.minecraft.core.Direction.<clinit>(Direction.java:27)
[30Jul2025 16:15:13.190] [main/INFO] [STDERR/]: [optifine.OptiFineTransformer:getOptiFineResourcePatched:414]: 	at TRANSFORMER/minecraft@1.20.1/net.minecraft.world.level.block.state.BlockBehaviour.<clinit>(BlockBehaviour.java:79)
[30Jul2025 16:15:13.190] [main/INFO] [STDERR/]: [optifine.OptiFineTransformer:getOptiFineResourcePatched:414]: 	at TRANSFORMER/minecraft@1.20.1/net.minecraft.server.Bootstrap.m_135870_(Bootstrap.java:46)
[30Jul2025 16:15:13.191] [main/INFO] [STDERR/]: [optifine.OptiFineTransformer:getOptiFineResourcePatched:414]: 	at TRANSFORMER/minecraft@1.20.1/net.minecraft.server.Main.main(Main.java:121)
[30Jul2025 16:15:13.191] [main/INFO] [STDERR/]: [optifine.OptiFineTransformer:getOptiFineResourcePatched:414]: 	at java.base/jdk.internal.reflect.NativeMethodAccessorImpl.invoke0(Native Method)
[30Jul2025 16:15:13.191] [main/INFO] [STDERR/]: [optifine.OptiFineTransformer:getOptiFineResourcePatched:414]: 	at java.base/jdk.internal.reflect.NativeMethodAccessorImpl.invoke(NativeMethodAccessorImpl.java:77)
[30Jul2025 16:15:13.191] [main/INFO] [STDERR/]: [optifine.OptiFineTransformer:getOptiFineResourcePatched:414]: 	at java.base/jdk.internal.reflect.DelegatingMethodAccessorImpl.invoke(DelegatingMethodAccessorImpl.java:43)
[30Jul2025 16:15:13.191] [main/INFO] [STDERR/]: [optifine.OptiFineTransformer:getOptiFineResourcePatched:414]: 	at java.base/java.lang.reflect.Method.invoke(Method.java:569)
[30Jul2025 16:15:13.191] [main/INFO] [STDERR/]: [optifine.OptiFineTransformer:getOptiFineResourcePatched:414]: 	at MC-BOOTSTRAP/fmlloader@1.20.1-47.3.7/net.minecraftforge.fml.loading.targets.CommonLaunchHandler.runTarget(CommonLaunchHandler.java:111)
[30Jul2025 16:15:13.191] [main/INFO] [STDERR/]: [optifine.OptiFineTransformer:getOptiFineResourcePatched:414]: 	at MC-BOOTSTRAP/fmlloader@1.20.1-47.3.7/net.minecraftforge.fml.loading.targets.CommonLaunchHandler.serverService(CommonLaunchHandler.java:103)
[30Jul2025 16:15:13.192] [main/INFO] [STDERR/]: [optifine.OptiFineTransformer:getOptiFineResourcePatched:414]: 	at MC-BOOTSTRAP/fmlloader@1.20.1-47.3.7/net.minecraftforge.fml.loading.targets.CommonServerLaunchHandler.lambda$makeService$0(CommonServerLaunchHandler.java:27)
[30Jul2025 16:15:13.192] [main/INFO] [STDERR/]: [optifine.OptiFineTransformer:getOptiFineResourcePatched:414]: 	at MC-BOOTSTRAP/cpw.mods.modlauncher@10.0.9/cpw.mods.modlauncher.LaunchServiceHandlerDecorator.launch(LaunchServiceHandlerDecorator.java:30)
[30Jul2025 16:15:13.192] [main/INFO] [STDERR/]: [optifine.OptiFineTransformer:getOptiFineResourcePatched:414]: 	at MC-BOOTSTRAP/cpw.mods.modlauncher@10.0.9/cpw.mods.modlauncher.LaunchServiceHandler.launch(LaunchServiceHandler.java:53)
[30Jul2025 16:15:13.192] [main/INFO] [STDERR/]: [optifine.OptiFineTransformer:getOptiFineResourcePatched:414]: 	at MC-BOOTSTRAP/cpw.mods.modlauncher@10.0.9/cpw.mods.modlauncher.LaunchServiceHandler.launch(LaunchServiceHandler.java:71)
[30Jul2025 16:15:13.192] [main/INFO] [STDERR/]: [optifine.OptiFineTransformer:getOptiFineResourcePatched:414]: 	at MC-BOOTSTRAP/cpw.mods.modlauncher@10.0.9/cpw.mods.modlauncher.Launcher.run(Launcher.java:108)
[30Jul2025 16:15:13.192] [main/INFO] [STDERR/]: [optifine.OptiFineTransformer:getOptiFineResourcePatched:414]: 	at MC-BOOTSTRAP/cpw.mods.modlauncher@10.0.9/cpw.mods.modlauncher.Launcher.main(Launcher.java:78)
[30Jul2025 16:15:13.193] [main/INFO] [STDERR/]: [optifine.OptiFineTransformer:getOptiFineResourcePatched:414]: 	at MC-BOOTSTRAP/cpw.mods.modlauncher@10.0.9/cpw.mods.modlauncher.BootstrapLaunchConsumer.accept(BootstrapLaunchConsumer.java:26)
[30Jul2025 16:15:13.193] [main/INFO] [STDERR/]: [optifine.OptiFineTransformer:getOptiFineResourcePatched:414]: 	at MC-BOOTSTRAP/cpw.mods.modlauncher@10.0.9/cpw.mods.modlauncher.BootstrapLaunchConsumer.accept(BootstrapLaunchConsumer.java:23)
[30Jul2025 16:15:13.193] [main/INFO] [STDERR/]: [optifine.OptiFineTransformer:getOptiFineResourcePatched:414]: 	at cpw.mods.bootstraplauncher@1.1.2/cpw.mods.bootstraplauncher.BootstrapLauncher.main(BootstrapLauncher.java:141)
[30Jul2025 16:15:13.195] [main/INFO] [STDERR/]: [optifine.OptiFineTransformer:getOptiFineResourcePatched:414]: java.io.IOException: Base resource not found: ha$a.class
[30Jul2025 16:15:13.195] [main/INFO] [STDERR/]: [optifine.OptiFineTransformer:getOptiFineResourcePatched:414]: 	at LAYER SERVICE/optifine/optifine.Patcher.applyPatch(Patcher.java:146)
[30Jul2025 16:15:13.196] [main/INFO] [STDERR/]: [optifine.OptiFineTransformer:getOptiFineResourcePatched:414]: 	at LAYER SERVICE/optifine/optifine.OptiFineTransformer.getOptiFineResourcePatched(OptiFineTransformer.java:396)
[30Jul2025 16:15:13.196] [main/INFO] [STDERR/]: [optifine.OptiFineTransformer:getOptiFineResourcePatched:414]: 	at LAYER SERVICE/optifine/optifine.OptiFineTransformer.getOptiFineResourceStreamPatched(OptiFineTransformer.java:368)
[30Jul2025 16:15:13.196] [main/INFO] [STDERR/]: [optifine.OptiFineTransformer:getOptiFineResourcePatched:414]: 	at LAYER SERVICE/optifine/optifine.OptiFineTransformer.getOptiFineResourceStream(OptiFineTransformer.java:291)
[30Jul2025 16:15:13.196] [main/INFO] [STDERR/]: [optifine.OptiFineTransformer:getOptiFineResourcePatched:414]: 	at LAYER SERVICE/optifine/optifine.OptiFineTransformer.getOptiFineResource(OptiFineTransformer.java:260)
[30Jul2025 16:15:13.196] [main/INFO] [STDERR/]: [optifine.OptiFineTransformer:getOptiFineResourcePatched:414]: 	at LAYER SERVICE/optifine/optifine.OptiFineTransformer.transform(OptiFineTransformer.java:171)
[30Jul2025 16:15:13.196] [main/INFO] [STDERR/]: [optifine.OptiFineTransformer:getOptiFineResourcePatched:414]: 	at LAYER SERVICE/optifine/optifine.OptiFineTransformer.transform(OptiFineTransformer.java:1)
[30Jul2025 16:15:13.196] [main/INFO] [STDERR/]: [optifine.OptiFineTransformer:getOptiFineResourcePatched:414]: 	at MC-BOOTSTRAP/cpw.mods.modlauncher@10.0.9/cpw.mods.modlauncher.TransformerHolder.transform(TransformerHolder.java:41)
[30Jul2025 16:15:13.197] [main/INFO] [STDERR/]: [optifine.OptiFineTransformer:getOptiFineResourcePatched:414]: 	at MC-BOOTSTRAP/cpw.mods.modlauncher@10.0.9/cpw.mods.modlauncher.ClassTransformer.performVote(ClassTransformer.java:179)
[30Jul2025 16:15:13.197] [main/INFO] [STDERR/]: [optifine.OptiFineTransformer:getOptiFineResourcePatched:414]: 	at MC-BOOTSTRAP/cpw.mods.modlauncher@10.0.9/cpw.mods.modlauncher.ClassTransformer.transform(ClassTransformer.java:98)
[30Jul2025 16:15:13.197] [main/INFO] [STDERR/]: [optifine.OptiFineTransformer:getOptiFineResourcePatched:414]: 	at MC-BOOTSTRAP/cpw.mods.modlauncher@10.0.9/cpw.mods.modlauncher.TransformingClassLoader.maybeTransformClassBytes(TransformingClassLoader.java:50)
[30Jul2025 16:15:13.197] [main/INFO] [STDERR/]: [optifine.OptiFineTransformer:getOptiFineResourcePatched:414]: 	at cpw.mods.securejarhandler/cpw.mods.cl.ModuleClassLoader.readerToClass(ModuleClassLoader.java:113)
[30Jul2025 16:15:13.197] [main/INFO] [STDERR/]: [optifine.OptiFineTransformer:getOptiFineResourcePatched:414]: 	at cpw.mods.securejarhandler/cpw.mods.cl.ModuleClassLoader.lambda$findClass$15(ModuleClassLoader.java:219)
[30Jul2025 16:15:13.197] [main/INFO] [STDERR/]: [optifine.OptiFineTransformer:getOptiFineResourcePatched:414]: 	at cpw.mods.securejarhandler/cpw.mods.cl.ModuleClassLoader.loadFromModule(ModuleClassLoader.java:229)
[30Jul2025 16:15:13.197] [main/INFO] [STDERR/]: [optifine.OptiFineTransformer:getOptiFineResourcePatched:414]: 	at cpw.mods.securejarhandler/cpw.mods.cl.ModuleClassLoader.findClass(ModuleClassLoader.java:219)
[30Jul2025 16:15:13.197] [main/INFO] [STDERR/]: [optifine.OptiFineTransformer:getOptiFineResourcePatched:414]: 	at cpw.mods.securejarhandler/cpw.mods.cl.ModuleClassLoader.loadClass(ModuleClassLoader.java:135)
[30Jul2025 16:15:13.197] [main/INFO] [STDERR/]: [optifine.OptiFineTransformer:getOptiFineResourcePatched:414]: 	at java.base/java.lang.ClassLoader.loadClass(ClassLoader.java:525)
[30Jul2025 16:15:13.198] [main/INFO] [STDERR/]: [optifine.OptiFineTransformer:getOptiFineResourcePatched:414]: 	at TRANSFORMER/minecraft@1.20.1/net.minecraft.core.Direction.<clinit>(Direction.java:27)
[30Jul2025 16:15:13.198] [main/INFO] [STDERR/]: [optifine.OptiFineTransformer:getOptiFineResourcePatched:414]: 	at TRANSFORMER/minecraft@1.20.1/net.minecraft.world.level.block.state.BlockBehaviour.<clinit>(BlockBehaviour.java:79)
[30Jul2025 16:15:13.198] [main/INFO] [STDERR/]: [optifine.OptiFineTransformer:getOptiFineResourcePatched:414]: 	at TRANSFORMER/minecraft@1.20.1/net.minecraft.server.Bootstrap.m_135870_(Bootstrap.java:46)
[30Jul2025 16:15:13.198] [main/INFO] [STDERR/]: [optifine.OptiFineTransformer:getOptiFineResourcePatched:414]: 	at TRANSFORMER/minecraft@1.20.1/net.minecraft.server.Main.main(Main.java:121)
[30Jul2025 16:15:13.198] [main/INFO] [STDERR/]: [optifine.OptiFineTransformer:getOptiFineResourcePatched:414]: 	at java.base/jdk.internal.reflect.NativeMethodAccessorImpl.invoke0(Native Method)
[30Jul2025 16:15:13.198] [main/INFO] [STDERR/]: [optifine.OptiFineTransformer:getOptiFineResourcePatched:414]: 	at java.base/jdk.internal.reflect.NativeMethodAccessorImpl.invoke(NativeMethodAccessorImpl.java:77)
[30Jul2025 16:15:13.198] [main/INFO] [STDERR/]: [optifine.OptiFineTransformer:getOptiFineResourcePatched:414]: 	at java.base/jdk.internal.reflect.DelegatingMethodAccessorImpl.invoke(DelegatingMethodAccessorImpl.java:43)
[30Jul2025 16:15:13.198] [main/INFO] [STDERR/]: [optifine.OptiFineTransformer:getOptiFineResourcePatched:414]: 	at java.base/java.lang.reflect.Method.invoke(Method.java:569)
[30Jul2025 16:15:13.199] [main/INFO] [STDERR/]: [optifine.OptiFineTransformer:getOptiFineResourcePatched:414]: 	at MC-BOOTSTRAP/fmlloader@1.20.1-47.3.7/net.minecraftforge.fml.loading.targets.CommonLaunchHandler.runTarget(CommonLaunchHandler.java:111)
[30Jul2025 16:15:13.199] [main/INFO] [STDERR/]: [optifine.OptiFineTransformer:getOptiFineResourcePatched:414]: 	at MC-BOOTSTRAP/fmlloader@1.20.1-47.3.7/net.minecraftforge.fml.loading.targets.CommonLaunchHandler.serverService(CommonLaunchHandler.java:103)
[30Jul2025 16:15:13.199] [main/INFO] [STDERR/]: [optifine.OptiFineTransformer:getOptiFineResourcePatched:414]: 	at MC-BOOTSTRAP/fmlloader@1.20.1-47.3.7/net.minecraftforge.fml.loading.targets.CommonServerLaunchHandler.lambda$makeService$0(CommonServerLaunchHandler.java:27)
[30Jul2025 16:15:13.199] [main/INFO] [STDERR/]: [optifine.OptiFineTransformer:getOptiFineResourcePatched:414]: 	at MC-BOOTSTRAP/cpw.mods.modlauncher@10.0.9/cpw.mods.modlauncher.LaunchServiceHandlerDecorator.launch(LaunchServiceHandlerDecorator.java:30)
[30Jul2025 16:15:13.199] [main/INFO] [STDERR/]: [optifine.OptiFineTransformer:getOptiFineResourcePatched:414]: 	at MC-BOOTSTRAP/cpw.mods.modlauncher@10.0.9/cpw.mods.modlauncher.LaunchServiceHandler.launch(LaunchServiceHandler.java:53)
[30Jul2025 16:15:13.199] [main/INFO] [STDERR/]: [optifine.OptiFineTransformer:getOptiFineResourcePatched:414]: 	at MC-BOOTSTRAP/cpw.mods.modlauncher@10.0.9/cpw.mods.modlauncher.LaunchServiceHandler.launch(LaunchServiceHandler.java:71)
[30Jul2025 16:15:13.199] [main/INFO] [STDERR/]: [optifine.OptiFineTransformer:getOptiFineResourcePatched:414]: 	at MC-BOOTSTRAP/cpw.mods.modlauncher@10.0.9/cpw.mods.modlauncher.Launcher.run(Launcher.java:108)
[30Jul2025 16:15:13.200] [main/INFO] [STDERR/]: [optifine.OptiFineTransformer:getOptiFineResourcePatched:414]: 	at MC-BOOTSTRAP/cpw.mods.modlauncher@10.0.9/cpw.mods.modlauncher.Launcher.main(Launcher.java:78)
[30Jul2025 16:15:13.200] [main/INFO] [STDERR/]: [optifine.OptiFineTransformer:getOptiFineResourcePatched:414]: 	at MC-BOOTSTRAP/cpw.mods.modlauncher@10.0.9/cpw.mods.modlauncher.BootstrapLaunchConsumer.accept(BootstrapLaunchConsumer.java:26)
[30Jul2025 16:15:13.200] [main/INFO] [STDERR/]: [optifine.OptiFineTransformer:getOptiFineResourcePatched:414]: 	at MC-BOOTSTRAP/cpw.mods.modlauncher@10.0.9/cpw.mods.modlauncher.BootstrapLaunchConsumer.accept(BootstrapLaunchConsumer.java:23)
[30Jul2025 16:15:13.202] [main/INFO] [STDERR/]: [optifine.OptiFineTransformer:getOptiFineResourcePatched:414]: 	at cpw.mods.bootstraplauncher@1.1.2/cpw.mods.bootstraplauncher.BootstrapLauncher.main(BootstrapLauncher.java:141)
[30Jul2025 16:15:13.204] [main/INFO] [STDERR/]: [optifine.OptiFineTransformer:getOptiFineResourcePatched:414]: java.io.IOException: Base resource not found: ha$a$1.class
[30Jul2025 16:15:13.204] [main/INFO] [STDERR/]: [optifine.OptiFineTransformer:getOptiFineResourcePatched:414]: 	at LAYER SERVICE/optifine/optifine.Patcher.applyPatch(Patcher.java:146)
[30Jul2025 16:15:13.205] [main/INFO] [STDERR/]: [optifine.OptiFineTransformer:getOptiFineResourcePatched:414]: 	at LAYER SERVICE/optifine/optifine.OptiFineTransformer.getOptiFineResourcePatched(OptiFineTransformer.java:396)
[30Jul2025 16:15:13.205] [main/INFO] [STDERR/]: [optifine.OptiFineTransformer:getOptiFineResourcePatched:414]: 	at LAYER SERVICE/optifine/optifine.OptiFineTransformer.getOptiFineResourceStreamPatched(OptiFineTransformer.java:368)
[30Jul2025 16:15:13.205] [main/INFO] [STDERR/]: [optifine.OptiFineTransformer:getOptiFineResourcePatched:414]: 	at LAYER SERVICE/optifine/optifine.OptiFineTransformer.getOptiFineResourceStream(OptiFineTransformer.java:291)
[30Jul2025 16:15:13.205] [main/INFO] [STDERR/]: [optifine.OptiFineTransformer:getOptiFineResourcePatched:414]: 	at LAYER SERVICE/optifine/optifine.OptiFineTransformer.getOptiFineResource(OptiFineTransformer.java:260)
[30Jul2025 16:15:13.206] [main/INFO] [STDERR/]: [optifine.OptiFineTransformer:getOptiFineResourcePatched:414]: 	at LAYER SERVICE/optifine/optifine.OptiFineTransformer.transform(OptiFineTransformer.java:171)
[30Jul2025 16:15:13.206] [main/INFO] [STDERR/]: [optifine.OptiFineTransformer:getOptiFineResourcePatched:414]: 	at LAYER SERVICE/optifine/optifine.OptiFineTransformer.transform(OptiFineTransformer.java:1)
[30Jul2025 16:15:13.208] [main/INFO] [STDERR/]: [optifine.OptiFineTransformer:getOptiFineResourcePatched:414]: 	at MC-BOOTSTRAP/cpw.mods.modlauncher@10.0.9/cpw.mods.modlauncher.TransformerHolder.transform(TransformerHolder.java:41)
[30Jul2025 16:15:13.208] [main/INFO] [STDERR/]: [optifine.OptiFineTransformer:getOptiFineResourcePatched:414]: 	at MC-BOOTSTRAP/cpw.mods.modlauncher@10.0.9/cpw.mods.modlauncher.ClassTransformer.performVote(ClassTransformer.java:179)
[30Jul2025 16:15:13.209] [main/INFO] [STDERR/]: [optifine.OptiFineTransformer:getOptiFineResourcePatched:414]: 	at MC-BOOTSTRAP/cpw.mods.modlauncher@10.0.9/cpw.mods.modlauncher.ClassTransformer.transform(ClassTransformer.java:98)
[30Jul2025 16:15:13.209] [main/INFO] [STDERR/]: [optifine.OptiFineTransformer:getOptiFineResourcePatched:414]: 	at MC-BOOTSTRAP/cpw.mods.modlauncher@10.0.9/cpw.mods.modlauncher.TransformingClassLoader.maybeTransformClassBytes(TransformingClassLoader.java:50)
[30Jul2025 16:15:13.209] [main/INFO] [STDERR/]: [optifine.OptiFineTransformer:getOptiFineResourcePatched:414]: 	at cpw.mods.securejarhandler/cpw.mods.cl.ModuleClassLoader.readerToClass(ModuleClassLoader.java:113)
[30Jul2025 16:15:13.209] [main/INFO] [STDERR/]: [optifine.OptiFineTransformer:getOptiFineResourcePatched:414]: 	at cpw.mods.securejarhandler/cpw.mods.cl.ModuleClassLoader.lambda$findClass$15(ModuleClassLoader.java:219)
[30Jul2025 16:15:13.209] [main/INFO] [STDERR/]: [optifine.OptiFineTransformer:getOptiFineResourcePatched:414]: 	at cpw.mods.securejarhandler/cpw.mods.cl.ModuleClassLoader.loadFromModule(ModuleClassLoader.java:229)
[30Jul2025 16:15:13.210] [main/INFO] [STDERR/]: [optifine.OptiFineTransformer:getOptiFineResourcePatched:414]: 	at cpw.mods.securejarhandler/cpw.mods.cl.ModuleClassLoader.findClass(ModuleClassLoader.java:219)
[30Jul2025 16:15:13.210] [main/INFO] [STDERR/]: [optifine.OptiFineTransformer:getOptiFineResourcePatched:414]: 	at cpw.mods.securejarhandler/cpw.mods.cl.ModuleClassLoader.loadClass(ModuleClassLoader.java:135)
[30Jul2025 16:15:13.210] [main/INFO] [STDERR/]: [optifine.OptiFineTransformer:getOptiFineResourcePatched:414]: 	at java.base/java.lang.ClassLoader.loadClass(ClassLoader.java:525)
[30Jul2025 16:15:13.210] [main/INFO] [STDERR/]: [optifine.OptiFineTransformer:getOptiFineResourcePatched:414]: 	at TRANSFORMER/minecraft@1.20.1/net.minecraft.core.Direction.<clinit>(Direction.java:27)
[30Jul2025 16:15:13.211] [main/INFO] [STDERR/]: [optifine.OptiFineTransformer:getOptiFineResourcePatched:414]: 	at TRANSFORMER/minecraft@1.20.1/net.minecraft.world.level.block.state.BlockBehaviour.<clinit>(BlockBehaviour.java:79)
[30Jul2025 16:15:13.211] [main/INFO] [STDERR/]: [optifine.OptiFineTransformer:getOptiFineResourcePatched:414]: 	at TRANSFORMER/minecraft@1.20.1/net.minecraft.server.Bootstrap.m_135870_(Bootstrap.java:46)
[30Jul2025 16:15:13.212] [main/INFO] [STDERR/]: [optifine.OptiFineTransformer:getOptiFineResourcePatched:414]: 	at TRANSFORMER/minecraft@1.20.1/net.minecraft.server.Main.main(Main.java:121)
[30Jul2025 16:15:13.212] [main/INFO] [STDERR/]: [optifine.OptiFineTransformer:getOptiFineResourcePatched:414]: 	at java.base/jdk.internal.reflect.NativeMethodAccessorImpl.invoke0(Native Method)
[30Jul2025 16:15:13.212] [main/INFO] [STDERR/]: [optifine.OptiFineTransformer:getOptiFineResourcePatched:414]: 	at java.base/jdk.internal.reflect.NativeMethodAccessorImpl.invoke(NativeMethodAccessorImpl.java:77)
[30Jul2025 16:15:13.212] [main/INFO] [STDERR/]: [optifine.OptiFineTransformer:getOptiFineResourcePatched:414]: 	at java.base/jdk.internal.reflect.DelegatingMethodAccessorImpl.invoke(DelegatingMethodAccessorImpl.java:43)
[30Jul2025 16:15:13.212] [main/INFO] [STDERR/]: [optifine.OptiFineTransformer:getOptiFineResourcePatched:414]: 	at java.base/java.lang.reflect.Method.invoke(Method.java:569)
[30Jul2025 16:15:13.212] [main/INFO] [STDERR/]: [optifine.OptiFineTransformer:getOptiFineResourcePatched:414]: 	at MC-BOOTSTRAP/fmlloader@1.20.1-47.3.7/net.minecraftforge.fml.loading.targets.CommonLaunchHandler.runTarget(CommonLaunchHandler.java:111)
[30Jul2025 16:15:13.212] [main/INFO] [STDERR/]: [optifine.OptiFineTransformer:getOptiFineResourcePatched:414]: 	at MC-BOOTSTRAP/fmlloader@1.20.1-47.3.7/net.minecraftforge.fml.loading.targets.CommonLaunchHandler.serverService(CommonLaunchHandler.java:103)
[30Jul2025 16:15:13.212] [main/INFO] [STDERR/]: [optifine.OptiFineTransformer:getOptiFineResourcePatched:414]: 	at MC-BOOTSTRAP/fmlloader@1.20.1-47.3.7/net.minecraftforge.fml.loading.targets.CommonServerLaunchHandler.lambda$makeService$0(CommonServerLaunchHandler.java:27)
[30Jul2025 16:15:13.213] [main/INFO] [STDERR/]: [optifine.OptiFineTransformer:getOptiFineResourcePatched:414]: 	at MC-BOOTSTRAP/cpw.mods.modlauncher@10.0.9/cpw.mods.modlauncher.LaunchServiceHandlerDecorator.launch(LaunchServiceHandlerDecorator.java:30)
[30Jul2025 16:15:13.213] [main/INFO] [STDERR/]: [optifine.OptiFineTransformer:getOptiFineResourcePatched:414]: 	at MC-BOOTSTRAP/cpw.mods.modlauncher@10.0.9/cpw.mods.modlauncher.LaunchServiceHandler.launch(LaunchServiceHandler.java:53)
[30Jul2025 16:15:13.213] [main/INFO] [STDERR/]: [optifine.OptiFineTransformer:getOptiFineResourcePatched:414]: 	at MC-BOOTSTRAP/cpw.mods.modlauncher@10.0.9/cpw.mods.modlauncher.LaunchServiceHandler.launch(LaunchServiceHandler.java:71)
[30Jul2025 16:15:13.213] [main/INFO] [STDERR/]: [optifine.OptiFineTransformer:getOptiFineResourcePatched:414]: 	at MC-BOOTSTRAP/cpw.mods.modlauncher@10.0.9/cpw.mods.modlauncher.Launcher.run(Launcher.java:108)
[30Jul2025 16:15:13.213] [main/INFO] [STDERR/]: [optifine.OptiFineTransformer:getOptiFineResourcePatched:414]: 	at MC-BOOTSTRAP/cpw.mods.modlauncher@10.0.9/cpw.mods.modlauncher.Launcher.main(Launcher.java:78)
[30Jul2025 16:15:13.213] [main/INFO] [STDERR/]: [optifine.OptiFineTransformer:getOptiFineResourcePatched:414]: 	at MC-BOOTSTRAP/cpw.mods.modlauncher@10.0.9/cpw.mods.modlauncher.BootstrapLaunchConsumer.accept(BootstrapLaunchConsumer.java:26)
[30Jul2025 16:15:13.213] [main/INFO] [STDERR/]: [optifine.OptiFineTransformer:getOptiFineResourcePatched:414]: 	at MC-BOOTSTRAP/cpw.mods.modlauncher@10.0.9/cpw.mods.modlauncher.BootstrapLaunchConsumer.accept(BootstrapLaunchConsumer.java:23)
[30Jul2025 16:15:13.213] [main/INFO] [STDERR/]: [optifine.OptiFineTransformer:getOptiFineResourcePatched:414]: 	at cpw.mods.bootstraplauncher@1.1.2/cpw.mods.bootstraplauncher.BootstrapLauncher.main(BootstrapLauncher.java:141)
[30Jul2025 16:15:13.214] [main/INFO] [STDERR/]: [optifine.OptiFineTransformer:getOptiFineResourcePatched:414]: java.io.IOException: Base resource not found: ha$a$2.class
[30Jul2025 16:15:13.214] [main/INFO] [STDERR/]: [optifine.OptiFineTransformer:getOptiFineResourcePatched:414]: 	at LAYER SERVICE/optifine/optifine.Patcher.applyPatch(Patcher.java:146)
[30Jul2025 16:15:13.214] [main/INFO] [STDERR/]: [optifine.OptiFineTransformer:getOptiFineResourcePatched:414]: 	at LAYER SERVICE/optifine/optifine.OptiFineTransformer.getOptiFineResourcePatched(OptiFineTransformer.java:396)
[30Jul2025 16:15:13.215] [main/INFO] [STDERR/]: [optifine.OptiFineTransformer:getOptiFineResourcePatched:414]: 	at LAYER SERVICE/optifine/optifine.OptiFineTransformer.getOptiFineResourceStreamPatched(OptiFineTransformer.java:368)
[30Jul2025 16:15:13.215] [main/INFO] [STDERR/]: [optifine.OptiFineTransformer:getOptiFineResourcePatched:414]: 	at LAYER SERVICE/optifine/optifine.OptiFineTransformer.getOptiFineResourceStream(OptiFineTransformer.java:291)
[30Jul2025 16:15:13.215] [main/INFO] [STDERR/]: [optifine.OptiFineTransformer:getOptiFineResourcePatched:414]: 	at LAYER SERVICE/optifine/optifine.OptiFineTransformer.getOptiFineResource(OptiFineTransformer.java:260)
[30Jul2025 16:15:13.217] [main/INFO] [STDERR/]: [optifine.OptiFineTransformer:getOptiFineResourcePatched:414]: 	at LAYER SERVICE/optifine/optifine.OptiFineTransformer.transform(OptiFineTransformer.java:171)
[30Jul2025 16:15:13.217] [main/INFO] [STDERR/]: [optifine.OptiFineTransformer:getOptiFineResourcePatched:414]: 	at LAYER SERVICE/optifine/optifine.OptiFineTransformer.transform(OptiFineTransformer.java:1)
[30Jul2025 16:15:13.217] [main/INFO] [STDERR/]: [optifine.OptiFineTransformer:getOptiFineResourcePatched:414]: 	at MC-BOOTSTRAP/cpw.mods.modlauncher@10.0.9/cpw.mods.modlauncher.TransformerHolder.transform(TransformerHolder.java:41)
[30Jul2025 16:15:13.218] [main/INFO] [STDERR/]: [optifine.OptiFineTransformer:getOptiFineResourcePatched:414]: 	at MC-BOOTSTRAP/cpw.mods.modlauncher@10.0.9/cpw.mods.modlauncher.ClassTransformer.performVote(ClassTransformer.java:179)
[30Jul2025 16:15:13.218] [main/INFO] [STDERR/]: [optifine.OptiFineTransformer:getOptiFineResourcePatched:414]: 	at MC-BOOTSTRAP/cpw.mods.modlauncher@10.0.9/cpw.mods.modlauncher.ClassTransformer.transform(ClassTransformer.java:98)
[30Jul2025 16:15:13.218] [main/INFO] [STDERR/]: [optifine.OptiFineTransformer:getOptiFineResourcePatched:414]: 	at MC-BOOTSTRAP/cpw.mods.modlauncher@10.0.9/cpw.mods.modlauncher.TransformingClassLoader.maybeTransformClassBytes(TransformingClassLoader.java:50)
[30Jul2025 16:15:13.218] [main/INFO] [STDERR/]: [optifine.OptiFineTransformer:getOptiFineResourcePatched:414]: 	at cpw.mods.securejarhandler/cpw.mods.cl.ModuleClassLoader.readerToClass(ModuleClassLoader.java:113)
[30Jul2025 16:15:13.219] [main/INFO] [STDERR/]: [optifine.OptiFineTransformer:getOptiFineResourcePatched:414]: 	at cpw.mods.securejarhandler/cpw.mods.cl.ModuleClassLoader.lambda$findClass$15(ModuleClassLoader.java:219)
[30Jul2025 16:15:13.219] [main/INFO] [STDERR/]: [optifine.OptiFineTransformer:getOptiFineResourcePatched:414]: 	at cpw.mods.securejarhandler/cpw.mods.cl.ModuleClassLoader.loadFromModule(ModuleClassLoader.java:229)
[30Jul2025 16:15:13.220] [main/INFO] [STDERR/]: [optifine.OptiFineTransformer:getOptiFineResourcePatched:414]: 	at cpw.mods.securejarhandler/cpw.mods.cl.ModuleClassLoader.findClass(ModuleClassLoader.java:219)
[30Jul2025 16:15:13.221] [main/INFO] [STDERR/]: [optifine.OptiFineTransformer:getOptiFineResourcePatched:414]: 	at cpw.mods.securejarhandler/cpw.mods.cl.ModuleClassLoader.loadClass(ModuleClassLoader.java:135)
[30Jul2025 16:15:13.221] [main/INFO] [STDERR/]: [optifine.OptiFineTransformer:getOptiFineResourcePatched:414]: 	at java.base/java.lang.ClassLoader.loadClass(ClassLoader.java:525)
[30Jul2025 16:15:13.222] [main/INFO] [STDERR/]: [optifine.OptiFineTransformer:getOptiFineResourcePatched:414]: 	at TRANSFORMER/minecraft@1.20.1/net.minecraft.core.Direction.<clinit>(Direction.java:27)
[30Jul2025 16:15:13.222] [main/INFO] [STDERR/]: [optifine.OptiFineTransformer:getOptiFineResourcePatched:414]: 	at TRANSFORMER/minecraft@1.20.1/net.minecraft.world.level.block.state.BlockBehaviour.<clinit>(BlockBehaviour.java:79)
[30Jul2025 16:15:13.222] [main/INFO] [STDERR/]: [optifine.OptiFineTransformer:getOptiFineResourcePatched:414]: 	at TRANSFORMER/minecraft@1.20.1/net.minecraft.server.Bootstrap.m_135870_(Bootstrap.java:46)
[30Jul2025 16:15:13.222] [main/INFO] [STDERR/]: [optifine.OptiFineTransformer:getOptiFineResourcePatched:414]: 	at TRANSFORMER/minecraft@1.20.1/net.minecraft.server.Main.main(Main.java:121)
[30Jul2025 16:15:13.223] [main/INFO] [STDERR/]: [optifine.OptiFineTransformer:getOptiFineResourcePatched:414]: 	at java.base/jdk.internal.reflect.NativeMethodAccessorImpl.invoke0(Native Method)
[30Jul2025 16:15:13.223] [main/INFO] [STDERR/]: [optifine.OptiFineTransformer:getOptiFineResourcePatched:414]: 	at java.base/jdk.internal.reflect.NativeMethodAccessorImpl.invoke(NativeMethodAccessorImpl.java:77)
[30Jul2025 16:15:13.223] [main/INFO] [STDERR/]: [optifine.OptiFineTransformer:getOptiFineResourcePatched:414]: 	at java.base/jdk.internal.reflect.DelegatingMethodAccessorImpl.invoke(DelegatingMethodAccessorImpl.java:43)
[30Jul2025 16:15:13.223] [main/INFO] [STDERR/]: [optifine.OptiFineTransformer:getOptiFineResourcePatched:414]: 	at java.base/java.lang.reflect.Method.invoke(Method.java:569)
[30Jul2025 16:15:13.223] [main/INFO] [STDERR/]: [optifine.OptiFineTransformer:getOptiFineResourcePatched:414]: 	at MC-BOOTSTRAP/fmlloader@1.20.1-47.3.7/net.minecraftforge.fml.loading.targets.CommonLaunchHandler.runTarget(CommonLaunchHandler.java:111)
[30Jul2025 16:15:13.223] [main/INFO] [STDERR/]: [optifine.OptiFineTransformer:getOptiFineResourcePatched:414]: 	at MC-BOOTSTRAP/fmlloader@1.20.1-47.3.7/net.minecraftforge.fml.loading.targets.CommonLaunchHandler.serverService(CommonLaunchHandler.java:103)
[30Jul2025 16:15:13.223] [main/INFO] [STDERR/]: [optifine.OptiFineTransformer:getOptiFineResourcePatched:414]: 	at MC-BOOTSTRAP/fmlloader@1.20.1-47.3.7/net.minecraftforge.fml.loading.targets.CommonServerLaunchHandler.lambda$makeService$0(CommonServerLaunchHandler.java:27)
[30Jul2025 16:15:13.224] [main/INFO] [STDERR/]: [optifine.OptiFineTransformer:getOptiFineResourcePatched:414]: 	at MC-BOOTSTRAP/cpw.mods.modlauncher@10.0.9/cpw.mods.modlauncher.LaunchServiceHandlerDecorator.launch(LaunchServiceHandlerDecorator.java:30)
[30Jul2025 16:15:13.224] [main/INFO] [STDERR/]: [optifine.OptiFineTransformer:getOptiFineResourcePatched:414]: 	at MC-BOOTSTRAP/cpw.mods.modlauncher@10.0.9/cpw.mods.modlauncher.LaunchServiceHandler.launch(LaunchServiceHandler.java:53)
[30Jul2025 16:15:13.224] [main/INFO] [STDERR/]: [optifine.OptiFineTransformer:getOptiFineResourcePatched:414]: 	at MC-BOOTSTRAP/cpw.mods.modlauncher@10.0.9/cpw.mods.modlauncher.LaunchServiceHandler.launch(LaunchServiceHandler.java:71)
[30Jul2025 16:15:13.224] [main/INFO] [STDERR/]: [optifine.OptiFineTransformer:getOptiFineResourcePatched:414]: 	at MC-BOOTSTRAP/cpw.mods.modlauncher@10.0.9/cpw.mods.modlauncher.Launcher.run(Launcher.java:108)
[30Jul2025 16:15:13.224] [main/INFO] [STDERR/]: [optifine.OptiFineTransformer:getOptiFineResourcePatched:414]: 	at MC-BOOTSTRAP/cpw.mods.modlauncher@10.0.9/cpw.mods.modlauncher.Launcher.main(Launcher.java:78)
[30Jul2025 16:15:13.224] [main/INFO] [STDERR/]: [optifine.OptiFineTransformer:getOptiFineResourcePatched:414]: 	at MC-BOOTSTRAP/cpw.mods.modlauncher@10.0.9/cpw.mods.modlauncher.BootstrapLaunchConsumer.accept(BootstrapLaunchConsumer.java:26)
[30Jul2025 16:15:13.224] [main/INFO] [STDERR/]: [optifine.OptiFineTransformer:getOptiFineResourcePatched:414]: 	at MC-BOOTSTRAP/cpw.mods.modlauncher@10.0.9/cpw.mods.modlauncher.BootstrapLaunchConsumer.accept(BootstrapLaunchConsumer.java:23)
[30Jul2025 16:15:13.224] [main/INFO] [STDERR/]: [optifine.OptiFineTransformer:getOptiFineResourcePatched:414]: 	at cpw.mods.bootstraplauncher@1.1.2/cpw.mods.bootstraplauncher.BootstrapLauncher.main(BootstrapLauncher.java:141)
[30Jul2025 16:15:13.226] [main/INFO] [STDERR/]: [optifine.OptiFineTransformer:getOptiFineResourcePatched:414]: java.io.IOException: Base resource not found: ha$a$3.class
[30Jul2025 16:15:13.227] [main/INFO] [STDERR/]: [optifine.OptiFineTransformer:getOptiFineResourcePatched:414]: 	at LAYER SERVICE/optifine/optifine.Patcher.applyPatch(Patcher.java:146)
[30Jul2025 16:15:13.227] [main/INFO] [STDERR/]: [optifine.OptiFineTransformer:getOptiFineResourcePatched:414]: 	at LAYER SERVICE/optifine/optifine.OptiFineTransformer.getOptiFineResourcePatched(OptiFineTransformer.java:396)
[30Jul2025 16:15:13.227] [main/INFO] [STDERR/]: [optifine.OptiFineTransformer:getOptiFineResourcePatched:414]: 	at LAYER SERVICE/optifine/optifine.OptiFineTransformer.getOptiFineResourceStreamPatched(OptiFineTransformer.java:368)
[30Jul2025 16:15:13.227] [main/INFO] [STDERR/]: [optifine.OptiFineTransformer:getOptiFineResourcePatched:414]: 	at LAYER SERVICE/optifine/optifine.OptiFineTransformer.getOptiFineResourceStream(OptiFineTransformer.java:291)
[30Jul2025 16:15:13.228] [main/INFO] [STDERR/]: [optifine.OptiFineTransformer:getOptiFineResourcePatched:414]: 	at LAYER SERVICE/optifine/optifine.OptiFineTransformer.getOptiFineResource(OptiFineTransformer.java:260)
[30Jul2025 16:15:13.228] [main/INFO] [STDERR/]: [optifine.OptiFineTransformer:getOptiFineResourcePatched:414]: 	at LAYER SERVICE/optifine/optifine.OptiFineTransformer.transform(OptiFineTransformer.java:171)
[30Jul2025 16:15:13.228] [main/INFO] [STDERR/]: [optifine.OptiFineTransformer:getOptiFineResourcePatched:414]: 	at LAYER SERVICE/optifine/optifine.OptiFineTransformer.transform(OptiFineTransformer.java:1)
[30Jul2025 16:15:13.228] [main/INFO] [STDERR/]: [optifine.OptiFineTransformer:getOptiFineResourcePatched:414]: 	at MC-BOOTSTRAP/cpw.mods.modlauncher@10.0.9/cpw.mods.modlauncher.TransformerHolder.transform(TransformerHolder.java:41)
[30Jul2025 16:15:13.228] [main/INFO] [STDERR/]: [optifine.OptiFineTransformer:getOptiFineResourcePatched:414]: 	at MC-BOOTSTRAP/cpw.mods.modlauncher@10.0.9/cpw.mods.modlauncher.ClassTransformer.performVote(ClassTransformer.java:179)
[30Jul2025 16:15:13.229] [main/INFO] [STDERR/]: [optifine.OptiFineTransformer:getOptiFineResourcePatched:414]: 	at MC-BOOTSTRAP/cpw.mods.modlauncher@10.0.9/cpw.mods.modlauncher.ClassTransformer.transform(ClassTransformer.java:98)
[30Jul2025 16:15:13.229] [main/INFO] [STDERR/]: [optifine.OptiFineTransformer:getOptiFineResourcePatched:414]: 	at MC-BOOTSTRAP/cpw.mods.modlauncher@10.0.9/cpw.mods.modlauncher.TransformingClassLoader.maybeTransformClassBytes(TransformingClassLoader.java:50)
[30Jul2025 16:15:13.229] [main/INFO] [STDERR/]: [optifine.OptiFineTransformer:getOptiFineResourcePatched:414]: 	at cpw.mods.securejarhandler/cpw.mods.cl.ModuleClassLoader.readerToClass(ModuleClassLoader.java:113)
[30Jul2025 16:15:13.229] [main/INFO] [STDERR/]: [optifine.OptiFineTransformer:getOptiFineResourcePatched:414]: 	at cpw.mods.securejarhandler/cpw.mods.cl.ModuleClassLoader.lambda$findClass$15(ModuleClassLoader.java:219)
[30Jul2025 16:15:13.230] [main/INFO] [STDERR/]: [optifine.OptiFineTransformer:getOptiFineResourcePatched:414]: 	at cpw.mods.securejarhandler/cpw.mods.cl.ModuleClassLoader.loadFromModule(ModuleClassLoader.java:229)
[30Jul2025 16:15:13.230] [main/INFO] [STDERR/]: [optifine.OptiFineTransformer:getOptiFineResourcePatched:414]: 	at cpw.mods.securejarhandler/cpw.mods.cl.ModuleClassLoader.findClass(ModuleClassLoader.java:219)
[30Jul2025 16:15:13.230] [main/INFO] [STDERR/]: [optifine.OptiFineTransformer:getOptiFineResourcePatched:414]: 	at cpw.mods.securejarhandler/cpw.mods.cl.ModuleClassLoader.loadClass(ModuleClassLoader.java:135)
[30Jul2025 16:15:13.230] [main/INFO] [STDERR/]: [optifine.OptiFineTransformer:getOptiFineResourcePatched:414]: 	at java.base/java.lang.ClassLoader.loadClass(ClassLoader.java:525)
[30Jul2025 16:15:13.231] [main/INFO] [STDERR/]: [optifine.OptiFineTransformer:getOptiFineResourcePatched:414]: 	at TRANSFORMER/minecraft@1.20.1/net.minecraft.core.Direction.<clinit>(Direction.java:27)
[30Jul2025 16:15:13.231] [main/INFO] [STDERR/]: [optifine.OptiFineTransformer:getOptiFineResourcePatched:414]: 	at TRANSFORMER/minecraft@1.20.1/net.minecraft.world.level.block.state.BlockBehaviour.<clinit>(BlockBehaviour.java:79)
[30Jul2025 16:15:13.231] [main/INFO] [STDERR/]: [optifine.OptiFineTransformer:getOptiFineResourcePatched:414]: 	at TRANSFORMER/minecraft@1.20.1/net.minecraft.server.Bootstrap.m_135870_(Bootstrap.java:46)
[30Jul2025 16:15:13.232] [main/INFO] [STDERR/]: [optifine.OptiFineTransformer:getOptiFineResourcePatched:414]: 	at TRANSFORMER/minecraft@1.20.1/net.minecraft.server.Main.main(Main.java:121)
[30Jul2025 16:15:13.232] [main/INFO] [STDERR/]: [optifine.OptiFineTransformer:getOptiFineResourcePatched:414]: 	at java.base/jdk.internal.reflect.NativeMethodAccessorImpl.invoke0(Native Method)
[30Jul2025 16:15:13.232] [main/INFO] [STDERR/]: [optifine.OptiFineTransformer:getOptiFineResourcePatched:414]: 	at java.base/jdk.internal.reflect.NativeMethodAccessorImpl.invoke(NativeMethodAccessorImpl.java:77)
[30Jul2025 16:15:13.232] [main/INFO] [STDERR/]: [optifine.OptiFineTransformer:getOptiFineResourcePatched:414]: 	at java.base/jdk.internal.reflect.DelegatingMethodAccessorImpl.invoke(DelegatingMethodAccessorImpl.java:43)
[30Jul2025 16:15:13.233] [main/INFO] [STDERR/]: [optifine.OptiFineTransformer:getOptiFineResourcePatched:414]: 	at java.base/java.lang.reflect.Method.invoke(Method.java:569)
[30Jul2025 16:15:13.233] [main/INFO] [STDERR/]: [optifine.OptiFineTransformer:getOptiFineResourcePatched:414]: 	at MC-BOOTSTRAP/fmlloader@1.20.1-47.3.7/net.minecraftforge.fml.loading.targets.CommonLaunchHandler.runTarget(CommonLaunchHandler.java:111)
[30Jul2025 16:15:13.234] [main/INFO] [STDERR/]: [optifine.OptiFineTransformer:getOptiFineResourcePatched:414]: 	at MC-BOOTSTRAP/fmlloader@1.20.1-47.3.7/net.minecraftforge.fml.loading.targets.CommonLaunchHandler.serverService(CommonLaunchHandler.java:103)
[30Jul2025 16:15:13.235] [main/INFO] [STDERR/]: [optifine.OptiFineTransformer:getOptiFineResourcePatched:414]: 	at MC-BOOTSTRAP/fmlloader@1.20.1-47.3.7/net.minecraftforge.fml.loading.targets.CommonServerLaunchHandler.lambda$makeService$0(CommonServerLaunchHandler.java:27)
[30Jul2025 16:15:13.235] [main/INFO] [STDERR/]: [optifine.OptiFineTransformer:getOptiFineResourcePatched:414]: 	at MC-BOOTSTRAP/cpw.mods.modlauncher@10.0.9/cpw.mods.modlauncher.LaunchServiceHandlerDecorator.launch(LaunchServiceHandlerDecorator.java:30)
[30Jul2025 16:15:13.235] [main/INFO] [STDERR/]: [optifine.OptiFineTransformer:getOptiFineResourcePatched:414]: 	at MC-BOOTSTRAP/cpw.mods.modlauncher@10.0.9/cpw.mods.modlauncher.LaunchServiceHandler.launch(LaunchServiceHandler.java:53)
[30Jul2025 16:15:13.236] [main/INFO] [STDERR/]: [optifine.OptiFineTransformer:getOptiFineResourcePatched:414]: 	at MC-BOOTSTRAP/cpw.mods.modlauncher@10.0.9/cpw.mods.modlauncher.LaunchServiceHandler.launch(LaunchServiceHandler.java:71)
[30Jul2025 16:15:13.236] [main/INFO] [STDERR/]: [optifine.OptiFineTransformer:getOptiFineResourcePatched:414]: 	at MC-BOOTSTRAP/cpw.mods.modlauncher@10.0.9/cpw.mods.modlauncher.Launcher.run(Launcher.java:108)
[30Jul2025 16:15:13.236] [main/INFO] [STDERR/]: [optifine.OptiFineTransformer:getOptiFineResourcePatched:414]: 	at MC-BOOTSTRAP/cpw.mods.modlauncher@10.0.9/cpw.mods.modlauncher.Launcher.main(Launcher.java:78)
[30Jul2025 16:15:13.236] [main/INFO] [STDERR/]: [optifine.OptiFineTransformer:getOptiFineResourcePatched:414]: 	at MC-BOOTSTRAP/cpw.mods.modlauncher@10.0.9/cpw.mods.modlauncher.BootstrapLaunchConsumer.accept(BootstrapLaunchConsumer.java:26)
[30Jul2025 16:15:13.237] [main/INFO] [STDERR/]: [optifine.OptiFineTransformer:getOptiFineResourcePatched:414]: 	at MC-BOOTSTRAP/cpw.mods.modlauncher@10.0.9/cpw.mods.modlauncher.BootstrapLaunchConsumer.accept(BootstrapLaunchConsumer.java:23)
[30Jul2025 16:15:13.237] [main/INFO] [STDERR/]: [optifine.OptiFineTransformer:getOptiFineResourcePatched:414]: 	at cpw.mods.bootstraplauncher@1.1.2/cpw.mods.bootstraplauncher.BootstrapLauncher.main(BootstrapLauncher.java:141)
[30Jul2025 16:15:13.443] [main/INFO] [STDERR/]: [optifine.OptiFineTransformer:getOptiFineResourcePatched:414]: java.io.IOException: Base resource not found: dde$a.class
[30Jul2025 16:15:13.443] [main/INFO] [STDERR/]: [optifine.OptiFineTransformer:getOptiFineResourcePatched:414]: 	at LAYER SERVICE/optifine/optifine.Patcher.applyPatch(Patcher.java:146)
[30Jul2025 16:15:13.443] [main/INFO] [STDERR/]: [optifine.OptiFineTransformer:getOptiFineResourcePatched:414]: 	at LAYER SERVICE/optifine/optifine.OptiFineTransformer.getOptiFineResourcePatched(OptiFineTransformer.java:396)
[30Jul2025 16:15:13.444] [main/INFO] [STDERR/]: [optifine.OptiFineTransformer:getOptiFineResourcePatched:414]: 	at LAYER SERVICE/optifine/optifine.OptiFineTransformer.getOptiFineResourceStreamPatched(OptiFineTransformer.java:368)
[30Jul2025 16:15:13.444] [main/INFO] [STDERR/]: [optifine.OptiFineTransformer:getOptiFineResourcePatched:414]: 	at LAYER SERVICE/optifine/optifine.OptiFineTransformer.getOptiFineResourceStream(OptiFineTransformer.java:291)
[30Jul2025 16:15:13.444] [main/INFO] [STDERR/]: [optifine.OptiFineTransformer:getOptiFineResourcePatched:414]: 	at LAYER SERVICE/optifine/optifine.OptiFineTransformer.getOptiFineResource(OptiFineTransformer.java:260)
[30Jul2025 16:15:13.444] [main/INFO] [STDERR/]: [optifine.OptiFineTransformer:getOptiFineResourcePatched:414]: 	at LAYER SERVICE/optifine/optifine.OptiFineTransformer.transform(OptiFineTransformer.java:171)
[30Jul2025 16:15:13.444] [main/INFO] [STDERR/]: [optifine.OptiFineTransformer:getOptiFineResourcePatched:414]: 	at LAYER SERVICE/optifine/optifine.OptiFineTransformer.transform(OptiFineTransformer.java:1)
[30Jul2025 16:15:13.444] [main/INFO] [STDERR/]: [optifine.OptiFineTransformer:getOptiFineResourcePatched:414]: 	at MC-BOOTSTRAP/cpw.mods.modlauncher@10.0.9/cpw.mods.modlauncher.TransformerHolder.transform(TransformerHolder.java:41)
[30Jul2025 16:15:13.444] [main/INFO] [STDERR/]: [optifine.OptiFineTransformer:getOptiFineResourcePatched:414]: 	at MC-BOOTSTRAP/cpw.mods.modlauncher@10.0.9/cpw.mods.modlauncher.ClassTransformer.performVote(ClassTransformer.java:179)
[30Jul2025 16:15:13.444] [main/INFO] [STDERR/]: [optifine.OptiFineTransformer:getOptiFineResourcePatched:414]: 	at MC-BOOTSTRAP/cpw.mods.modlauncher@10.0.9/cpw.mods.modlauncher.ClassTransformer.transform(ClassTransformer.java:98)
[30Jul2025 16:15:13.444] [main/INFO] [STDERR/]: [optifine.OptiFineTransformer:getOptiFineResourcePatched:414]: 	at MC-BOOTSTRAP/cpw.mods.modlauncher@10.0.9/cpw.mods.modlauncher.TransformingClassLoader.maybeTransformClassBytes(TransformingClassLoader.java:50)
[30Jul2025 16:15:13.445] [main/INFO] [STDERR/]: [optifine.OptiFineTransformer:getOptiFineResourcePatched:414]: 	at cpw.mods.securejarhandler/cpw.mods.cl.ModuleClassLoader.readerToClass(ModuleClassLoader.java:113)
[30Jul2025 16:15:13.445] [main/INFO] [STDERR/]: [optifine.OptiFineTransformer:getOptiFineResourcePatched:414]: 	at cpw.mods.securejarhandler/cpw.mods.cl.ModuleClassLoader.lambda$findClass$15(ModuleClassLoader.java:219)
[30Jul2025 16:15:13.445] [main/INFO] [STDERR/]: [optifine.OptiFineTransformer:getOptiFineResourcePatched:414]: 	at cpw.mods.securejarhandler/cpw.mods.cl.ModuleClassLoader.loadFromModule(ModuleClassLoader.java:229)
[30Jul2025 16:15:13.445] [main/INFO] [STDERR/]: [optifine.OptiFineTransformer:getOptiFineResourcePatched:414]: 	at cpw.mods.securejarhandler/cpw.mods.cl.ModuleClassLoader.findClass(ModuleClassLoader.java:219)
[30Jul2025 16:15:13.445] [main/INFO] [STDERR/]: [optifine.OptiFineTransformer:getOptiFineResourcePatched:414]: 	at cpw.mods.securejarhandler/cpw.mods.cl.ModuleClassLoader.loadClass(ModuleClassLoader.java:135)
[30Jul2025 16:15:13.445] [main/INFO] [STDERR/]: [optifine.OptiFineTransformer:getOptiFineResourcePatched:414]: 	at java.base/java.lang.ClassLoader.loadClass(ClassLoader.java:525)
[30Jul2025 16:15:13.445] [main/INFO] [STDERR/]: [optifine.OptiFineTransformer:getOptiFineResourcePatched:414]: 	at TRANSFORMER/minecraft@1.20.1/net.minecraft.world.level.block.state.properties.Property.<init>(Property.java:24)
[30Jul2025 16:15:13.446] [main/INFO] [STDERR/]: [optifine.OptiFineTransformer:getOptiFineResourcePatched:414]: 	at TRANSFORMER/minecraft@1.20.1/net.minecraft.world.level.block.state.properties.BooleanProperty.<init>(BooleanProperty.java:12)
[30Jul2025 16:15:13.446] [main/INFO] [STDERR/]: [optifine.OptiFineTransformer:getOptiFineResourcePatched:414]: 	at TRANSFORMER/minecraft@1.20.1/net.minecraft.world.level.block.state.properties.BooleanProperty.m_61465_(BooleanProperty.java:22)
[30Jul2025 16:15:13.446] [main/INFO] [STDERR/]: [optifine.OptiFineTransformer:getOptiFineResourcePatched:414]: 	at TRANSFORMER/minecraft@1.20.1/net.minecraft.world.level.block.state.properties.BlockStateProperties.<clinit>(BlockStateProperties.java:14)
[30Jul2025 16:15:13.446] [main/INFO] [STDERR/]: [optifine.OptiFineTransformer:getOptiFineResourcePatched:414]: 	at TRANSFORMER/minecraft@1.20.1/net.minecraft.world.level.block.FireBlock.<clinit>(FireBlock.java:33)
[30Jul2025 16:15:13.446] [main/INFO] [STDERR/]: [optifine.OptiFineTransformer:getOptiFineResourcePatched:414]: 	at TRANSFORMER/minecraft@1.20.1/net.minecraft.server.Bootstrap.m_135870_(Bootstrap.java:46)
[30Jul2025 16:15:13.446] [main/INFO] [STDERR/]: [optifine.OptiFineTransformer:getOptiFineResourcePatched:414]: 	at TRANSFORMER/minecraft@1.20.1/net.minecraft.server.Main.main(Main.java:121)
[30Jul2025 16:15:13.446] [main/INFO] [STDERR/]: [optifine.OptiFineTransformer:getOptiFineResourcePatched:414]: 	at java.base/jdk.internal.reflect.NativeMethodAccessorImpl.invoke0(Native Method)
[30Jul2025 16:15:13.447] [main/INFO] [STDERR/]: [optifine.OptiFineTransformer:getOptiFineResourcePatched:414]: 	at java.base/jdk.internal.reflect.NativeMethodAccessorImpl.invoke(NativeMethodAccessorImpl.java:77)
[30Jul2025 16:15:13.447] [main/INFO] [STDERR/]: [optifine.OptiFineTransformer:getOptiFineResourcePatched:414]: 	at java.base/jdk.internal.reflect.DelegatingMethodAccessorImpl.invoke(DelegatingMethodAccessorImpl.java:43)
[30Jul2025 16:15:13.447] [main/INFO] [STDERR/]: [optifine.OptiFineTransformer:getOptiFineResourcePatched:414]: 	at java.base/java.lang.reflect.Method.invoke(Method.java:569)
[30Jul2025 16:15:13.447] [main/INFO] [STDERR/]: [optifine.OptiFineTransformer:getOptiFineResourcePatched:414]: 	at MC-BOOTSTRAP/fmlloader@1.20.1-47.3.7/net.minecraftforge.fml.loading.targets.CommonLaunchHandler.runTarget(CommonLaunchHandler.java:111)
[30Jul2025 16:15:13.447] [main/INFO] [STDERR/]: [optifine.OptiFineTransformer:getOptiFineResourcePatched:414]: 	at MC-BOOTSTRAP/fmlloader@1.20.1-47.3.7/net.minecraftforge.fml.loading.targets.CommonLaunchHandler.serverService(CommonLaunchHandler.java:103)
[30Jul2025 16:15:13.447] [main/INFO] [STDERR/]: [optifine.OptiFineTransformer:getOptiFineResourcePatched:414]: 	at MC-BOOTSTRAP/fmlloader@1.20.1-47.3.7/net.minecraftforge.fml.loading.targets.CommonServerLaunchHandler.lambda$makeService$0(CommonServerLaunchHandler.java:27)
[30Jul2025 16:15:13.447] [main/INFO] [STDERR/]: [optifine.OptiFineTransformer:getOptiFineResourcePatched:414]: 	at MC-BOOTSTRAP/cpw.mods.modlauncher@10.0.9/cpw.mods.modlauncher.LaunchServiceHandlerDecorator.launch(LaunchServiceHandlerDecorator.java:30)
[30Jul2025 16:15:13.448] [main/INFO] [STDERR/]: [optifine.OptiFineTransformer:getOptiFineResourcePatched:414]: 	at MC-BOOTSTRAP/cpw.mods.modlauncher@10.0.9/cpw.mods.modlauncher.LaunchServiceHandler.launch(LaunchServiceHandler.java:53)
[30Jul2025 16:15:13.448] [main/INFO] [STDERR/]: [optifine.OptiFineTransformer:getOptiFineResourcePatched:414]: 	at MC-BOOTSTRAP/cpw.mods.modlauncher@10.0.9/cpw.mods.modlauncher.LaunchServiceHandler.launch(LaunchServiceHandler.java:71)
[30Jul2025 16:15:13.448] [main/INFO] [STDERR/]: [optifine.OptiFineTransformer:getOptiFineResourcePatched:414]: 	at MC-BOOTSTRAP/cpw.mods.modlauncher@10.0.9/cpw.mods.modlauncher.Launcher.run(Launcher.java:108)
[30Jul2025 16:15:13.448] [main/INFO] [STDERR/]: [optifine.OptiFineTransformer:getOptiFineResourcePatched:414]: 	at MC-BOOTSTRAP/cpw.mods.modlauncher@10.0.9/cpw.mods.modlauncher.Launcher.main(Launcher.java:78)
[30Jul2025 16:15:13.448] [main/INFO] [STDERR/]: [optifine.OptiFineTransformer:getOptiFineResourcePatched:414]: 	at MC-BOOTSTRAP/cpw.mods.modlauncher@10.0.9/cpw.mods.modlauncher.BootstrapLaunchConsumer.accept(BootstrapLaunchConsumer.java:26)
[30Jul2025 16:15:13.448] [main/INFO] [STDERR/]: [optifine.OptiFineTransformer:getOptiFineResourcePatched:414]: 	at MC-BOOTSTRAP/cpw.mods.modlauncher@10.0.9/cpw.mods.modlauncher.BootstrapLaunchConsumer.accept(BootstrapLaunchConsumer.java:23)
[30Jul2025 16:15:13.448] [main/INFO] [STDERR/]: [optifine.OptiFineTransformer:getOptiFineResourcePatched:414]: 	at cpw.mods.bootstraplauncher@1.1.2/cpw.mods.bootstraplauncher.BootstrapLauncher.main(BootstrapLauncher.java:141)
[30Jul2025 16:15:13.454] [main/INFO] [STDERR/]: [optifine.OptiFineTransformer:getOptiFineResourcePatched:414]: java.io.IOException: Base resource not found: ha$c.class
[30Jul2025 16:15:13.454] [main/INFO] [STDERR/]: [optifine.OptiFineTransformer:getOptiFineResourcePatched:414]: 	at LAYER SERVICE/optifine/optifine.Patcher.applyPatch(Patcher.java:146)
[30Jul2025 16:15:13.455] [main/INFO] [STDERR/]: [optifine.OptiFineTransformer:getOptiFineResourcePatched:414]: 	at LAYER SERVICE/optifine/optifine.OptiFineTransformer.getOptiFineResourcePatched(OptiFineTransformer.java:396)
[30Jul2025 16:15:13.455] [main/INFO] [STDERR/]: [optifine.OptiFineTransformer:getOptiFineResourcePatched:414]: 	at LAYER SERVICE/optifine/optifine.OptiFineTransformer.getOptiFineResourceStreamPatched(OptiFineTransformer.java:368)
[30Jul2025 16:15:13.455] [main/INFO] [STDERR/]: [optifine.OptiFineTransformer:getOptiFineResourcePatched:414]: 	at LAYER SERVICE/optifine/optifine.OptiFineTransformer.getOptiFineResourceStream(OptiFineTransformer.java:291)
[30Jul2025 16:15:13.455] [main/INFO] [STDERR/]: [optifine.OptiFineTransformer:getOptiFineResourcePatched:414]: 	at LAYER SERVICE/optifine/optifine.OptiFineTransformer.getOptiFineResource(OptiFineTransformer.java:260)
[30Jul2025 16:15:13.455] [main/INFO] [STDERR/]: [optifine.OptiFineTransformer:getOptiFineResourcePatched:414]: 	at LAYER SERVICE/optifine/optifine.OptiFineTransformer.transform(OptiFineTransformer.java:171)
[30Jul2025 16:15:13.455] [main/INFO] [STDERR/]: [optifine.OptiFineTransformer:getOptiFineResourcePatched:414]: 	at LAYER SERVICE/optifine/optifine.OptiFineTransformer.transform(OptiFineTransformer.java:1)
[30Jul2025 16:15:13.455] [main/INFO] [STDERR/]: [optifine.OptiFineTransformer:getOptiFineResourcePatched:414]: 	at MC-BOOTSTRAP/cpw.mods.modlauncher@10.0.9/cpw.mods.modlauncher.TransformerHolder.transform(TransformerHolder.java:41)
[30Jul2025 16:15:13.456] [main/INFO] [STDERR/]: [optifine.OptiFineTransformer:getOptiFineResourcePatched:414]: 	at MC-BOOTSTRAP/cpw.mods.modlauncher@10.0.9/cpw.mods.modlauncher.ClassTransformer.performVote(ClassTransformer.java:179)
[30Jul2025 16:15:13.456] [main/INFO] [STDERR/]: [optifine.OptiFineTransformer:getOptiFineResourcePatched:414]: 	at MC-BOOTSTRAP/cpw.mods.modlauncher@10.0.9/cpw.mods.modlauncher.ClassTransformer.transform(ClassTransformer.java:98)
[30Jul2025 16:15:13.456] [main/INFO] [STDERR/]: [optifine.OptiFineTransformer:getOptiFineResourcePatched:414]: 	at MC-BOOTSTRAP/cpw.mods.modlauncher@10.0.9/cpw.mods.modlauncher.TransformingClassLoader.maybeTransformClassBytes(TransformingClassLoader.java:50)
[30Jul2025 16:15:13.456] [main/INFO] [STDERR/]: [optifine.OptiFineTransformer:getOptiFineResourcePatched:414]: 	at cpw.mods.securejarhandler/cpw.mods.cl.ModuleClassLoader.readerToClass(ModuleClassLoader.java:113)
[30Jul2025 16:15:13.456] [main/INFO] [STDERR/]: [optifine.OptiFineTransformer:getOptiFineResourcePatched:414]: 	at cpw.mods.securejarhandler/cpw.mods.cl.ModuleClassLoader.lambda$findClass$15(ModuleClassLoader.java:219)
[30Jul2025 16:15:13.456] [main/INFO] [STDERR/]: [optifine.OptiFineTransformer:getOptiFineResourcePatched:414]: 	at cpw.mods.securejarhandler/cpw.mods.cl.ModuleClassLoader.loadFromModule(ModuleClassLoader.java:229)
[30Jul2025 16:15:13.456] [main/INFO] [STDERR/]: [optifine.OptiFineTransformer:getOptiFineResourcePatched:414]: 	at cpw.mods.securejarhandler/cpw.mods.cl.ModuleClassLoader.findClass(ModuleClassLoader.java:219)
[30Jul2025 16:15:13.457] [main/INFO] [STDERR/]: [optifine.OptiFineTransformer:getOptiFineResourcePatched:414]: 	at cpw.mods.securejarhandler/cpw.mods.cl.ModuleClassLoader.loadClass(ModuleClassLoader.java:135)
[30Jul2025 16:15:13.457] [main/INFO] [STDERR/]: [optifine.OptiFineTransformer:getOptiFineResourcePatched:414]: 	at java.base/java.lang.ClassLoader.loadClass(ClassLoader.java:525)
[30Jul2025 16:15:13.457] [main/INFO] [STDERR/]: [optifine.OptiFineTransformer:getOptiFineResourcePatched:414]: 	at java.base/java.lang.Class.getDeclaredMethods0(Native Method)
[30Jul2025 16:15:13.457] [main/INFO] [STDERR/]: [optifine.OptiFineTransformer:getOptiFineResourcePatched:414]: 	at java.base/java.lang.Class.privateGetDeclaredMethods(Class.java:3402)
[30Jul2025 16:15:13.457] [main/INFO] [STDERR/]: [optifine.OptiFineTransformer:getOptiFineResourcePatched:414]: 	at java.base/java.lang.Class.getMethodsRecursive(Class.java:3543)
[30Jul2025 16:15:13.457] [main/INFO] [STDERR/]: [optifine.OptiFineTransformer:getOptiFineResourcePatched:414]: 	at java.base/java.lang.Class.getMethod0(Class.java:3529)
[30Jul2025 16:15:13.458] [main/INFO] [STDERR/]: [optifine.OptiFineTransformer:getOptiFineResourcePatched:414]: 	at java.base/java.lang.Class.getMethod(Class.java:2225)
[30Jul2025 16:15:13.458] [main/INFO] [STDERR/]: [optifine.OptiFineTransformer:getOptiFineResourcePatched:414]: 	at java.base/java.lang.Class.getEnumConstantsShared(Class.java:3829)
[30Jul2025 16:15:13.459] [main/INFO] [STDERR/]: [optifine.OptiFineTransformer:getOptiFineResourcePatched:414]: 	at java.base/java.lang.Class.getEnumConstants(Class.java:3813)
[30Jul2025 16:15:13.459] [main/INFO] [STDERR/]: [optifine.OptiFineTransformer:getOptiFineResourcePatched:414]: 	at TRANSFORMER/minecraft@1.20.1/net.minecraft.world.level.block.state.properties.EnumProperty.m_61594_(EnumProperty.java:74)
[30Jul2025 16:15:13.459] [main/INFO] [STDERR/]: [optifine.OptiFineTransformer:getOptiFineResourcePatched:414]: 	at TRANSFORMER/minecraft@1.20.1/net.minecraft.world.level.block.state.properties.EnumProperty.m_61587_(EnumProperty.java:70)
[30Jul2025 16:15:13.459] [main/INFO] [STDERR/]: [optifine.OptiFineTransformer:getOptiFineResourcePatched:414]: 	at TRANSFORMER/minecraft@1.20.1/net.minecraft.world.level.block.state.properties.BlockStateProperties.<clinit>(BlockStateProperties.java:49)
[30Jul2025 16:15:13.459] [main/INFO] [STDERR/]: [optifine.OptiFineTransformer:getOptiFineResourcePatched:414]: 	at TRANSFORMER/minecraft@1.20.1/net.minecraft.world.level.block.FireBlock.<clinit>(FireBlock.java:33)
[30Jul2025 16:15:13.459] [main/INFO] [STDERR/]: [optifine.OptiFineTransformer:getOptiFineResourcePatched:414]: 	at TRANSFORMER/minecraft@1.20.1/net.minecraft.server.Bootstrap.m_135870_(Bootstrap.java:46)
[30Jul2025 16:15:13.459] [main/INFO] [STDERR/]: [optifine.OptiFineTransformer:getOptiFineResourcePatched:414]: 	at TRANSFORMER/minecraft@1.20.1/net.minecraft.server.Main.main(Main.java:121)
[30Jul2025 16:15:13.460] [main/INFO] [STDERR/]: [optifine.OptiFineTransformer:getOptiFineResourcePatched:414]: 	at java.base/jdk.internal.reflect.NativeMethodAccessorImpl.invoke0(Native Method)
[30Jul2025 16:15:13.460] [main/INFO] [STDERR/]: [optifine.OptiFineTransformer:getOptiFineResourcePatched:414]: 	at java.base/jdk.internal.reflect.NativeMethodAccessorImpl.invoke(NativeMethodAccessorImpl.java:77)
[30Jul2025 16:15:13.460] [main/INFO] [STDERR/]: [optifine.OptiFineTransformer:getOptiFineResourcePatched:414]: 	at java.base/jdk.internal.reflect.DelegatingMethodAccessorImpl.invoke(DelegatingMethodAccessorImpl.java:43)
[30Jul2025 16:15:13.460] [main/INFO] [STDERR/]: [optifine.OptiFineTransformer:getOptiFineResourcePatched:414]: 	at java.base/java.lang.reflect.Method.invoke(Method.java:569)
[30Jul2025 16:15:13.460] [main/INFO] [STDERR/]: [optifine.OptiFineTransformer:getOptiFineResourcePatched:414]: 	at MC-BOOTSTRAP/fmlloader@1.20.1-47.3.7/net.minecraftforge.fml.loading.targets.CommonLaunchHandler.runTarget(CommonLaunchHandler.java:111)
[30Jul2025 16:15:13.460] [main/INFO] [STDERR/]: [optifine.OptiFineTransformer:getOptiFineResourcePatched:414]: 	at MC-BOOTSTRAP/fmlloader@1.20.1-47.3.7/net.minecraftforge.fml.loading.targets.CommonLaunchHandler.serverService(CommonLaunchHandler.java:103)
[30Jul2025 16:15:13.460] [main/INFO] [STDERR/]: [optifine.OptiFineTransformer:getOptiFineResourcePatched:414]: 	at MC-BOOTSTRAP/fmlloader@1.20.1-47.3.7/net.minecraftforge.fml.loading.targets.CommonServerLaunchHandler.lambda$makeService$0(CommonServerLaunchHandler.java:27)
[30Jul2025 16:15:13.460] [main/INFO] [STDERR/]: [optifine.OptiFineTransformer:getOptiFineResourcePatched:414]: 	at MC-BOOTSTRAP/cpw.mods.modlauncher@10.0.9/cpw.mods.modlauncher.LaunchServiceHandlerDecorator.launch(LaunchServiceHandlerDecorator.java:30)
[30Jul2025 16:15:13.461] [main/INFO] [STDERR/]: [optifine.OptiFineTransformer:getOptiFineResourcePatched:414]: 	at MC-BOOTSTRAP/cpw.mods.modlauncher@10.0.9/cpw.mods.modlauncher.LaunchServiceHandler.launch(LaunchServiceHandler.java:53)
[30Jul2025 16:15:13.461] [main/INFO] [STDERR/]: [optifine.OptiFineTransformer:getOptiFineResourcePatched:414]: 	at MC-BOOTSTRAP/cpw.mods.modlauncher@10.0.9/cpw.mods.modlauncher.LaunchServiceHandler.launch(LaunchServiceHandler.java:71)
[30Jul2025 16:15:13.461] [main/INFO] [STDERR/]: [optifine.OptiFineTransformer:getOptiFineResourcePatched:414]: 	at MC-BOOTSTRAP/cpw.mods.modlauncher@10.0.9/cpw.mods.modlauncher.Launcher.run(Launcher.java:108)
[30Jul2025 16:15:13.461] [main/INFO] [STDERR/]: [optifine.OptiFineTransformer:getOptiFineResourcePatched:414]: 	at MC-BOOTSTRAP/cpw.mods.modlauncher@10.0.9/cpw.mods.modlauncher.Launcher.main(Launcher.java:78)
[30Jul2025 16:15:13.461] [main/INFO] [STDERR/]: [optifine.OptiFineTransformer:getOptiFineResourcePatched:414]: 	at MC-BOOTSTRAP/cpw.mods.modlauncher@10.0.9/cpw.mods.modlauncher.BootstrapLaunchConsumer.accept(BootstrapLaunchConsumer.java:26)
[30Jul2025 16:15:13.461] [main/INFO] [STDERR/]: [optifine.OptiFineTransformer:getOptiFineResourcePatched:414]: 	at MC-BOOTSTRAP/cpw.mods.modlauncher@10.0.9/cpw.mods.modlauncher.BootstrapLaunchConsumer.accept(BootstrapLaunchConsumer.java:23)
[30Jul2025 16:15:13.461] [main/INFO] [STDERR/]: [optifine.OptiFineTransformer:getOptiFineResourcePatched:414]: 	at cpw.mods.bootstraplauncher@1.1.2/cpw.mods.bootstraplauncher.BootstrapLauncher.main(BootstrapLauncher.java:141)
[30Jul2025 16:15:13.463] [main/INFO] [STDERR/]: [optifine.OptiFineTransformer:getOptiFineResourcePatched:414]: java.io.IOException: Base resource not found: ha$1.class
[30Jul2025 16:15:13.464] [main/INFO] [STDERR/]: [optifine.OptiFineTransformer:getOptiFineResourcePatched:414]: 	at LAYER SERVICE/optifine/optifine.Patcher.applyPatch(Patcher.java:146)
[30Jul2025 16:15:13.464] [main/INFO] [STDERR/]: [optifine.OptiFineTransformer:getOptiFineResourcePatched:414]: 	at LAYER SERVICE/optifine/optifine.OptiFineTransformer.getOptiFineResourcePatched(OptiFineTransformer.java:396)
[30Jul2025 16:15:13.464] [main/INFO] [STDERR/]: [optifine.OptiFineTransformer:getOptiFineResourcePatched:414]: 	at LAYER SERVICE/optifine/optifine.OptiFineTransformer.getOptiFineResourceStreamPatched(OptiFineTransformer.java:368)
[30Jul2025 16:15:13.464] [main/INFO] [STDERR/]: [optifine.OptiFineTransformer:getOptiFineResourcePatched:414]: 	at LAYER SERVICE/optifine/optifine.OptiFineTransformer.getOptiFineResourceStream(OptiFineTransformer.java:291)
[30Jul2025 16:15:13.464] [main/INFO] [STDERR/]: [optifine.OptiFineTransformer:getOptiFineResourcePatched:414]: 	at LAYER SERVICE/optifine/optifine.OptiFineTransformer.getOptiFineResource(OptiFineTransformer.java:260)
[30Jul2025 16:15:13.464] [main/INFO] [STDERR/]: [optifine.OptiFineTransformer:getOptiFineResourcePatched:414]: 	at LAYER SERVICE/optifine/optifine.OptiFineTransformer.transform(OptiFineTransformer.java:171)
[30Jul2025 16:15:13.464] [main/INFO] [STDERR/]: [optifine.OptiFineTransformer:getOptiFineResourcePatched:414]: 	at LAYER SERVICE/optifine/optifine.OptiFineTransformer.transform(OptiFineTransformer.java:1)
[30Jul2025 16:15:13.464] [main/INFO] [STDERR/]: [optifine.OptiFineTransformer:getOptiFineResourcePatched:414]: 	at MC-BOOTSTRAP/cpw.mods.modlauncher@10.0.9/cpw.mods.modlauncher.TransformerHolder.transform(TransformerHolder.java:41)
[30Jul2025 16:15:13.465] [main/INFO] [STDERR/]: [optifine.OptiFineTransformer:getOptiFineResourcePatched:414]: 	at MC-BOOTSTRAP/cpw.mods.modlauncher@10.0.9/cpw.mods.modlauncher.ClassTransformer.performVote(ClassTransformer.java:179)
[30Jul2025 16:15:13.465] [main/INFO] [STDERR/]: [optifine.OptiFineTransformer:getOptiFineResourcePatched:414]: 	at MC-BOOTSTRAP/cpw.mods.modlauncher@10.0.9/cpw.mods.modlauncher.ClassTransformer.transform(ClassTransformer.java:98)
[30Jul2025 16:15:13.465] [main/INFO] [STDERR/]: [optifine.OptiFineTransformer:getOptiFineResourcePatched:414]: 	at MC-BOOTSTRAP/cpw.mods.modlauncher@10.0.9/cpw.mods.modlauncher.TransformingClassLoader.maybeTransformClassBytes(TransformingClassLoader.java:50)
[30Jul2025 16:15:13.465] [main/INFO] [STDERR/]: [optifine.OptiFineTransformer:getOptiFineResourcePatched:414]: 	at cpw.mods.securejarhandler/cpw.mods.cl.ModuleClassLoader.readerToClass(ModuleClassLoader.java:113)
[30Jul2025 16:15:13.465] [main/INFO] [STDERR/]: [optifine.OptiFineTransformer:getOptiFineResourcePatched:414]: 	at cpw.mods.securejarhandler/cpw.mods.cl.ModuleClassLoader.lambda$findClass$15(ModuleClassLoader.java:219)
[30Jul2025 16:15:13.465] [main/INFO] [STDERR/]: [optifine.OptiFineTransformer:getOptiFineResourcePatched:414]: 	at cpw.mods.securejarhandler/cpw.mods.cl.ModuleClassLoader.loadFromModule(ModuleClassLoader.java:229)
[30Jul2025 16:15:13.465] [main/INFO] [STDERR/]: [optifine.OptiFineTransformer:getOptiFineResourcePatched:414]: 	at cpw.mods.securejarhandler/cpw.mods.cl.ModuleClassLoader.findClass(ModuleClassLoader.java:219)
[30Jul2025 16:15:13.465] [main/INFO] [STDERR/]: [optifine.OptiFineTransformer:getOptiFineResourcePatched:414]: 	at cpw.mods.securejarhandler/cpw.mods.cl.ModuleClassLoader.loadClass(ModuleClassLoader.java:135)
[30Jul2025 16:15:13.466] [main/INFO] [STDERR/]: [optifine.OptiFineTransformer:getOptiFineResourcePatched:414]: 	at java.base/java.lang.ClassLoader.loadClass(ClassLoader.java:525)
[30Jul2025 16:15:13.466] [main/INFO] [STDERR/]: [optifine.OptiFineTransformer:getOptiFineResourcePatched:414]: 	at TRANSFORMER/minecraft@1.20.1/net.minecraft.core.Direction$Axis.m_122480_(Direction.java:437)
[30Jul2025 16:15:13.466] [main/INFO] [STDERR/]: [optifine.OptiFineTransformer:getOptiFineResourcePatched:414]: 	at TRANSFORMER/minecraft@1.20.1/net.minecraft.core.Direction$Plane.test(Direction.java:518)
[30Jul2025 16:15:13.466] [main/INFO] [STDERR/]: [optifine.OptiFineTransformer:getOptiFineResourcePatched:414]: 	at TRANSFORMER/minecraft@1.20.1/net.minecraft.core.Direction$Plane.test(Direction.java:495)
[30Jul2025 16:15:13.466] [main/INFO] [STDERR/]: [optifine.OptiFineTransformer:getOptiFineResourcePatched:414]: 	at java.base/java.util.stream.ReferencePipeline$2$1.accept(ReferencePipeline.java:178)
[30Jul2025 16:15:13.466] [main/INFO] [STDERR/]: [optifine.OptiFineTransformer:getOptiFineResourcePatched:414]: 	at java.base/java.util.Spliterators$ArraySpliterator.forEachRemaining(Spliterators.java:992)
[30Jul2025 16:15:13.466] [main/INFO] [STDERR/]: [optifine.OptiFineTransformer:getOptiFineResourcePatched:414]: 	at java.base/java.util.stream.AbstractPipeline.copyInto(AbstractPipeline.java:509)
[30Jul2025 16:15:13.466] [main/INFO] [STDERR/]: [optifine.OptiFineTransformer:getOptiFineResourcePatched:414]: 	at java.base/java.util.stream.AbstractPipeline.wrapAndCopyInto(AbstractPipeline.java:499)
[30Jul2025 16:15:13.466] [main/INFO] [STDERR/]: [optifine.OptiFineTransformer:getOptiFineResourcePatched:414]: 	at java.base/java.util.stream.ReduceOps$ReduceOp.evaluateSequential(ReduceOps.java:921)
[30Jul2025 16:15:13.467] [main/INFO] [STDERR/]: [optifine.OptiFineTransformer:getOptiFineResourcePatched:414]: 	at java.base/java.util.stream.AbstractPipeline.evaluate(AbstractPipeline.java:234)
[30Jul2025 16:15:13.467] [main/INFO] [STDERR/]: [optifine.OptiFineTransformer:getOptiFineResourcePatched:414]: 	at java.base/java.util.stream.ReferencePipeline.collect(ReferencePipeline.java:682)
[30Jul2025 16:15:13.467] [main/INFO] [STDERR/]: [optifine.OptiFineTransformer:getOptiFineResourcePatched:414]: 	at TRANSFORMER/minecraft@1.20.1/net.minecraft.world.level.block.state.properties.DirectionProperty.m_61546_(DirectionProperty.java:21)
[30Jul2025 16:15:13.467] [main/INFO] [STDERR/]: [optifine.OptiFineTransformer:getOptiFineResourcePatched:414]: 	at TRANSFORMER/minecraft@1.20.1/net.minecraft.world.level.block.state.properties.BlockStateProperties.<clinit>(BlockStateProperties.java:61)
[30Jul2025 16:15:13.468] [main/INFO] [STDERR/]: [optifine.OptiFineTransformer:getOptiFineResourcePatched:414]: 	at TRANSFORMER/minecraft@1.20.1/net.minecraft.world.level.block.FireBlock.<clinit>(FireBlock.java:33)
[30Jul2025 16:15:13.468] [main/INFO] [STDERR/]: [optifine.OptiFineTransformer:getOptiFineResourcePatched:414]: 	at TRANSFORMER/minecraft@1.20.1/net.minecraft.server.Bootstrap.m_135870_(Bootstrap.java:46)
[30Jul2025 16:15:13.468] [main/INFO] [STDERR/]: [optifine.OptiFineTransformer:getOptiFineResourcePatched:414]: 	at TRANSFORMER/minecraft@1.20.1/net.minecraft.server.Main.main(Main.java:121)
[30Jul2025 16:15:13.468] [main/INFO] [STDERR/]: [optifine.OptiFineTransformer:getOptiFineResourcePatched:414]: 	at java.base/jdk.internal.reflect.NativeMethodAccessorImpl.invoke0(Native Method)
[30Jul2025 16:15:13.468] [main/INFO] [STDERR/]: [optifine.OptiFineTransformer:getOptiFineResourcePatched:414]: 	at java.base/jdk.internal.reflect.NativeMethodAccessorImpl.invoke(NativeMethodAccessorImpl.java:77)
[30Jul2025 16:15:13.468] [main/INFO] [STDERR/]: [optifine.OptiFineTransformer:getOptiFineResourcePatched:414]: 	at java.base/jdk.internal.reflect.DelegatingMethodAccessorImpl.invoke(DelegatingMethodAccessorImpl.java:43)
[30Jul2025 16:15:13.468] [main/INFO] [STDERR/]: [optifine.OptiFineTransformer:getOptiFineResourcePatched:414]: 	at java.base/java.lang.reflect.Method.invoke(Method.java:569)
[30Jul2025 16:15:13.469] [main/INFO] [STDERR/]: [optifine.OptiFineTransformer:getOptiFineResourcePatched:414]: 	at MC-BOOTSTRAP/fmlloader@1.20.1-47.3.7/net.minecraftforge.fml.loading.targets.CommonLaunchHandler.runTarget(CommonLaunchHandler.java:111)
[30Jul2025 16:15:13.469] [main/INFO] [STDERR/]: [optifine.OptiFineTransformer:getOptiFineResourcePatched:414]: 	at MC-BOOTSTRAP/fmlloader@1.20.1-47.3.7/net.minecraftforge.fml.loading.targets.CommonLaunchHandler.serverService(CommonLaunchHandler.java:103)
[30Jul2025 16:15:13.469] [main/INFO] [STDERR/]: [optifine.OptiFineTransformer:getOptiFineResourcePatched:414]: 	at MC-BOOTSTRAP/fmlloader@1.20.1-47.3.7/net.minecraftforge.fml.loading.targets.CommonServerLaunchHandler.lambda$makeService$0(CommonServerLaunchHandler.java:27)
[30Jul2025 16:15:13.469] [main/INFO] [STDERR/]: [optifine.OptiFineTransformer:getOptiFineResourcePatched:414]: 	at MC-BOOTSTRAP/cpw.mods.modlauncher@10.0.9/cpw.mods.modlauncher.LaunchServiceHandlerDecorator.launch(LaunchServiceHandlerDecorator.java:30)
[30Jul2025 16:15:13.469] [main/INFO] [STDERR/]: [optifine.OptiFineTransformer:getOptiFineResourcePatched:414]: 	at MC-BOOTSTRAP/cpw.mods.modlauncher@10.0.9/cpw.mods.modlauncher.LaunchServiceHandler.launch(LaunchServiceHandler.java:53)
[30Jul2025 16:15:13.470] [main/INFO] [STDERR/]: [optifine.OptiFineTransformer:getOptiFineResourcePatched:414]: 	at MC-BOOTSTRAP/cpw.mods.modlauncher@10.0.9/cpw.mods.modlauncher.LaunchServiceHandler.launch(LaunchServiceHandler.java:71)
[30Jul2025 16:15:13.470] [main/INFO] [STDERR/]: [optifine.OptiFineTransformer:getOptiFineResourcePatched:414]: 	at MC-BOOTSTRAP/cpw.mods.modlauncher@10.0.9/cpw.mods.modlauncher.Launcher.run(Launcher.java:108)
[30Jul2025 16:15:13.470] [main/INFO] [STDERR/]: [optifine.OptiFineTransformer:getOptiFineResourcePatched:414]: 	at MC-BOOTSTRAP/cpw.mods.modlauncher@10.0.9/cpw.mods.modlauncher.Launcher.main(Launcher.java:78)
[30Jul2025 16:15:13.470] [main/INFO] [STDERR/]: [optifine.OptiFineTransformer:getOptiFineResourcePatched:414]: 	at MC-BOOTSTRAP/cpw.mods.modlauncher@10.0.9/cpw.mods.modlauncher.BootstrapLaunchConsumer.accept(BootstrapLaunchConsumer.java:26)
[30Jul2025 16:15:13.470] [main/INFO] [STDERR/]: [optifine.OptiFineTransformer:getOptiFineResourcePatched:414]: 	at MC-BOOTSTRAP/cpw.mods.modlauncher@10.0.9/cpw.mods.modlauncher.BootstrapLaunchConsumer.accept(BootstrapLaunchConsumer.java:23)
[30Jul2025 16:15:13.470] [main/INFO] [STDERR/]: [optifine.OptiFineTransformer:getOptiFineResourcePatched:414]: 	at cpw.mods.bootstraplauncher@1.1.2/cpw.mods.bootstraplauncher.BootstrapLauncher.main(BootstrapLauncher.java:141)
[30Jul2025 16:15:13.868] [main/INFO] [STDERR/]: [optifine.OptiFineTransformer:getOptiFineResourcePatched:414]: java.io.IOException: Base resource not found: dxi.class
[30Jul2025 16:15:13.869] [main/INFO] [STDERR/]: [optifine.OptiFineTransformer:getOptiFineResourcePatched:414]: 	at LAYER SERVICE/optifine/optifine.Patcher.applyPatch(Patcher.java:146)
[30Jul2025 16:15:13.869] [main/INFO] [STDERR/]: [optifine.OptiFineTransformer:getOptiFineResourcePatched:414]: 	at LAYER SERVICE/optifine/optifine.OptiFineTransformer.getOptiFineResourcePatched(OptiFineTransformer.java:396)
[30Jul2025 16:15:13.869] [main/INFO] [STDERR/]: [optifine.OptiFineTransformer:getOptiFineResourcePatched:414]: 	at LAYER SERVICE/optifine/optifine.OptiFineTransformer.getOptiFineResourceStreamPatched(OptiFineTransformer.java:368)
[30Jul2025 16:15:13.870] [main/INFO] [STDERR/]: [optifine.OptiFineTransformer:getOptiFineResourcePatched:414]: 	at LAYER SERVICE/optifine/optifine.OptiFineTransformer.getOptiFineResourceStream(OptiFineTransformer.java:291)
[30Jul2025 16:15:13.870] [main/INFO] [STDERR/]: [optifine.OptiFineTransformer:getOptiFineResourcePatched:414]: 	at LAYER SERVICE/optifine/optifine.OptiFineTransformer.getOptiFineResource(OptiFineTransformer.java:260)
[30Jul2025 16:15:13.870] [main/INFO] [STDERR/]: [optifine.OptiFineTransformer:getOptiFineResourcePatched:414]: 	at LAYER SERVICE/optifine/optifine.OptiFineTransformer.transform(OptiFineTransformer.java:171)
[30Jul2025 16:15:13.870] [main/INFO] [STDERR/]: [optifine.OptiFineTransformer:getOptiFineResourcePatched:414]: 	at LAYER SERVICE/optifine/optifine.OptiFineTransformer.transform(OptiFineTransformer.java:1)
[30Jul2025 16:15:13.871] [main/INFO] [STDERR/]: [optifine.OptiFineTransformer:getOptiFineResourcePatched:414]: 	at MC-BOOTSTRAP/cpw.mods.modlauncher@10.0.9/cpw.mods.modlauncher.TransformerHolder.transform(TransformerHolder.java:41)
[30Jul2025 16:15:13.871] [main/INFO] [STDERR/]: [optifine.OptiFineTransformer:getOptiFineResourcePatched:414]: 	at MC-BOOTSTRAP/cpw.mods.modlauncher@10.0.9/cpw.mods.modlauncher.ClassTransformer.performVote(ClassTransformer.java:179)
[30Jul2025 16:15:13.871] [main/INFO] [STDERR/]: [optifine.OptiFineTransformer:getOptiFineResourcePatched:414]: 	at MC-BOOTSTRAP/cpw.mods.modlauncher@10.0.9/cpw.mods.modlauncher.ClassTransformer.transform(ClassTransformer.java:98)
[30Jul2025 16:15:13.872] [main/INFO] [STDERR/]: [optifine.OptiFineTransformer:getOptiFineResourcePatched:414]: 	at MC-BOOTSTRAP/cpw.mods.modlauncher@10.0.9/cpw.mods.modlauncher.TransformingClassLoader.maybeTransformClassBytes(TransformingClassLoader.java:50)
[30Jul2025 16:15:13.872] [main/INFO] [STDERR/]: [optifine.OptiFineTransformer:getOptiFineResourcePatched:414]: 	at cpw.mods.securejarhandler/cpw.mods.cl.ModuleClassLoader.readerToClass(ModuleClassLoader.java:113)
[30Jul2025 16:15:13.872] [main/INFO] [STDERR/]: [optifine.OptiFineTransformer:getOptiFineResourcePatched:414]: 	at cpw.mods.securejarhandler/cpw.mods.cl.ModuleClassLoader.lambda$findClass$15(ModuleClassLoader.java:219)
[30Jul2025 16:15:13.873] [main/INFO] [STDERR/]: [optifine.OptiFineTransformer:getOptiFineResourcePatched:414]: 	at cpw.mods.securejarhandler/cpw.mods.cl.ModuleClassLoader.loadFromModule(ModuleClassLoader.java:229)
[30Jul2025 16:15:13.873] [main/INFO] [STDERR/]: [optifine.OptiFineTransformer:getOptiFineResourcePatched:414]: 	at cpw.mods.securejarhandler/cpw.mods.cl.ModuleClassLoader.findClass(ModuleClassLoader.java:219)
[30Jul2025 16:15:13.873] [main/INFO] [STDERR/]: [optifine.OptiFineTransformer:getOptiFineResourcePatched:414]: 	at cpw.mods.securejarhandler/cpw.mods.cl.ModuleClassLoader.loadClass(ModuleClassLoader.java:135)
[30Jul2025 16:15:13.874] [main/INFO] [STDERR/]: [optifine.OptiFineTransformer:getOptiFineResourcePatched:414]: 	at java.base/java.lang.ClassLoader.loadClass(ClassLoader.java:525)
[30Jul2025 16:15:13.874] [main/INFO] [STDERR/]: [optifine.OptiFineTransformer:getOptiFineResourcePatched:414]: 	at TRANSFORMER/minecraft@1.20.1/net.minecraft.world.level.block.state.BlockBehaviour$Properties.<init>(BlockBehaviour.java:970)
[30Jul2025 16:15:13.875] [main/INFO] [STDERR/]: [optifine.OptiFineTransformer:getOptiFineResourcePatched:414]: 	at TRANSFORMER/minecraft@1.20.1/net.minecraft.world.level.block.state.BlockBehaviour$Properties.m_284310_(BlockBehaviour.java:1025)
[30Jul2025 16:15:13.875] [main/INFO] [STDERR/]: [optifine.OptiFineTransformer:getOptiFineResourcePatched:414]: 	at TRANSFORMER/minecraft@1.20.1/net.minecraft.world.level.block.Blocks.<clinit>(Blocks.java:45)
[30Jul2025 16:15:13.875] [main/INFO] [STDERR/]: [optifine.OptiFineTransformer:getOptiFineResourcePatched:414]: 	at TRANSFORMER/minecraft@1.20.1/net.minecraft.world.level.block.FireBlock.m_53484_(FireBlock.java:301)
[30Jul2025 16:15:13.876] [main/INFO] [STDERR/]: [optifine.OptiFineTransformer:getOptiFineResourcePatched:414]: 	at TRANSFORMER/minecraft@1.20.1/net.minecraft.server.Bootstrap.m_135870_(Bootstrap.java:46)
[30Jul2025 16:15:13.876] [main/INFO] [STDERR/]: [optifine.OptiFineTransformer:getOptiFineResourcePatched:414]: 	at TRANSFORMER/minecraft@1.20.1/net.minecraft.server.Main.main(Main.java:121)
[30Jul2025 16:15:13.876] [main/INFO] [STDERR/]: [optifine.OptiFineTransformer:getOptiFineResourcePatched:414]: 	at java.base/jdk.internal.reflect.NativeMethodAccessorImpl.invoke0(Native Method)
[30Jul2025 16:15:13.879] [main/INFO] [STDERR/]: [optifine.OptiFineTransformer:getOptiFineResourcePatched:414]: 	at java.base/jdk.internal.reflect.NativeMethodAccessorImpl.invoke(NativeMethodAccessorImpl.java:77)
[30Jul2025 16:15:13.879] [main/INFO] [STDERR/]: [optifine.OptiFineTransformer:getOptiFineResourcePatched:414]: 	at java.base/jdk.internal.reflect.DelegatingMethodAccessorImpl.invoke(DelegatingMethodAccessorImpl.java:43)
[30Jul2025 16:15:13.879] [main/INFO] [STDERR/]: [optifine.OptiFineTransformer:getOptiFineResourcePatched:414]: 	at java.base/java.lang.reflect.Method.invoke(Method.java:569)
[30Jul2025 16:15:13.879] [main/INFO] [STDERR/]: [optifine.OptiFineTransformer:getOptiFineResourcePatched:414]: 	at MC-BOOTSTRAP/fmlloader@1.20.1-47.3.7/net.minecraftforge.fml.loading.targets.CommonLaunchHandler.runTarget(CommonLaunchHandler.java:111)
[30Jul2025 16:15:13.880] [main/INFO] [STDERR/]: [optifine.OptiFineTransformer:getOptiFineResourcePatched:414]: 	at MC-BOOTSTRAP/fmlloader@1.20.1-47.3.7/net.minecraftforge.fml.loading.targets.CommonLaunchHandler.serverService(CommonLaunchHandler.java:103)
[30Jul2025 16:15:13.880] [main/INFO] [STDERR/]: [optifine.OptiFineTransformer:getOptiFineResourcePatched:414]: 	at MC-BOOTSTRAP/fmlloader@1.20.1-47.3.7/net.minecraftforge.fml.loading.targets.CommonServerLaunchHandler.lambda$makeService$0(CommonServerLaunchHandler.java:27)
[30Jul2025 16:15:13.880] [main/INFO] [STDERR/]: [optifine.OptiFineTransformer:getOptiFineResourcePatched:414]: 	at MC-BOOTSTRAP/cpw.mods.modlauncher@10.0.9/cpw.mods.modlauncher.LaunchServiceHandlerDecorator.launch(LaunchServiceHandlerDecorator.java:30)
[30Jul2025 16:15:13.880] [main/INFO] [STDERR/]: [optifine.OptiFineTransformer:getOptiFineResourcePatched:414]: 	at MC-BOOTSTRAP/cpw.mods.modlauncher@10.0.9/cpw.mods.modlauncher.LaunchServiceHandler.launch(LaunchServiceHandler.java:53)
[30Jul2025 16:15:13.880] [main/INFO] [STDERR/]: [optifine.OptiFineTransformer:getOptiFineResourcePatched:414]: 	at MC-BOOTSTRAP/cpw.mods.modlauncher@10.0.9/cpw.mods.modlauncher.LaunchServiceHandler.launch(LaunchServiceHandler.java:71)
[30Jul2025 16:15:13.880] [main/INFO] [STDERR/]: [optifine.OptiFineTransformer:getOptiFineResourcePatched:414]: 	at MC-BOOTSTRAP/cpw.mods.modlauncher@10.0.9/cpw.mods.modlauncher.Launcher.run(Launcher.java:108)
[30Jul2025 16:15:13.881] [main/INFO] [STDERR/]: [optifine.OptiFineTransformer:getOptiFineResourcePatched:414]: 	at MC-BOOTSTRAP/cpw.mods.modlauncher@10.0.9/cpw.mods.modlauncher.Launcher.main(Launcher.java:78)
[30Jul2025 16:15:13.881] [main/INFO] [STDERR/]: [optifine.OptiFineTransformer:getOptiFineResourcePatched:414]: 	at MC-BOOTSTRAP/cpw.mods.modlauncher@10.0.9/cpw.mods.modlauncher.BootstrapLaunchConsumer.accept(BootstrapLaunchConsumer.java:26)
[30Jul2025 16:15:13.881] [main/INFO] [STDERR/]: [optifine.OptiFineTransformer:getOptiFineResourcePatched:414]: 	at MC-BOOTSTRAP/cpw.mods.modlauncher@10.0.9/cpw.mods.modlauncher.BootstrapLaunchConsumer.accept(BootstrapLaunchConsumer.java:23)
[30Jul2025 16:15:13.881] [main/INFO] [STDERR/]: [optifine.OptiFineTransformer:getOptiFineResourcePatched:414]: 	at cpw.mods.bootstraplauncher@1.1.2/cpw.mods.bootstraplauncher.BootstrapLauncher.main(BootstrapLauncher.java:141)
[30Jul2025 16:15:14.059] [main/INFO] [net.minecraft.server.Bootstrap/]: Vanilla bootstrap took 2258 milliseconds
[30Jul2025 16:15:14.151] [main/INFO] [STDERR/]: [optifine.OptiFineTransformer:getOptiFineResourcePatched:414]: java.io.IOException: Base resource not found: cen.class
[30Jul2025 16:15:14.151] [main/INFO] [STDERR/]: [optifine.OptiFineTransformer:getOptiFineResourcePatched:414]: 	at LAYER SERVICE/optifine/optifine.Patcher.applyPatch(Patcher.java:146)
[30Jul2025 16:15:14.152] [main/INFO] [STDERR/]: [optifine.OptiFineTransformer:getOptiFineResourcePatched:414]: 	at LAYER SERVICE/optifine/optifine.OptiFineTransformer.getOptiFineResourcePatched(OptiFineTransformer.java:396)
[30Jul2025 16:15:14.152] [main/INFO] [STDERR/]: [optifine.OptiFineTransformer:getOptiFineResourcePatched:414]: 	at LAYER SERVICE/optifine/optifine.OptiFineTransformer.getOptiFineResourceStreamPatched(OptiFineTransformer.java:368)
[30Jul2025 16:15:14.153] [main/INFO] [STDERR/]: [optifine.OptiFineTransformer:getOptiFineResourcePatched:414]: 	at LAYER SERVICE/optifine/optifine.OptiFineTransformer.getOptiFineResourceStream(OptiFineTransformer.java:291)
[30Jul2025 16:15:14.153] [main/INFO] [STDERR/]: [optifine.OptiFineTransformer:getOptiFineResourcePatched:414]: 	at LAYER SERVICE/optifine/optifine.OptiFineTransformer.getOptiFineResource(OptiFineTransformer.java:260)
[30Jul2025 16:15:14.153] [main/INFO] [STDERR/]: [optifine.OptiFineTransformer:getOptiFineResourcePatched:414]: 	at LAYER SERVICE/optifine/optifine.OptiFineTransformer.transform(OptiFineTransformer.java:171)
[30Jul2025 16:15:14.153] [main/INFO] [STDERR/]: [optifine.OptiFineTransformer:getOptiFineResourcePatched:414]: 	at LAYER SERVICE/optifine/optifine.OptiFineTransformer.transform(OptiFineTransformer.java:1)
[30Jul2025 16:15:14.153] [main/INFO] [STDERR/]: [optifine.OptiFineTransformer:getOptiFineResourcePatched:414]: 	at MC-BOOTSTRAP/cpw.mods.modlauncher@10.0.9/cpw.mods.modlauncher.TransformerHolder.transform(TransformerHolder.java:41)
[30Jul2025 16:15:14.154] [main/INFO] [STDERR/]: [optifine.OptiFineTransformer:getOptiFineResourcePatched:414]: 	at MC-BOOTSTRAP/cpw.mods.modlauncher@10.0.9/cpw.mods.modlauncher.ClassTransformer.performVote(ClassTransformer.java:179)
[30Jul2025 16:15:14.154] [main/INFO] [STDERR/]: [optifine.OptiFineTransformer:getOptiFineResourcePatched:414]: 	at MC-BOOTSTRAP/cpw.mods.modlauncher@10.0.9/cpw.mods.modlauncher.ClassTransformer.transform(ClassTransformer.java:98)
[30Jul2025 16:15:14.154] [main/INFO] [STDERR/]: [optifine.OptiFineTransformer:getOptiFineResourcePatched:414]: 	at MC-BOOTSTRAP/cpw.mods.modlauncher@10.0.9/cpw.mods.modlauncher.TransformingClassLoader.maybeTransformClassBytes(TransformingClassLoader.java:50)
[30Jul2025 16:15:14.154] [main/INFO] [STDERR/]: [optifine.OptiFineTransformer:getOptiFineResourcePatched:414]: 	at cpw.mods.securejarhandler/cpw.mods.cl.ModuleClassLoader.readerToClass(ModuleClassLoader.java:113)
[30Jul2025 16:15:14.154] [main/INFO] [STDERR/]: [optifine.OptiFineTransformer:getOptiFineResourcePatched:414]: 	at cpw.mods.securejarhandler/cpw.mods.cl.ModuleClassLoader.lambda$findClass$15(ModuleClassLoader.java:219)
[30Jul2025 16:15:14.155] [main/INFO] [STDERR/]: [optifine.OptiFineTransformer:getOptiFineResourcePatched:414]: 	at cpw.mods.securejarhandler/cpw.mods.cl.ModuleClassLoader.loadFromModule(ModuleClassLoader.java:229)
[30Jul2025 16:15:14.155] [main/INFO] [STDERR/]: [optifine.OptiFineTransformer:getOptiFineResourcePatched:414]: 	at cpw.mods.securejarhandler/cpw.mods.cl.ModuleClassLoader.findClass(ModuleClassLoader.java:219)
[30Jul2025 16:15:14.155] [main/INFO] [STDERR/]: [optifine.OptiFineTransformer:getOptiFineResourcePatched:414]: 	at cpw.mods.securejarhandler/cpw.mods.cl.ModuleClassLoader.loadClass(ModuleClassLoader.java:135)
[30Jul2025 16:15:14.156] [main/INFO] [STDERR/]: [optifine.OptiFineTransformer:getOptiFineResourcePatched:414]: 	at java.base/java.lang.ClassLoader.loadClass(ClassLoader.java:525)
[30Jul2025 16:15:14.156] [main/INFO] [STDERR/]: [optifine.OptiFineTransformer:getOptiFineResourcePatched:414]: 	at TRANSFORMER/forge@47.3.7/net.minecraftforge.common.Tags$Items.<clinit>(Tags.java:225)
[30Jul2025 16:15:14.156] [main/INFO] [STDERR/]: [optifine.OptiFineTransformer:getOptiFineResourcePatched:414]: 	at TRANSFORMER/forge@47.3.7/net.minecraftforge.common.Tags.init(Tags.java:27)
[30Jul2025 16:15:14.156] [main/INFO] [STDERR/]: [optifine.OptiFineTransformer:getOptiFineResourcePatched:414]: 	at TRANSFORMER/forge@47.3.7/net.minecraftforge.registries.ForgeRegistries.init(ForgeRegistries.java:213)
[30Jul2025 16:15:14.156] [main/INFO] [STDERR/]: [optifine.OptiFineTransformer:getOptiFineResourcePatched:414]: 	at TRANSFORMER/forge@47.3.7/net.minecraftforge.registries.ForgeRegistries.<clinit>(ForgeRegistries.java:65)
[30Jul2025 16:15:14.157] [main/INFO] [STDERR/]: [optifine.OptiFineTransformer:getOptiFineResourcePatched:414]: 	at TRANSFORMER/minecraft@1.20.1/net.minecraft.world.level.block.LiquidBlock.<init>(LiquidBlock.java:53)
[30Jul2025 16:15:14.157] [main/INFO] [STDERR/]: [optifine.OptiFineTransformer:getOptiFineResourcePatched:414]: 	at TRANSFORMER/minecraft@1.20.1/net.minecraft.world.level.block.Blocks.<clinit>(Blocks.java:77)
[30Jul2025 16:15:14.157] [main/INFO] [STDERR/]: [optifine.OptiFineTransformer:getOptiFineResourcePatched:414]: 	at TRANSFORMER/minecraft@1.20.1/net.minecraft.world.level.block.FireBlock.m_53484_(FireBlock.java:301)
[30Jul2025 16:15:14.157] [main/INFO] [STDERR/]: [optifine.OptiFineTransformer:getOptiFineResourcePatched:414]: 	at TRANSFORMER/minecraft@1.20.1/net.minecraft.server.Bootstrap.m_135870_(Bootstrap.java:46)
[30Jul2025 16:15:14.158] [main/INFO] [STDERR/]: [optifine.OptiFineTransformer:getOptiFineResourcePatched:414]: 	at TRANSFORMER/minecraft@1.20.1/net.minecraft.server.Main.main(Main.java:121)
[30Jul2025 16:15:14.158] [main/INFO] [STDERR/]: [optifine.OptiFineTransformer:getOptiFineResourcePatched:414]: 	at java.base/jdk.internal.reflect.NativeMethodAccessorImpl.invoke0(Native Method)
[30Jul2025 16:15:14.158] [main/INFO] [STDERR/]: [optifine.OptiFineTransformer:getOptiFineResourcePatched:414]: 	at java.base/jdk.internal.reflect.NativeMethodAccessorImpl.invoke(NativeMethodAccessorImpl.java:77)
[30Jul2025 16:15:14.158] [main/INFO] [STDERR/]: [optifine.OptiFineTransformer:getOptiFineResourcePatched:414]: 	at java.base/jdk.internal.reflect.DelegatingMethodAccessorImpl.invoke(DelegatingMethodAccessorImpl.java:43)
[30Jul2025 16:15:14.159] [main/INFO] [STDERR/]: [optifine.OptiFineTransformer:getOptiFineResourcePatched:414]: 	at java.base/java.lang.reflect.Method.invoke(Method.java:569)
[30Jul2025 16:15:14.159] [main/INFO] [STDERR/]: [optifine.OptiFineTransformer:getOptiFineResourcePatched:414]: 	at MC-BOOTSTRAP/fmlloader@1.20.1-47.3.7/net.minecraftforge.fml.loading.targets.CommonLaunchHandler.runTarget(CommonLaunchHandler.java:111)
[30Jul2025 16:15:14.159] [main/INFO] [STDERR/]: [optifine.OptiFineTransformer:getOptiFineResourcePatched:414]: 	at MC-BOOTSTRAP/fmlloader@1.20.1-47.3.7/net.minecraftforge.fml.loading.targets.CommonLaunchHandler.serverService(CommonLaunchHandler.java:103)
[30Jul2025 16:15:14.159] [main/INFO] [STDERR/]: [optifine.OptiFineTransformer:getOptiFineResourcePatched:414]: 	at MC-BOOTSTRAP/fmlloader@1.20.1-47.3.7/net.minecraftforge.fml.loading.targets.CommonServerLaunchHandler.lambda$makeService$0(CommonServerLaunchHandler.java:27)
[30Jul2025 16:15:14.159] [main/INFO] [STDERR/]: [optifine.OptiFineTransformer:getOptiFineResourcePatched:414]: 	at MC-BOOTSTRAP/cpw.mods.modlauncher@10.0.9/cpw.mods.modlauncher.LaunchServiceHandlerDecorator.launch(LaunchServiceHandlerDecorator.java:30)
[30Jul2025 16:15:14.159] [main/INFO] [STDERR/]: [optifine.OptiFineTransformer:getOptiFineResourcePatched:414]: 	at MC-BOOTSTRAP/cpw.mods.modlauncher@10.0.9/cpw.mods.modlauncher.LaunchServiceHandler.launch(LaunchServiceHandler.java:53)
[30Jul2025 16:15:14.160] [main/INFO] [STDERR/]: [optifine.OptiFineTransformer:getOptiFineResourcePatched:414]: 	at MC-BOOTSTRAP/cpw.mods.modlauncher@10.0.9/cpw.mods.modlauncher.LaunchServiceHandler.launch(LaunchServiceHandler.java:71)
[30Jul2025 16:15:14.160] [main/INFO] [STDERR/]: [optifine.OptiFineTransformer:getOptiFineResourcePatched:414]: 	at MC-BOOTSTRAP/cpw.mods.modlauncher@10.0.9/cpw.mods.modlauncher.Launcher.run(Launcher.java:108)
[30Jul2025 16:15:14.160] [main/INFO] [STDERR/]: [optifine.OptiFineTransformer:getOptiFineResourcePatched:414]: 	at MC-BOOTSTRAP/cpw.mods.modlauncher@10.0.9/cpw.mods.modlauncher.Launcher.main(Launcher.java:78)
[30Jul2025 16:15:14.160] [main/INFO] [STDERR/]: [optifine.OptiFineTransformer:getOptiFineResourcePatched:414]: 	at MC-BOOTSTRAP/cpw.mods.modlauncher@10.0.9/cpw.mods.modlauncher.BootstrapLaunchConsumer.accept(BootstrapLaunchConsumer.java:26)
[30Jul2025 16:15:14.160] [main/INFO] [STDERR/]: [optifine.OptiFineTransformer:getOptiFineResourcePatched:414]: 	at MC-BOOTSTRAP/cpw.mods.modlauncher@10.0.9/cpw.mods.modlauncher.BootstrapLaunchConsumer.accept(BootstrapLaunchConsumer.java:23)
[30Jul2025 16:15:14.160] [main/INFO] [STDERR/]: [optifine.OptiFineTransformer:getOptiFineResourcePatched:414]: 	at cpw.mods.bootstraplauncher@1.1.2/cpw.mods.bootstraplauncher.BootstrapLauncher.main(BootstrapLauncher.java:141)
[30Jul2025 16:15:14.173] [main/INFO] [STDERR/]: [optifine.OptiFineTransformer:getOptiFineResourcePatched:414]: java.io.IOException: Base resource not found: czn.class
[30Jul2025 16:15:14.173] [main/INFO] [STDERR/]: [optifine.OptiFineTransformer:getOptiFineResourcePatched:414]: 	at LAYER SERVICE/optifine/optifine.Patcher.applyPatch(Patcher.java:146)
[30Jul2025 16:15:14.173] [main/INFO] [STDERR/]: [optifine.OptiFineTransformer:getOptiFineResourcePatched:414]: 	at LAYER SERVICE/optifine/optifine.OptiFineTransformer.getOptiFineResourcePatched(OptiFineTransformer.java:396)
[30Jul2025 16:15:14.173] [main/INFO] [STDERR/]: [optifine.OptiFineTransformer:getOptiFineResourcePatched:414]: 	at LAYER SERVICE/optifine/optifine.OptiFineTransformer.getOptiFineResourceStreamPatched(OptiFineTransformer.java:368)
[30Jul2025 16:15:14.173] [main/INFO] [STDERR/]: [optifine.OptiFineTransformer:getOptiFineResourcePatched:414]: 	at LAYER SERVICE/optifine/optifine.OptiFineTransformer.getOptiFineResourceStream(OptiFineTransformer.java:291)
[30Jul2025 16:15:14.174] [main/INFO] [STDERR/]: [optifine.OptiFineTransformer:getOptiFineResourcePatched:414]: 	at LAYER SERVICE/optifine/optifine.OptiFineTransformer.getOptiFineResource(OptiFineTransformer.java:260)
[30Jul2025 16:15:14.174] [main/INFO] [STDERR/]: [optifine.OptiFineTransformer:getOptiFineResourcePatched:414]: 	at LAYER SERVICE/optifine/optifine.OptiFineTransformer.transform(OptiFineTransformer.java:171)
[30Jul2025 16:15:14.174] [main/INFO] [STDERR/]: [optifine.OptiFineTransformer:getOptiFineResourcePatched:414]: 	at LAYER SERVICE/optifine/optifine.OptiFineTransformer.transform(OptiFineTransformer.java:1)
[30Jul2025 16:15:14.174] [main/INFO] [STDERR/]: [optifine.OptiFineTransformer:getOptiFineResourcePatched:414]: 	at MC-BOOTSTRAP/cpw.mods.modlauncher@10.0.9/cpw.mods.modlauncher.TransformerHolder.transform(TransformerHolder.java:41)
[30Jul2025 16:15:14.174] [main/INFO] [STDERR/]: [optifine.OptiFineTransformer:getOptiFineResourcePatched:414]: 	at MC-BOOTSTRAP/cpw.mods.modlauncher@10.0.9/cpw.mods.modlauncher.ClassTransformer.performVote(ClassTransformer.java:179)
[30Jul2025 16:15:14.174] [main/INFO] [STDERR/]: [optifine.OptiFineTransformer:getOptiFineResourcePatched:414]: 	at MC-BOOTSTRAP/cpw.mods.modlauncher@10.0.9/cpw.mods.modlauncher.ClassTransformer.transform(ClassTransformer.java:98)
[30Jul2025 16:15:14.174] [main/INFO] [STDERR/]: [optifine.OptiFineTransformer:getOptiFineResourcePatched:414]: 	at MC-BOOTSTRAP/cpw.mods.modlauncher@10.0.9/cpw.mods.modlauncher.TransformingClassLoader.maybeTransformClassBytes(TransformingClassLoader.java:50)
[30Jul2025 16:15:14.175] [main/INFO] [STDERR/]: [optifine.OptiFineTransformer:getOptiFineResourcePatched:414]: 	at cpw.mods.securejarhandler/cpw.mods.cl.ModuleClassLoader.readerToClass(ModuleClassLoader.java:113)
[30Jul2025 16:15:14.175] [main/INFO] [STDERR/]: [optifine.OptiFineTransformer:getOptiFineResourcePatched:414]: 	at cpw.mods.securejarhandler/cpw.mods.cl.ModuleClassLoader.lambda$findClass$15(ModuleClassLoader.java:219)
[30Jul2025 16:15:14.175] [main/INFO] [STDERR/]: [optifine.OptiFineTransformer:getOptiFineResourcePatched:414]: 	at cpw.mods.securejarhandler/cpw.mods.cl.ModuleClassLoader.loadFromModule(ModuleClassLoader.java:229)
[30Jul2025 16:15:14.175] [main/INFO] [STDERR/]: [optifine.OptiFineTransformer:getOptiFineResourcePatched:414]: 	at cpw.mods.securejarhandler/cpw.mods.cl.ModuleClassLoader.findClass(ModuleClassLoader.java:219)
[30Jul2025 16:15:14.175] [main/INFO] [STDERR/]: [optifine.OptiFineTransformer:getOptiFineResourcePatched:414]: 	at cpw.mods.securejarhandler/cpw.mods.cl.ModuleClassLoader.loadClass(ModuleClassLoader.java:135)
[30Jul2025 16:15:14.175] [main/INFO] [STDERR/]: [optifine.OptiFineTransformer:getOptiFineResourcePatched:414]: 	at java.base/java.lang.ClassLoader.loadClass(ClassLoader.java:525)
[30Jul2025 16:15:14.175] [main/INFO] [STDERR/]: [optifine.OptiFineTransformer:getOptiFineResourcePatched:414]: 	at TRANSFORMER/minecraft@1.20.1/net.minecraft.world.level.block.Blocks.<clinit>(Blocks.java:82)
[30Jul2025 16:15:14.176] [main/INFO] [STDERR/]: [optifine.OptiFineTransformer:getOptiFineResourcePatched:414]: 	at TRANSFORMER/minecraft@1.20.1/net.minecraft.world.level.block.FireBlock.m_53484_(FireBlock.java:301)
[30Jul2025 16:15:14.176] [main/INFO] [STDERR/]: [optifine.OptiFineTransformer:getOptiFineResourcePatched:414]: 	at TRANSFORMER/minecraft@1.20.1/net.minecraft.server.Bootstrap.m_135870_(Bootstrap.java:46)
[30Jul2025 16:15:14.176] [main/INFO] [STDERR/]: [optifine.OptiFineTransformer:getOptiFineResourcePatched:414]: 	at TRANSFORMER/minecraft@1.20.1/net.minecraft.server.Main.main(Main.java:121)
[30Jul2025 16:15:14.176] [main/INFO] [STDERR/]: [optifine.OptiFineTransformer:getOptiFineResourcePatched:414]: 	at java.base/jdk.internal.reflect.NativeMethodAccessorImpl.invoke0(Native Method)
[30Jul2025 16:15:14.176] [main/INFO] [STDERR/]: [optifine.OptiFineTransformer:getOptiFineResourcePatched:414]: 	at java.base/jdk.internal.reflect.NativeMethodAccessorImpl.invoke(NativeMethodAccessorImpl.java:77)
[30Jul2025 16:15:14.177] [main/INFO] [STDERR/]: [optifine.OptiFineTransformer:getOptiFineResourcePatched:414]: 	at java.base/jdk.internal.reflect.DelegatingMethodAccessorImpl.invoke(DelegatingMethodAccessorImpl.java:43)
[30Jul2025 16:15:14.177] [main/INFO] [STDERR/]: [optifine.OptiFineTransformer:getOptiFineResourcePatched:414]: 	at java.base/java.lang.reflect.Method.invoke(Method.java:569)
[30Jul2025 16:15:14.177] [main/INFO] [STDERR/]: [optifine.OptiFineTransformer:getOptiFineResourcePatched:414]: 	at MC-BOOTSTRAP/fmlloader@1.20.1-47.3.7/net.minecraftforge.fml.loading.targets.CommonLaunchHandler.runTarget(CommonLaunchHandler.java:111)
[30Jul2025 16:15:14.177] [main/INFO] [STDERR/]: [optifine.OptiFineTransformer:getOptiFineResourcePatched:414]: 	at MC-BOOTSTRAP/fmlloader@1.20.1-47.3.7/net.minecraftforge.fml.loading.targets.CommonLaunchHandler.serverService(CommonLaunchHandler.java:103)
[30Jul2025 16:15:14.177] [main/INFO] [STDERR/]: [optifine.OptiFineTransformer:getOptiFineResourcePatched:414]: 	at MC-BOOTSTRAP/fmlloader@1.20.1-47.3.7/net.minecraftforge.fml.loading.targets.CommonServerLaunchHandler.lambda$makeService$0(CommonServerLaunchHandler.java:27)
[30Jul2025 16:15:14.177] [main/INFO] [STDERR/]: [optifine.OptiFineTransformer:getOptiFineResourcePatched:414]: 	at MC-BOOTSTRAP/cpw.mods.modlauncher@10.0.9/cpw.mods.modlauncher.LaunchServiceHandlerDecorator.launch(LaunchServiceHandlerDecorator.java:30)
[30Jul2025 16:15:14.177] [main/INFO] [STDERR/]: [optifine.OptiFineTransformer:getOptiFineResourcePatched:414]: 	at MC-BOOTSTRAP/cpw.mods.modlauncher@10.0.9/cpw.mods.modlauncher.LaunchServiceHandler.launch(LaunchServiceHandler.java:53)
[30Jul2025 16:15:14.178] [main/INFO] [STDERR/]: [optifine.OptiFineTransformer:getOptiFineResourcePatched:414]: 	at MC-BOOTSTRAP/cpw.mods.modlauncher@10.0.9/cpw.mods.modlauncher.LaunchServiceHandler.launch(LaunchServiceHandler.java:71)
[30Jul2025 16:15:14.178] [main/INFO] [STDERR/]: [optifine.OptiFineTransformer:getOptiFineResourcePatched:414]: 	at MC-BOOTSTRAP/cpw.mods.modlauncher@10.0.9/cpw.mods.modlauncher.Launcher.run(Launcher.java:108)
[30Jul2025 16:15:14.178] [main/INFO] [STDERR/]: [optifine.OptiFineTransformer:getOptiFineResourcePatched:414]: 	at MC-BOOTSTRAP/cpw.mods.modlauncher@10.0.9/cpw.mods.modlauncher.Launcher.main(Launcher.java:78)
[30Jul2025 16:15:14.178] [main/INFO] [STDERR/]: [optifine.OptiFineTransformer:getOptiFineResourcePatched:414]: 	at MC-BOOTSTRAP/cpw.mods.modlauncher@10.0.9/cpw.mods.modlauncher.BootstrapLaunchConsumer.accept(BootstrapLaunchConsumer.java:26)
[30Jul2025 16:15:14.178] [main/INFO] [STDERR/]: [optifine.OptiFineTransformer:getOptiFineResourcePatched:414]: 	at MC-BOOTSTRAP/cpw.mods.modlauncher@10.0.9/cpw.mods.modlauncher.BootstrapLaunchConsumer.accept(BootstrapLaunchConsumer.java:23)
[30Jul2025 16:15:14.178] [main/INFO] [STDERR/]: [optifine.OptiFineTransformer:getOptiFineResourcePatched:414]: 	at cpw.mods.bootstraplauncher@1.1.2/cpw.mods.bootstraplauncher.BootstrapLauncher.main(BootstrapLauncher.java:141)
[30Jul2025 16:15:14.399] [main/INFO] [STDERR/]: [optifine.OptiFineTransformer:getOptiFineResourcePatched:414]: java.io.IOException: Base resource not found: bgb.class
[30Jul2025 16:15:14.399] [main/INFO] [STDERR/]: [optifine.OptiFineTransformer:getOptiFineResourcePatched:414]: 	at LAYER SERVICE/optifine/optifine.Patcher.applyPatch(Patcher.java:146)
[30Jul2025 16:15:14.400] [main/INFO] [STDERR/]: [optifine.OptiFineTransformer:getOptiFineResourcePatched:414]: 	at LAYER SERVICE/optifine/optifine.OptiFineTransformer.getOptiFineResourcePatched(OptiFineTransformer.java:396)
[30Jul2025 16:15:14.400] [main/INFO] [STDERR/]: [optifine.OptiFineTransformer:getOptiFineResourcePatched:414]: 	at LAYER SERVICE/optifine/optifine.OptiFineTransformer.getOptiFineResourceStreamPatched(OptiFineTransformer.java:368)
[30Jul2025 16:15:14.400] [main/INFO] [STDERR/]: [optifine.OptiFineTransformer:getOptiFineResourcePatched:414]: 	at LAYER SERVICE/optifine/optifine.OptiFineTransformer.getOptiFineResourceStream(OptiFineTransformer.java:291)
[30Jul2025 16:15:14.401] [main/INFO] [STDERR/]: [optifine.OptiFineTransformer:getOptiFineResourcePatched:414]: 	at LAYER SERVICE/optifine/optifine.OptiFineTransformer.getOptiFineResource(OptiFineTransformer.java:260)
[30Jul2025 16:15:14.401] [main/INFO] [STDERR/]: [optifine.OptiFineTransformer:getOptiFineResourcePatched:414]: 	at LAYER SERVICE/optifine/optifine.OptiFineTransformer.transform(OptiFineTransformer.java:171)
[30Jul2025 16:15:14.402] [main/INFO] [STDERR/]: [optifine.OptiFineTransformer:getOptiFineResourcePatched:414]: 	at LAYER SERVICE/optifine/optifine.OptiFineTransformer.transform(OptiFineTransformer.java:1)
[30Jul2025 16:15:14.402] [main/INFO] [STDERR/]: [optifine.OptiFineTransformer:getOptiFineResourcePatched:414]: 	at MC-BOOTSTRAP/cpw.mods.modlauncher@10.0.9/cpw.mods.modlauncher.TransformerHolder.transform(TransformerHolder.java:41)
[30Jul2025 16:15:14.402] [main/INFO] [STDERR/]: [optifine.OptiFineTransformer:getOptiFineResourcePatched:414]: 	at MC-BOOTSTRAP/cpw.mods.modlauncher@10.0.9/cpw.mods.modlauncher.ClassTransformer.performVote(ClassTransformer.java:179)
[30Jul2025 16:15:14.402] [main/INFO] [STDERR/]: [optifine.OptiFineTransformer:getOptiFineResourcePatched:414]: 	at MC-BOOTSTRAP/cpw.mods.modlauncher@10.0.9/cpw.mods.modlauncher.ClassTransformer.transform(ClassTransformer.java:98)
[30Jul2025 16:15:14.403] [main/INFO] [STDERR/]: [optifine.OptiFineTransformer:getOptiFineResourcePatched:414]: 	at MC-BOOTSTRAP/cpw.mods.modlauncher@10.0.9/cpw.mods.modlauncher.TransformingClassLoader.maybeTransformClassBytes(TransformingClassLoader.java:50)
[30Jul2025 16:15:14.403] [main/INFO] [STDERR/]: [optifine.OptiFineTransformer:getOptiFineResourcePatched:414]: 	at cpw.mods.securejarhandler/cpw.mods.cl.ModuleClassLoader.readerToClass(ModuleClassLoader.java:113)
[30Jul2025 16:15:14.403] [main/INFO] [STDERR/]: [optifine.OptiFineTransformer:getOptiFineResourcePatched:414]: 	at cpw.mods.securejarhandler/cpw.mods.cl.ModuleClassLoader.lambda$findClass$15(ModuleClassLoader.java:219)
[30Jul2025 16:15:14.404] [main/INFO] [STDERR/]: [optifine.OptiFineTransformer:getOptiFineResourcePatched:414]: 	at cpw.mods.securejarhandler/cpw.mods.cl.ModuleClassLoader.loadFromModule(ModuleClassLoader.java:229)
[30Jul2025 16:15:14.404] [main/INFO] [STDERR/]: [optifine.OptiFineTransformer:getOptiFineResourcePatched:414]: 	at cpw.mods.securejarhandler/cpw.mods.cl.ModuleClassLoader.findClass(ModuleClassLoader.java:219)
[30Jul2025 16:15:14.404] [main/INFO] [STDERR/]: [optifine.OptiFineTransformer:getOptiFineResourcePatched:414]: 	at cpw.mods.securejarhandler/cpw.mods.cl.ModuleClassLoader.loadClass(ModuleClassLoader.java:135)
[30Jul2025 16:15:14.405] [main/INFO] [STDERR/]: [optifine.OptiFineTransformer:getOptiFineResourcePatched:414]: 	at java.base/java.lang.ClassLoader.loadClass(ClassLoader.java:525)
[30Jul2025 16:15:14.405] [main/INFO] [STDERR/]: [optifine.OptiFineTransformer:getOptiFineResourcePatched:414]: 	at java.base/java.lang.ClassLoader.defineClass1(Native Method)
[30Jul2025 16:15:14.405] [main/INFO] [STDERR/]: [optifine.OptiFineTransformer:getOptiFineResourcePatched:414]: 	at java.base/java.lang.ClassLoader.defineClass(ClassLoader.java:1017)
[30Jul2025 16:15:14.405] [main/INFO] [STDERR/]: [optifine.OptiFineTransformer:getOptiFineResourcePatched:414]: 	at cpw.mods.securejarhandler/cpw.mods.cl.ModuleClassLoader.readerToClass(ModuleClassLoader.java:119)
[30Jul2025 16:15:14.405] [main/INFO] [STDERR/]: [optifine.OptiFineTransformer:getOptiFineResourcePatched:414]: 	at cpw.mods.securejarhandler/cpw.mods.cl.ModuleClassLoader.lambda$findClass$15(ModuleClassLoader.java:219)
[30Jul2025 16:15:14.406] [main/INFO] [STDERR/]: [optifine.OptiFineTransformer:getOptiFineResourcePatched:414]: 	at cpw.mods.securejarhandler/cpw.mods.cl.ModuleClassLoader.loadFromModule(ModuleClassLoader.java:229)
[30Jul2025 16:15:14.406] [main/INFO] [STDERR/]: [optifine.OptiFineTransformer:getOptiFineResourcePatched:414]: 	at cpw.mods.securejarhandler/cpw.mods.cl.ModuleClassLoader.findClass(ModuleClassLoader.java:219)
[30Jul2025 16:15:14.406] [main/INFO] [STDERR/]: [optifine.OptiFineTransformer:getOptiFineResourcePatched:414]: 	at cpw.mods.securejarhandler/cpw.mods.cl.ModuleClassLoader.loadClass(ModuleClassLoader.java:135)
[30Jul2025 16:15:14.406] [main/INFO] [STDERR/]: [optifine.OptiFineTransformer:getOptiFineResourcePatched:414]: 	at java.base/java.lang.ClassLoader.loadClass(ClassLoader.java:525)
[30Jul2025 16:15:14.406] [main/INFO] [STDERR/]: [optifine.OptiFineTransformer:getOptiFineResourcePatched:414]: 	at java.base/java.lang.ClassLoader.defineClass1(Native Method)
[30Jul2025 16:15:14.407] [main/INFO] [STDERR/]: [optifine.OptiFineTransformer:getOptiFineResourcePatched:414]: 	at java.base/java.lang.ClassLoader.defineClass(ClassLoader.java:1017)
[30Jul2025 16:15:14.407] [main/INFO] [STDERR/]: [optifine.OptiFineTransformer:getOptiFineResourcePatched:414]: 	at cpw.mods.securejarhandler/cpw.mods.cl.ModuleClassLoader.readerToClass(ModuleClassLoader.java:119)
[30Jul2025 16:15:14.407] [main/INFO] [STDERR/]: [optifine.OptiFineTransformer:getOptiFineResourcePatched:414]: 	at cpw.mods.securejarhandler/cpw.mods.cl.ModuleClassLoader.lambda$findClass$15(ModuleClassLoader.java:219)
[30Jul2025 16:15:14.407] [main/INFO] [STDERR/]: [optifine.OptiFineTransformer:getOptiFineResourcePatched:414]: 	at cpw.mods.securejarhandler/cpw.mods.cl.ModuleClassLoader.loadFromModule(ModuleClassLoader.java:229)
[30Jul2025 16:15:14.407] [main/INFO] [STDERR/]: [optifine.OptiFineTransformer:getOptiFineResourcePatched:414]: 	at cpw.mods.securejarhandler/cpw.mods.cl.ModuleClassLoader.findClass(ModuleClassLoader.java:219)
[30Jul2025 16:15:14.407] [main/INFO] [STDERR/]: [optifine.OptiFineTransformer:getOptiFineResourcePatched:414]: 	at cpw.mods.securejarhandler/cpw.mods.cl.ModuleClassLoader.loadClass(ModuleClassLoader.java:135)
[30Jul2025 16:15:14.407] [main/INFO] [STDERR/]: [optifine.OptiFineTransformer:getOptiFineResourcePatched:414]: 	at java.base/java.lang.ClassLoader.loadClass(ClassLoader.java:525)
[30Jul2025 16:15:14.408] [main/INFO] [STDERR/]: [optifine.OptiFineTransformer:getOptiFineResourcePatched:414]: 	at java.base/java.lang.ClassLoader.defineClass1(Native Method)
[30Jul2025 16:15:14.408] [main/INFO] [STDERR/]: [optifine.OptiFineTransformer:getOptiFineResourcePatched:414]: 	at java.base/java.lang.ClassLoader.defineClass(ClassLoader.java:1017)
[30Jul2025 16:15:14.408] [main/INFO] [STDERR/]: [optifine.OptiFineTransformer:getOptiFineResourcePatched:414]: 	at cpw.mods.securejarhandler/cpw.mods.cl.ModuleClassLoader.readerToClass(ModuleClassLoader.java:119)
[30Jul2025 16:15:14.408] [main/INFO] [STDERR/]: [optifine.OptiFineTransformer:getOptiFineResourcePatched:414]: 	at cpw.mods.securejarhandler/cpw.mods.cl.ModuleClassLoader.lambda$findClass$15(ModuleClassLoader.java:219)
[30Jul2025 16:15:14.408] [main/INFO] [STDERR/]: [optifine.OptiFineTransformer:getOptiFineResourcePatched:414]: 	at cpw.mods.securejarhandler/cpw.mods.cl.ModuleClassLoader.loadFromModule(ModuleClassLoader.java:229)
[30Jul2025 16:15:14.408] [main/INFO] [STDERR/]: [optifine.OptiFineTransformer:getOptiFineResourcePatched:414]: 	at cpw.mods.securejarhandler/cpw.mods.cl.ModuleClassLoader.findClass(ModuleClassLoader.java:219)
[30Jul2025 16:15:14.409] [main/INFO] [STDERR/]: [optifine.OptiFineTransformer:getOptiFineResourcePatched:414]: 	at cpw.mods.securejarhandler/cpw.mods.cl.ModuleClassLoader.loadClass(ModuleClassLoader.java:135)
[30Jul2025 16:15:14.409] [main/INFO] [STDERR/]: [optifine.OptiFineTransformer:getOptiFineResourcePatched:414]: 	at java.base/java.lang.ClassLoader.loadClass(ClassLoader.java:525)
[30Jul2025 16:15:14.409] [main/INFO] [STDERR/]: [optifine.OptiFineTransformer:getOptiFineResourcePatched:414]: 	at TRANSFORMER/minecraft@1.20.1/net.minecraft.world.level.block.Blocks.<clinit>(Blocks.java:336)
[30Jul2025 16:15:14.409] [main/INFO] [STDERR/]: [optifine.OptiFineTransformer:getOptiFineResourcePatched:414]: 	at TRANSFORMER/minecraft@1.20.1/net.minecraft.world.level.block.FireBlock.m_53484_(FireBlock.java:301)
[30Jul2025 16:15:14.409] [main/INFO] [STDERR/]: [optifine.OptiFineTransformer:getOptiFineResourcePatched:414]: 	at TRANSFORMER/minecraft@1.20.1/net.minecraft.server.Bootstrap.m_135870_(Bootstrap.java:46)
[30Jul2025 16:15:14.410] [main/INFO] [STDERR/]: [optifine.OptiFineTransformer:getOptiFineResourcePatched:414]: 	at TRANSFORMER/minecraft@1.20.1/net.minecraft.server.Main.main(Main.java:121)
[30Jul2025 16:15:14.410] [main/INFO] [STDERR/]: [optifine.OptiFineTransformer:getOptiFineResourcePatched:414]: 	at java.base/jdk.internal.reflect.NativeMethodAccessorImpl.invoke0(Native Method)
[30Jul2025 16:15:14.410] [main/INFO] [STDERR/]: [optifine.OptiFineTransformer:getOptiFineResourcePatched:414]: 	at java.base/jdk.internal.reflect.NativeMethodAccessorImpl.invoke(NativeMethodAccessorImpl.java:77)
[30Jul2025 16:15:14.410] [main/INFO] [STDERR/]: [optifine.OptiFineTransformer:getOptiFineResourcePatched:414]: 	at java.base/jdk.internal.reflect.DelegatingMethodAccessorImpl.invoke(DelegatingMethodAccessorImpl.java:43)
[30Jul2025 16:15:14.410] [main/INFO] [STDERR/]: [optifine.OptiFineTransformer:getOptiFineResourcePatched:414]: 	at java.base/java.lang.reflect.Method.invoke(Method.java:569)
[30Jul2025 16:15:14.411] [main/INFO] [STDERR/]: [optifine.OptiFineTransformer:getOptiFineResourcePatched:414]: 	at MC-BOOTSTRAP/fmlloader@1.20.1-47.3.7/net.minecraftforge.fml.loading.targets.CommonLaunchHandler.runTarget(CommonLaunchHandler.java:111)
[30Jul2025 16:15:14.411] [main/INFO] [STDERR/]: [optifine.OptiFineTransformer:getOptiFineResourcePatched:414]: 	at MC-BOOTSTRAP/fmlloader@1.20.1-47.3.7/net.minecraftforge.fml.loading.targets.CommonLaunchHandler.serverService(CommonLaunchHandler.java:103)
[30Jul2025 16:15:14.411] [main/INFO] [STDERR/]: [optifine.OptiFineTransformer:getOptiFineResourcePatched:414]: 	at MC-BOOTSTRAP/fmlloader@1.20.1-47.3.7/net.minecraftforge.fml.loading.targets.CommonServerLaunchHandler.lambda$makeService$0(CommonServerLaunchHandler.java:27)
[30Jul2025 16:15:14.411] [main/INFO] [STDERR/]: [optifine.OptiFineTransformer:getOptiFineResourcePatched:414]: 	at MC-BOOTSTRAP/cpw.mods.modlauncher@10.0.9/cpw.mods.modlauncher.LaunchServiceHandlerDecorator.launch(LaunchServiceHandlerDecorator.java:30)
[30Jul2025 16:15:14.411] [main/INFO] [STDERR/]: [optifine.OptiFineTransformer:getOptiFineResourcePatched:414]: 	at MC-BOOTSTRAP/cpw.mods.modlauncher@10.0.9/cpw.mods.modlauncher.LaunchServiceHandler.launch(LaunchServiceHandler.java:53)
[30Jul2025 16:15:14.412] [main/INFO] [STDERR/]: [optifine.OptiFineTransformer:getOptiFineResourcePatched:414]: 	at MC-BOOTSTRAP/cpw.mods.modlauncher@10.0.9/cpw.mods.modlauncher.LaunchServiceHandler.launch(LaunchServiceHandler.java:71)
[30Jul2025 16:15:14.412] [main/INFO] [STDERR/]: [optifine.OptiFineTransformer:getOptiFineResourcePatched:414]: 	at MC-BOOTSTRAP/cpw.mods.modlauncher@10.0.9/cpw.mods.modlauncher.Launcher.run(Launcher.java:108)
[30Jul2025 16:15:14.412] [main/INFO] [STDERR/]: [optifine.OptiFineTransformer:getOptiFineResourcePatched:414]: 	at MC-BOOTSTRAP/cpw.mods.modlauncher@10.0.9/cpw.mods.modlauncher.Launcher.main(Launcher.java:78)
[30Jul2025 16:15:14.412] [main/INFO] [STDERR/]: [optifine.OptiFineTransformer:getOptiFineResourcePatched:414]: 	at MC-BOOTSTRAP/cpw.mods.modlauncher@10.0.9/cpw.mods.modlauncher.BootstrapLaunchConsumer.accept(BootstrapLaunchConsumer.java:26)
[30Jul2025 16:15:14.413] [main/INFO] [STDERR/]: [optifine.OptiFineTransformer:getOptiFineResourcePatched:414]: 	at MC-BOOTSTRAP/cpw.mods.modlauncher@10.0.9/cpw.mods.modlauncher.BootstrapLaunchConsumer.accept(BootstrapLaunchConsumer.java:23)
[30Jul2025 16:15:14.413] [main/INFO] [STDERR/]: [optifine.OptiFineTransformer:getOptiFineResourcePatched:414]: 	at cpw.mods.bootstraplauncher@1.1.2/cpw.mods.bootstraplauncher.BootstrapLauncher.main(BootstrapLauncher.java:141)
[30Jul2025 16:15:14.962] [main/INFO] [STDERR/]: [optifine.OptiFineTransformer:getOptiFineResourcePatched:414]: java.io.IOException: Base resource not found: bgb.class
[30Jul2025 16:15:14.962] [main/INFO] [STDERR/]: [optifine.OptiFineTransformer:getOptiFineResourcePatched:414]: 	at LAYER SERVICE/optifine/optifine.Patcher.applyPatch(Patcher.java:146)
[30Jul2025 16:15:14.962] [main/INFO] [STDERR/]: [optifine.OptiFineTransformer:getOptiFineResourcePatched:414]: 	at LAYER SERVICE/optifine/optifine.OptiFineTransformer.getOptiFineResourcePatched(OptiFineTransformer.java:396)
[30Jul2025 16:15:14.962] [main/INFO] [STDERR/]: [optifine.OptiFineTransformer:getOptiFineResourcePatched:414]: 	at LAYER SERVICE/optifine/optifine.OptiFineTransformer.getOptiFineResourceStreamPatched(OptiFineTransformer.java:368)
[30Jul2025 16:15:14.963] [main/INFO] [STDERR/]: [optifine.OptiFineTransformer:getOptiFineResourcePatched:414]: 	at LAYER SERVICE/optifine/optifine.OptiFineTransformer.getOptiFineResourceStream(OptiFineTransformer.java:291)
[30Jul2025 16:15:14.963] [main/INFO] [STDERR/]: [optifine.OptiFineTransformer:getOptiFineResourcePatched:414]: 	at LAYER SERVICE/optifine/optifine.OptiFineTransformer.getOptiFineResource(OptiFineTransformer.java:260)
[30Jul2025 16:15:14.963] [main/INFO] [STDERR/]: [optifine.OptiFineTransformer:getOptiFineResourcePatched:414]: 	at LAYER SERVICE/optifine/optifine.OptiFineTransformer.transform(OptiFineTransformer.java:171)
[30Jul2025 16:15:14.963] [main/INFO] [STDERR/]: [optifine.OptiFineTransformer:getOptiFineResourcePatched:414]: 	at LAYER SERVICE/optifine/optifine.OptiFineTransformer.transform(OptiFineTransformer.java:1)
[30Jul2025 16:15:14.963] [main/INFO] [STDERR/]: [optifine.OptiFineTransformer:getOptiFineResourcePatched:414]: 	at MC-BOOTSTRAP/cpw.mods.modlauncher@10.0.9/cpw.mods.modlauncher.TransformerHolder.transform(TransformerHolder.java:41)
[30Jul2025 16:15:14.963] [main/INFO] [STDERR/]: [optifine.OptiFineTransformer:getOptiFineResourcePatched:414]: 	at MC-BOOTSTRAP/cpw.mods.modlauncher@10.0.9/cpw.mods.modlauncher.ClassTransformer.performVote(ClassTransformer.java:179)
[30Jul2025 16:15:14.964] [main/INFO] [STDERR/]: [optifine.OptiFineTransformer:getOptiFineResourcePatched:414]: 	at MC-BOOTSTRAP/cpw.mods.modlauncher@10.0.9/cpw.mods.modlauncher.ClassTransformer.transform(ClassTransformer.java:98)
[30Jul2025 16:15:14.964] [main/INFO] [STDERR/]: [optifine.OptiFineTransformer:getOptiFineResourcePatched:414]: 	at MC-BOOTSTRAP/cpw.mods.modlauncher@10.0.9/cpw.mods.modlauncher.TransformingClassLoader.maybeTransformClassBytes(TransformingClassLoader.java:50)
[30Jul2025 16:15:14.964] [main/INFO] [STDERR/]: [optifine.OptiFineTransformer:getOptiFineResourcePatched:414]: 	at cpw.mods.securejarhandler/cpw.mods.cl.ModuleClassLoader.getMaybeTransformedClassBytes(ModuleClassLoader.java:250)
[30Jul2025 16:15:14.964] [main/INFO] [STDERR/]: [optifine.OptiFineTransformer:getOptiFineResourcePatched:414]: 	at MC-BOOTSTRAP/cpw.mods.modlauncher@10.0.9/cpw.mods.modlauncher.TransformingClassLoader.buildTransformedClassNodeFor(TransformingClassLoader.java:58)
[30Jul2025 16:15:14.964] [main/INFO] [STDERR/]: [optifine.OptiFineTransformer:getOptiFineResourcePatched:414]: 	at MC-BOOTSTRAP/cpw.mods.modlauncher@10.0.9/cpw.mods.modlauncher.LaunchPluginHandler.lambda$announceLaunch$10(LaunchPluginHandler.java:100)
[30Jul2025 16:15:14.964] [main/INFO] [STDERR/]: [optifine.OptiFineTransformer:getOptiFineResourcePatched:414]: 	at MC-BOOTSTRAP/org.spongepowered.mixin/org.spongepowered.asm.launch.MixinLaunchPluginLegacy.getClassNode(MixinLaunchPluginLegacy.java:222)
[30Jul2025 16:15:14.965] [main/INFO] [STDERR/]: [optifine.OptiFineTransformer:getOptiFineResourcePatched:414]: 	at MC-BOOTSTRAP/org.spongepowered.mixin/org.spongepowered.asm.launch.MixinLaunchPluginLegacy.getClassNode(MixinLaunchPluginLegacy.java:207)
[30Jul2025 16:15:14.965] [main/INFO] [STDERR/]: [optifine.OptiFineTransformer:getOptiFineResourcePatched:414]: 	at MC-BOOTSTRAP/org.spongepowered.mixin/org.spongepowered.asm.mixin.transformer.ClassInfo.forName(ClassInfo.java:2005)
[30Jul2025 16:15:14.965] [main/INFO] [STDERR/]: [optifine.OptiFineTransformer:getOptiFineResourcePatched:414]: 	at MC-BOOTSTRAP/org.spongepowered.mixin/org.spongepowered.asm.mixin.transformer.ClassInfo.getSuperClass(ClassInfo.java:1106)
[30Jul2025 16:15:14.965] [main/INFO] [STDERR/]: [optifine.OptiFineTransformer:getOptiFineResourcePatched:414]: 	at MC-BOOTSTRAP/org.spongepowered.mixin/org.spongepowered.asm.mixin.transformer.ClassInfo.hasMixinTargetInHierarchy(ClassInfo.java:1558)
[30Jul2025 16:15:14.965] [main/INFO] [STDERR/]: [optifine.OptiFineTransformer:getOptiFineResourcePatched:414]: 	at MC-BOOTSTRAP/org.spongepowered.mixin/org.spongepowered.asm.mixin.transformer.MixinTargetContext.<init>(MixinTargetContext.java:200)
[30Jul2025 16:15:14.965] [main/INFO] [STDERR/]: [optifine.OptiFineTransformer:getOptiFineResourcePatched:414]: 	at MC-BOOTSTRAP/org.spongepowered.mixin/org.spongepowered.asm.mixin.transformer.MixinPreProcessorStandard.createContextFor(MixinPreProcessorStandard.java:278)
[30Jul2025 16:15:14.966] [main/INFO] [STDERR/]: [optifine.OptiFineTransformer:getOptiFineResourcePatched:414]: 	at MC-BOOTSTRAP/org.spongepowered.mixin/org.spongepowered.asm.mixin.transformer.MixinInfo.createContextFor(MixinInfo.java:1288)
[30Jul2025 16:15:14.966] [main/INFO] [STDERR/]: [optifine.OptiFineTransformer:getOptiFineResourcePatched:414]: 	at MC-BOOTSTRAP/org.spongepowered.mixin/org.spongepowered.asm.mixin.transformer.MixinApplicatorStandard.apply(MixinApplicatorStandard.java:292)
[30Jul2025 16:15:14.966] [main/INFO] [STDERR/]: [optifine.OptiFineTransformer:getOptiFineResourcePatched:414]: 	at MC-BOOTSTRAP/org.spongepowered.mixin/org.spongepowered.asm.mixin.transformer.TargetClassContext.apply(TargetClassContext.java:383)
[30Jul2025 16:15:14.966] [main/INFO] [STDERR/]: [optifine.OptiFineTransformer:getOptiFineResourcePatched:414]: 	at MC-BOOTSTRAP/org.spongepowered.mixin/org.spongepowered.asm.mixin.transformer.TargetClassContext.applyMixins(TargetClassContext.java:365)
[30Jul2025 16:15:14.966] [main/INFO] [STDERR/]: [optifine.OptiFineTransformer:getOptiFineResourcePatched:414]: 	at MC-BOOTSTRAP/org.spongepowered.mixin/org.spongepowered.asm.mixin.transformer.MixinProcessor.applyMixins(MixinProcessor.java:363)
[30Jul2025 16:15:14.966] [main/INFO] [STDERR/]: [optifine.OptiFineTransformer:getOptiFineResourcePatched:414]: 	at MC-BOOTSTRAP/org.spongepowered.mixin/org.spongepowered.asm.mixin.transformer.MixinTransformer.transformClass(MixinTransformer.java:250)
[30Jul2025 16:15:14.967] [main/INFO] [STDERR/]: [optifine.OptiFineTransformer:getOptiFineResourcePatched:414]: 	at MC-BOOTSTRAP/org.spongepowered.mixin/org.spongepowered.asm.service.modlauncher.MixinTransformationHandler.processClass(MixinTransformationHandler.java:131)
[30Jul2025 16:15:14.967] [main/INFO] [STDERR/]: [optifine.OptiFineTransformer:getOptiFineResourcePatched:414]: 	at MC-BOOTSTRAP/org.spongepowered.mixin/org.spongepowered.asm.launch.MixinLaunchPluginLegacy.processClass(MixinLaunchPluginLegacy.java:131)
[30Jul2025 16:15:14.967] [main/INFO] [STDERR/]: [optifine.OptiFineTransformer:getOptiFineResourcePatched:414]: 	at MC-BOOTSTRAP/cpw.mods.modlauncher@10.0.9/cpw.mods.modlauncher.serviceapi.ILaunchPluginService.processClassWithFlags(ILaunchPluginService.java:156)
[30Jul2025 16:15:14.967] [main/INFO] [STDERR/]: [optifine.OptiFineTransformer:getOptiFineResourcePatched:414]: 	at MC-BOOTSTRAP/cpw.mods.modlauncher@10.0.9/cpw.mods.modlauncher.LaunchPluginHandler.offerClassNodeToPlugins(LaunchPluginHandler.java:88)
[30Jul2025 16:15:14.967] [main/INFO] [STDERR/]: [optifine.OptiFineTransformer:getOptiFineResourcePatched:414]: 	at MC-BOOTSTRAP/cpw.mods.modlauncher@10.0.9/cpw.mods.modlauncher.ClassTransformer.transform(ClassTransformer.java:120)
[30Jul2025 16:15:14.968] [main/INFO] [STDERR/]: [optifine.OptiFineTransformer:getOptiFineResourcePatched:414]: 	at MC-BOOTSTRAP/cpw.mods.modlauncher@10.0.9/cpw.mods.modlauncher.TransformingClassLoader.maybeTransformClassBytes(TransformingClassLoader.java:50)
[30Jul2025 16:15:14.968] [main/INFO] [STDERR/]: [optifine.OptiFineTransformer:getOptiFineResourcePatched:414]: 	at cpw.mods.securejarhandler/cpw.mods.cl.ModuleClassLoader.readerToClass(ModuleClassLoader.java:113)
[30Jul2025 16:15:14.968] [main/INFO] [STDERR/]: [optifine.OptiFineTransformer:getOptiFineResourcePatched:414]: 	at cpw.mods.securejarhandler/cpw.mods.cl.ModuleClassLoader.lambda$findClass$15(ModuleClassLoader.java:219)
[30Jul2025 16:15:14.968] [main/INFO] [STDERR/]: [optifine.OptiFineTransformer:getOptiFineResourcePatched:414]: 	at cpw.mods.securejarhandler/cpw.mods.cl.ModuleClassLoader.loadFromModule(ModuleClassLoader.java:229)
[30Jul2025 16:15:14.968] [main/INFO] [STDERR/]: [optifine.OptiFineTransformer:getOptiFineResourcePatched:414]: 	at cpw.mods.securejarhandler/cpw.mods.cl.ModuleClassLoader.findClass(ModuleClassLoader.java:219)
[30Jul2025 16:15:14.968] [main/INFO] [STDERR/]: [optifine.OptiFineTransformer:getOptiFineResourcePatched:414]: 	at cpw.mods.securejarhandler/cpw.mods.cl.ModuleClassLoader.loadClass(ModuleClassLoader.java:135)
[30Jul2025 16:15:14.969] [main/INFO] [STDERR/]: [optifine.OptiFineTransformer:getOptiFineResourcePatched:414]: 	at java.base/java.lang.ClassLoader.loadClass(ClassLoader.java:525)
[30Jul2025 16:15:14.969] [main/INFO] [STDERR/]: [optifine.OptiFineTransformer:getOptiFineResourcePatched:414]: 	at TRANSFORMER/minecraft@1.20.1/net.minecraft.world.entity.EntityType.<clinit>(EntityType.java:173)
[30Jul2025 16:15:14.969] [main/INFO] [STDERR/]: [optifine.OptiFineTransformer:getOptiFineResourcePatched:414]: 	at TRANSFORMER/minecraft@1.20.1/net.minecraft.world.item.Items.<clinit>(Items.java:754)
[30Jul2025 16:15:14.969] [main/INFO] [STDERR/]: [optifine.OptiFineTransformer:getOptiFineResourcePatched:414]: 	at TRANSFORMER/minecraft@1.20.1/net.minecraft.world.level.block.ComposterBlock.m_51988_(ComposterBlock.java:60)
[30Jul2025 16:15:14.969] [main/INFO] [STDERR/]: [optifine.OptiFineTransformer:getOptiFineResourcePatched:414]: 	at TRANSFORMER/minecraft@1.20.1/net.minecraft.server.Bootstrap.m_135870_(Bootstrap.java:47)
[30Jul2025 16:15:14.969] [main/INFO] [STDERR/]: [optifine.OptiFineTransformer:getOptiFineResourcePatched:414]: 	at TRANSFORMER/minecraft@1.20.1/net.minecraft.server.Main.main(Main.java:121)
[30Jul2025 16:15:14.969] [main/INFO] [STDERR/]: [optifine.OptiFineTransformer:getOptiFineResourcePatched:414]: 	at java.base/jdk.internal.reflect.NativeMethodAccessorImpl.invoke0(Native Method)
[30Jul2025 16:15:14.970] [main/INFO] [STDERR/]: [optifine.OptiFineTransformer:getOptiFineResourcePatched:414]: 	at java.base/jdk.internal.reflect.NativeMethodAccessorImpl.invoke(NativeMethodAccessorImpl.java:77)
[30Jul2025 16:15:14.970] [main/INFO] [STDERR/]: [optifine.OptiFineTransformer:getOptiFineResourcePatched:414]: 	at java.base/jdk.internal.reflect.DelegatingMethodAccessorImpl.invoke(DelegatingMethodAccessorImpl.java:43)
[30Jul2025 16:15:14.970] [main/INFO] [STDERR/]: [optifine.OptiFineTransformer:getOptiFineResourcePatched:414]: 	at java.base/java.lang.reflect.Method.invoke(Method.java:569)
[30Jul2025 16:15:14.970] [main/INFO] [STDERR/]: [optifine.OptiFineTransformer:getOptiFineResourcePatched:414]: 	at MC-BOOTSTRAP/fmlloader@1.20.1-47.3.7/net.minecraftforge.fml.loading.targets.CommonLaunchHandler.runTarget(CommonLaunchHandler.java:111)
[30Jul2025 16:15:14.970] [main/INFO] [STDERR/]: [optifine.OptiFineTransformer:getOptiFineResourcePatched:414]: 	at MC-BOOTSTRAP/fmlloader@1.20.1-47.3.7/net.minecraftforge.fml.loading.targets.CommonLaunchHandler.serverService(CommonLaunchHandler.java:103)
[30Jul2025 16:15:14.971] [main/INFO] [STDERR/]: [optifine.OptiFineTransformer:getOptiFineResourcePatched:414]: 	at MC-BOOTSTRAP/fmlloader@1.20.1-47.3.7/net.minecraftforge.fml.loading.targets.CommonServerLaunchHandler.lambda$makeService$0(CommonServerLaunchHandler.java:27)
[30Jul2025 16:15:14.971] [main/INFO] [STDERR/]: [optifine.OptiFineTransformer:getOptiFineResourcePatched:414]: 	at MC-BOOTSTRAP/cpw.mods.modlauncher@10.0.9/cpw.mods.modlauncher.LaunchServiceHandlerDecorator.launch(LaunchServiceHandlerDecorator.java:30)
[30Jul2025 16:15:14.971] [main/INFO] [STDERR/]: [optifine.OptiFineTransformer:getOptiFineResourcePatched:414]: 	at MC-BOOTSTRAP/cpw.mods.modlauncher@10.0.9/cpw.mods.modlauncher.LaunchServiceHandler.launch(LaunchServiceHandler.java:53)
[30Jul2025 16:15:14.971] [main/INFO] [STDERR/]: [optifine.OptiFineTransformer:getOptiFineResourcePatched:414]: 	at MC-BOOTSTRAP/cpw.mods.modlauncher@10.0.9/cpw.mods.modlauncher.LaunchServiceHandler.launch(LaunchServiceHandler.java:71)
[30Jul2025 16:15:14.971] [main/INFO] [STDERR/]: [optifine.OptiFineTransformer:getOptiFineResourcePatched:414]: 	at MC-BOOTSTRAP/cpw.mods.modlauncher@10.0.9/cpw.mods.modlauncher.Launcher.run(Launcher.java:108)
[30Jul2025 16:15:14.972] [main/INFO] [STDERR/]: [optifine.OptiFineTransformer:getOptiFineResourcePatched:414]: 	at MC-BOOTSTRAP/cpw.mods.modlauncher@10.0.9/cpw.mods.modlauncher.Launcher.main(Launcher.java:78)
[30Jul2025 16:15:14.972] [main/INFO] [STDERR/]: [optifine.OptiFineTransformer:getOptiFineResourcePatched:414]: 	at MC-BOOTSTRAP/cpw.mods.modlauncher@10.0.9/cpw.mods.modlauncher.BootstrapLaunchConsumer.accept(BootstrapLaunchConsumer.java:26)
[30Jul2025 16:15:14.972] [main/INFO] [STDERR/]: [optifine.OptiFineTransformer:getOptiFineResourcePatched:414]: 	at MC-BOOTSTRAP/cpw.mods.modlauncher@10.0.9/cpw.mods.modlauncher.BootstrapLaunchConsumer.accept(BootstrapLaunchConsumer.java:23)
[30Jul2025 16:15:14.972] [main/INFO] [STDERR/]: [optifine.OptiFineTransformer:getOptiFineResourcePatched:414]: 	at cpw.mods.bootstraplauncher@1.1.2/cpw.mods.bootstraplauncher.BootstrapLauncher.main(BootstrapLauncher.java:141)
[30Jul2025 16:15:15.397] [main/INFO] [STDERR/]: [optifine.OptiFineTransformer:getOptiFineResourcePatched:414]: java.io.IOException: Base resource not found: acb.class
[30Jul2025 16:15:15.397] [main/INFO] [STDERR/]: [optifine.OptiFineTransformer:getOptiFineResourcePatched:414]: 	at LAYER SERVICE/optifine/optifine.Patcher.applyPatch(Patcher.java:146)
[30Jul2025 16:15:15.397] [main/INFO] [STDERR/]: [optifine.OptiFineTransformer:getOptiFineResourcePatched:414]: 	at LAYER SERVICE/optifine/optifine.OptiFineTransformer.getOptiFineResourcePatched(OptiFineTransformer.java:396)
[30Jul2025 16:15:15.398] [main/INFO] [STDERR/]: [optifine.OptiFineTransformer:getOptiFineResourcePatched:414]: 	at LAYER SERVICE/optifine/optifine.OptiFineTransformer.getOptiFineResourceStreamPatched(OptiFineTransformer.java:368)
[30Jul2025 16:15:15.398] [main/INFO] [STDERR/]: [optifine.OptiFineTransformer:getOptiFineResourcePatched:414]: 	at LAYER SERVICE/optifine/optifine.OptiFineTransformer.getOptiFineResourceStream(OptiFineTransformer.java:291)
[30Jul2025 16:15:15.398] [main/INFO] [STDERR/]: [optifine.OptiFineTransformer:getOptiFineResourcePatched:414]: 	at LAYER SERVICE/optifine/optifine.OptiFineTransformer.getOptiFineResource(OptiFineTransformer.java:260)
[30Jul2025 16:15:15.398] [main/INFO] [STDERR/]: [optifine.OptiFineTransformer:getOptiFineResourcePatched:414]: 	at LAYER SERVICE/optifine/optifine.OptiFineTransformer.transform(OptiFineTransformer.java:171)
[30Jul2025 16:15:15.398] [main/INFO] [STDERR/]: [optifine.OptiFineTransformer:getOptiFineResourcePatched:414]: 	at LAYER SERVICE/optifine/optifine.OptiFineTransformer.transform(OptiFineTransformer.java:1)
[30Jul2025 16:15:15.398] [main/INFO] [STDERR/]: [optifine.OptiFineTransformer:getOptiFineResourcePatched:414]: 	at MC-BOOTSTRAP/cpw.mods.modlauncher@10.0.9/cpw.mods.modlauncher.TransformerHolder.transform(TransformerHolder.java:41)
[30Jul2025 16:15:15.398] [main/INFO] [STDERR/]: [optifine.OptiFineTransformer:getOptiFineResourcePatched:414]: 	at MC-BOOTSTRAP/cpw.mods.modlauncher@10.0.9/cpw.mods.modlauncher.ClassTransformer.performVote(ClassTransformer.java:179)
[30Jul2025 16:15:15.399] [main/INFO] [STDERR/]: [optifine.OptiFineTransformer:getOptiFineResourcePatched:414]: 	at MC-BOOTSTRAP/cpw.mods.modlauncher@10.0.9/cpw.mods.modlauncher.ClassTransformer.transform(ClassTransformer.java:98)
[30Jul2025 16:15:15.399] [main/INFO] [STDERR/]: [optifine.OptiFineTransformer:getOptiFineResourcePatched:414]: 	at MC-BOOTSTRAP/cpw.mods.modlauncher@10.0.9/cpw.mods.modlauncher.TransformingClassLoader.maybeTransformClassBytes(TransformingClassLoader.java:50)
[30Jul2025 16:15:15.399] [main/INFO] [STDERR/]: [optifine.OptiFineTransformer:getOptiFineResourcePatched:414]: 	at cpw.mods.securejarhandler/cpw.mods.cl.ModuleClassLoader.readerToClass(ModuleClassLoader.java:113)
[30Jul2025 16:15:15.399] [main/INFO] [STDERR/]: [optifine.OptiFineTransformer:getOptiFineResourcePatched:414]: 	at cpw.mods.securejarhandler/cpw.mods.cl.ModuleClassLoader.lambda$findClass$15(ModuleClassLoader.java:219)
[30Jul2025 16:15:15.399] [main/INFO] [STDERR/]: [optifine.OptiFineTransformer:getOptiFineResourcePatched:414]: 	at cpw.mods.securejarhandler/cpw.mods.cl.ModuleClassLoader.loadFromModule(ModuleClassLoader.java:229)
[30Jul2025 16:15:15.399] [main/INFO] [STDERR/]: [optifine.OptiFineTransformer:getOptiFineResourcePatched:414]: 	at cpw.mods.securejarhandler/cpw.mods.cl.ModuleClassLoader.findClass(ModuleClassLoader.java:219)
[30Jul2025 16:15:15.399] [main/INFO] [STDERR/]: [optifine.OptiFineTransformer:getOptiFineResourcePatched:414]: 	at cpw.mods.securejarhandler/cpw.mods.cl.ModuleClassLoader.loadClass(ModuleClassLoader.java:135)
[30Jul2025 16:15:15.400] [main/INFO] [STDERR/]: [optifine.OptiFineTransformer:getOptiFineResourcePatched:414]: 	at java.base/java.lang.ClassLoader.loadClass(ClassLoader.java:525)
[30Jul2025 16:15:15.400] [main/INFO] [STDERR/]: [optifine.OptiFineTransformer:getOptiFineResourcePatched:414]: 	at TRANSFORMER/minecraft@1.20.1/net.minecraft.world.entity.Entity.<clinit>(Entity.java:199)
[30Jul2025 16:15:15.400] [main/INFO] [STDERR/]: [optifine.OptiFineTransformer:getOptiFineResourcePatched:414]: 	at TRANSFORMER/minecraft@1.20.1/net.minecraft.world.entity.EntityType.<clinit>(EntityType.java:267)
[30Jul2025 16:15:15.400] [main/INFO] [STDERR/]: [optifine.OptiFineTransformer:getOptiFineResourcePatched:414]: 	at TRANSFORMER/minecraft@1.20.1/net.minecraft.world.item.Items.<clinit>(Items.java:754)
[30Jul2025 16:15:15.400] [main/INFO] [STDERR/]: [optifine.OptiFineTransformer:getOptiFineResourcePatched:414]: 	at TRANSFORMER/minecraft@1.20.1/net.minecraft.world.level.block.ComposterBlock.m_51988_(ComposterBlock.java:60)
[30Jul2025 16:15:15.400] [main/INFO] [STDERR/]: [optifine.OptiFineTransformer:getOptiFineResourcePatched:414]: 	at TRANSFORMER/minecraft@1.20.1/net.minecraft.server.Bootstrap.m_135870_(Bootstrap.java:47)
[30Jul2025 16:15:15.400] [main/INFO] [STDERR/]: [optifine.OptiFineTransformer:getOptiFineResourcePatched:414]: 	at TRANSFORMER/minecraft@1.20.1/net.minecraft.server.Main.main(Main.java:121)
[30Jul2025 16:15:15.401] [main/INFO] [STDERR/]: [optifine.OptiFineTransformer:getOptiFineResourcePatched:414]: 	at java.base/jdk.internal.reflect.NativeMethodAccessorImpl.invoke0(Native Method)
[30Jul2025 16:15:15.401] [main/INFO] [STDERR/]: [optifine.OptiFineTransformer:getOptiFineResourcePatched:414]: 	at java.base/jdk.internal.reflect.NativeMethodAccessorImpl.invoke(NativeMethodAccessorImpl.java:77)
[30Jul2025 16:15:15.401] [main/INFO] [STDERR/]: [optifine.OptiFineTransformer:getOptiFineResourcePatched:414]: 	at java.base/jdk.internal.reflect.DelegatingMethodAccessorImpl.invoke(DelegatingMethodAccessorImpl.java:43)
[30Jul2025 16:15:15.401] [main/INFO] [STDERR/]: [optifine.OptiFineTransformer:getOptiFineResourcePatched:414]: 	at java.base/java.lang.reflect.Method.invoke(Method.java:569)
[30Jul2025 16:15:15.401] [main/INFO] [STDERR/]: [optifine.OptiFineTransformer:getOptiFineResourcePatched:414]: 	at MC-BOOTSTRAP/fmlloader@1.20.1-47.3.7/net.minecraftforge.fml.loading.targets.CommonLaunchHandler.runTarget(CommonLaunchHandler.java:111)
[30Jul2025 16:15:15.401] [main/INFO] [STDERR/]: [optifine.OptiFineTransformer:getOptiFineResourcePatched:414]: 	at MC-BOOTSTRAP/fmlloader@1.20.1-47.3.7/net.minecraftforge.fml.loading.targets.CommonLaunchHandler.serverService(CommonLaunchHandler.java:103)
[30Jul2025 16:15:15.401] [main/INFO] [STDERR/]: [optifine.OptiFineTransformer:getOptiFineResourcePatched:414]: 	at MC-BOOTSTRAP/fmlloader@1.20.1-47.3.7/net.minecraftforge.fml.loading.targets.CommonServerLaunchHandler.lambda$makeService$0(CommonServerLaunchHandler.java:27)
[30Jul2025 16:15:15.402] [main/INFO] [STDERR/]: [optifine.OptiFineTransformer:getOptiFineResourcePatched:414]: 	at MC-BOOTSTRAP/cpw.mods.modlauncher@10.0.9/cpw.mods.modlauncher.LaunchServiceHandlerDecorator.launch(LaunchServiceHandlerDecorator.java:30)
[30Jul2025 16:15:15.402] [main/INFO] [STDERR/]: [optifine.OptiFineTransformer:getOptiFineResourcePatched:414]: 	at MC-BOOTSTRAP/cpw.mods.modlauncher@10.0.9/cpw.mods.modlauncher.LaunchServiceHandler.launch(LaunchServiceHandler.java:53)
[30Jul2025 16:15:15.402] [main/INFO] [STDERR/]: [optifine.OptiFineTransformer:getOptiFineResourcePatched:414]: 	at MC-BOOTSTRAP/cpw.mods.modlauncher@10.0.9/cpw.mods.modlauncher.LaunchServiceHandler.launch(LaunchServiceHandler.java:71)
[30Jul2025 16:15:15.402] [main/INFO] [STDERR/]: [optifine.OptiFineTransformer:getOptiFineResourcePatched:414]: 	at MC-BOOTSTRAP/cpw.mods.modlauncher@10.0.9/cpw.mods.modlauncher.Launcher.run(Launcher.java:108)
[30Jul2025 16:15:15.402] [main/INFO] [STDERR/]: [optifine.OptiFineTransformer:getOptiFineResourcePatched:414]: 	at MC-BOOTSTRAP/cpw.mods.modlauncher@10.0.9/cpw.mods.modlauncher.Launcher.main(Launcher.java:78)
[30Jul2025 16:15:15.402] [main/INFO] [STDERR/]: [optifine.OptiFineTransformer:getOptiFineResourcePatched:414]: 	at MC-BOOTSTRAP/cpw.mods.modlauncher@10.0.9/cpw.mods.modlauncher.BootstrapLaunchConsumer.accept(BootstrapLaunchConsumer.java:26)
[30Jul2025 16:15:15.402] [main/INFO] [STDERR/]: [optifine.OptiFineTransformer:getOptiFineResourcePatched:414]: 	at MC-BOOTSTRAP/cpw.mods.modlauncher@10.0.9/cpw.mods.modlauncher.BootstrapLaunchConsumer.accept(BootstrapLaunchConsumer.java:23)
[30Jul2025 16:15:15.404] [main/INFO] [STDERR/]: [optifine.OptiFineTransformer:getOptiFineResourcePatched:414]: 	at cpw.mods.bootstraplauncher@1.1.2/cpw.mods.bootstraplauncher.BootstrapLauncher.main(BootstrapLauncher.java:141)
[30Jul2025 16:15:15.770] [main/INFO] [STDERR/]: [optifine.OptiFineTransformer:getOptiFineResourcePatched:414]: java.io.IOException: Base resource not found: ans.class
[30Jul2025 16:15:15.770] [main/INFO] [STDERR/]: [optifine.OptiFineTransformer:getOptiFineResourcePatched:414]: 	at LAYER SERVICE/optifine/optifine.Patcher.applyPatch(Patcher.java:146)
[30Jul2025 16:15:15.770] [main/INFO] [STDERR/]: [optifine.OptiFineTransformer:getOptiFineResourcePatched:414]: 	at LAYER SERVICE/optifine/optifine.OptiFineTransformer.getOptiFineResourcePatched(OptiFineTransformer.java:396)
[30Jul2025 16:15:15.770] [main/INFO] [STDERR/]: [optifine.OptiFineTransformer:getOptiFineResourcePatched:414]: 	at LAYER SERVICE/optifine/optifine.OptiFineTransformer.getOptiFineResourceStreamPatched(OptiFineTransformer.java:368)
[30Jul2025 16:15:15.770] [main/INFO] [STDERR/]: [optifine.OptiFineTransformer:getOptiFineResourcePatched:414]: 	at LAYER SERVICE/optifine/optifine.OptiFineTransformer.getOptiFineResourceStream(OptiFineTransformer.java:291)
[30Jul2025 16:15:15.770] [main/INFO] [STDERR/]: [optifine.OptiFineTransformer:getOptiFineResourcePatched:414]: 	at LAYER SERVICE/optifine/optifine.OptiFineTransformer.getOptiFineResource(OptiFineTransformer.java:260)
[30Jul2025 16:15:15.771] [main/INFO] [STDERR/]: [optifine.OptiFineTransformer:getOptiFineResourcePatched:414]: 	at LAYER SERVICE/optifine/optifine.OptiFineTransformer.transform(OptiFineTransformer.java:171)
[30Jul2025 16:15:15.771] [main/INFO] [STDERR/]: [optifine.OptiFineTransformer:getOptiFineResourcePatched:414]: 	at LAYER SERVICE/optifine/optifine.OptiFineTransformer.transform(OptiFineTransformer.java:1)
[30Jul2025 16:15:15.771] [main/INFO] [STDERR/]: [optifine.OptiFineTransformer:getOptiFineResourcePatched:414]: 	at MC-BOOTSTRAP/cpw.mods.modlauncher@10.0.9/cpw.mods.modlauncher.TransformerHolder.transform(TransformerHolder.java:41)
[30Jul2025 16:15:15.771] [main/INFO] [STDERR/]: [optifine.OptiFineTransformer:getOptiFineResourcePatched:414]: 	at MC-BOOTSTRAP/cpw.mods.modlauncher@10.0.9/cpw.mods.modlauncher.ClassTransformer.performVote(ClassTransformer.java:179)
[30Jul2025 16:15:15.771] [main/INFO] [STDERR/]: [optifine.OptiFineTransformer:getOptiFineResourcePatched:414]: 	at MC-BOOTSTRAP/cpw.mods.modlauncher@10.0.9/cpw.mods.modlauncher.ClassTransformer.transform(ClassTransformer.java:98)
[30Jul2025 16:15:15.771] [main/INFO] [STDERR/]: [optifine.OptiFineTransformer:getOptiFineResourcePatched:414]: 	at MC-BOOTSTRAP/cpw.mods.modlauncher@10.0.9/cpw.mods.modlauncher.TransformingClassLoader.maybeTransformClassBytes(TransformingClassLoader.java:50)
[30Jul2025 16:15:15.771] [main/INFO] [STDERR/]: [optifine.OptiFineTransformer:getOptiFineResourcePatched:414]: 	at cpw.mods.securejarhandler/cpw.mods.cl.ModuleClassLoader.readerToClass(ModuleClassLoader.java:113)
[30Jul2025 16:15:15.771] [main/INFO] [STDERR/]: [optifine.OptiFineTransformer:getOptiFineResourcePatched:414]: 	at cpw.mods.securejarhandler/cpw.mods.cl.ModuleClassLoader.lambda$findClass$15(ModuleClassLoader.java:219)
[30Jul2025 16:15:15.772] [main/INFO] [STDERR/]: [optifine.OptiFineTransformer:getOptiFineResourcePatched:414]: 	at cpw.mods.securejarhandler/cpw.mods.cl.ModuleClassLoader.loadFromModule(ModuleClassLoader.java:229)
[30Jul2025 16:15:15.772] [main/INFO] [STDERR/]: [optifine.OptiFineTransformer:getOptiFineResourcePatched:414]: 	at cpw.mods.securejarhandler/cpw.mods.cl.ModuleClassLoader.findClass(ModuleClassLoader.java:219)
[30Jul2025 16:15:15.772] [main/INFO] [STDERR/]: [optifine.OptiFineTransformer:getOptiFineResourcePatched:414]: 	at cpw.mods.securejarhandler/cpw.mods.cl.ModuleClassLoader.loadClass(ModuleClassLoader.java:135)
[30Jul2025 16:15:15.772] [main/INFO] [STDERR/]: [optifine.OptiFineTransformer:getOptiFineResourcePatched:414]: 	at java.base/java.lang.ClassLoader.loadClass(ClassLoader.java:525)
[30Jul2025 16:15:15.772] [main/INFO] [STDERR/]: [optifine.OptiFineTransformer:getOptiFineResourcePatched:414]: 	at TRANSFORMER/minecraft@1.20.1/net.minecraft.world.level.levelgen.Heightmap$Types.<clinit>(Heightmap.java:37)
[30Jul2025 16:15:15.772] [main/INFO] [STDERR/]: [optifine.OptiFineTransformer:getOptiFineResourcePatched:414]: 	at TRANSFORMER/minecraft@1.20.1/net.minecraft.world.level.chunk.ChunkStatus.<clinit>(ChunkStatus.java:36)
[30Jul2025 16:15:15.772] [main/INFO] [STDERR/]: [optifine.OptiFineTransformer:getOptiFineResourcePatched:414]: 	at TRANSFORMER/minecraft@1.20.1/net.minecraft.core.registries.BuiltInRegistries.m_257540_(BuiltInRegistries.java:200)
[30Jul2025 16:15:15.772] [main/INFO] [STDERR/]: [optifine.OptiFineTransformer:getOptiFineResourcePatched:414]: 	at TRANSFORMER/minecraft@1.20.1/net.minecraft.core.registries.BuiltInRegistries.m_258029_(BuiltInRegistries.java:448)
[30Jul2025 16:15:15.772] [main/INFO] [STDERR/]: [optifine.OptiFineTransformer:getOptiFineResourcePatched:414]: 	at TRANSFORMER/minecraft@1.20.1/net.minecraft.core.registries.BuiltInRegistries.m_258037_(BuiltInRegistries.java:462)
[30Jul2025 16:15:15.773] [main/INFO] [STDERR/]: [optifine.OptiFineTransformer:getOptiFineResourcePatched:414]: 	at java.base/java.util.LinkedHashMap.forEach(LinkedHashMap.java:721)
[30Jul2025 16:15:15.773] [main/INFO] [STDERR/]: [optifine.OptiFineTransformer:getOptiFineResourcePatched:414]: 	at TRANSFORMER/minecraft@1.20.1/net.minecraft.core.registries.BuiltInRegistries.m_257453_(BuiltInRegistries.java:461)
[30Jul2025 16:15:15.773] [main/INFO] [STDERR/]: [optifine.OptiFineTransformer:getOptiFineResourcePatched:414]: 	at TRANSFORMER/minecraft@1.20.1/net.minecraft.core.registries.BuiltInRegistries.m_257498_(BuiltInRegistries.java:455)
[30Jul2025 16:15:15.773] [main/INFO] [STDERR/]: [optifine.OptiFineTransformer:getOptiFineResourcePatched:414]: 	at TRANSFORMER/minecraft@1.20.1/net.minecraft.server.Bootstrap.m_135870_(Bootstrap.java:55)
[30Jul2025 16:15:15.773] [main/INFO] [STDERR/]: [optifine.OptiFineTransformer:getOptiFineResourcePatched:414]: 	at TRANSFORMER/minecraft@1.20.1/net.minecraft.server.Main.main(Main.java:121)
[30Jul2025 16:15:15.773] [main/INFO] [STDERR/]: [optifine.OptiFineTransformer:getOptiFineResourcePatched:414]: 	at java.base/jdk.internal.reflect.NativeMethodAccessorImpl.invoke0(Native Method)
[30Jul2025 16:15:15.773] [main/INFO] [STDERR/]: [optifine.OptiFineTransformer:getOptiFineResourcePatched:414]: 	at java.base/jdk.internal.reflect.NativeMethodAccessorImpl.invoke(NativeMethodAccessorImpl.java:77)
[30Jul2025 16:15:15.773] [main/INFO] [STDERR/]: [optifine.OptiFineTransformer:getOptiFineResourcePatched:414]: 	at java.base/jdk.internal.reflect.DelegatingMethodAccessorImpl.invoke(DelegatingMethodAccessorImpl.java:43)
[30Jul2025 16:15:15.774] [main/INFO] [STDERR/]: [optifine.OptiFineTransformer:getOptiFineResourcePatched:414]: 	at java.base/java.lang.reflect.Method.invoke(Method.java:569)
[30Jul2025 16:15:15.774] [main/INFO] [STDERR/]: [optifine.OptiFineTransformer:getOptiFineResourcePatched:414]: 	at MC-BOOTSTRAP/fmlloader@1.20.1-47.3.7/net.minecraftforge.fml.loading.targets.CommonLaunchHandler.runTarget(CommonLaunchHandler.java:111)
[30Jul2025 16:15:15.774] [main/INFO] [STDERR/]: [optifine.OptiFineTransformer:getOptiFineResourcePatched:414]: 	at MC-BOOTSTRAP/fmlloader@1.20.1-47.3.7/net.minecraftforge.fml.loading.targets.CommonLaunchHandler.serverService(CommonLaunchHandler.java:103)
[30Jul2025 16:15:15.774] [main/INFO] [STDERR/]: [optifine.OptiFineTransformer:getOptiFineResourcePatched:414]: 	at MC-BOOTSTRAP/fmlloader@1.20.1-47.3.7/net.minecraftforge.fml.loading.targets.CommonServerLaunchHandler.lambda$makeService$0(CommonServerLaunchHandler.java:27)
[30Jul2025 16:15:15.774] [main/INFO] [STDERR/]: [optifine.OptiFineTransformer:getOptiFineResourcePatched:414]: 	at MC-BOOTSTRAP/cpw.mods.modlauncher@10.0.9/cpw.mods.modlauncher.LaunchServiceHandlerDecorator.launch(LaunchServiceHandlerDecorator.java:30)
[30Jul2025 16:15:15.774] [main/INFO] [STDERR/]: [optifine.OptiFineTransformer:getOptiFineResourcePatched:414]: 	at MC-BOOTSTRAP/cpw.mods.modlauncher@10.0.9/cpw.mods.modlauncher.LaunchServiceHandler.launch(LaunchServiceHandler.java:53)
[30Jul2025 16:15:15.774] [main/INFO] [STDERR/]: [optifine.OptiFineTransformer:getOptiFineResourcePatched:414]: 	at MC-BOOTSTRAP/cpw.mods.modlauncher@10.0.9/cpw.mods.modlauncher.LaunchServiceHandler.launch(LaunchServiceHandler.java:71)
[30Jul2025 16:15:15.774] [main/INFO] [STDERR/]: [optifine.OptiFineTransformer:getOptiFineResourcePatched:414]: 	at MC-BOOTSTRAP/cpw.mods.modlauncher@10.0.9/cpw.mods.modlauncher.Launcher.run(Launcher.java:108)
[30Jul2025 16:15:15.774] [main/INFO] [STDERR/]: [optifine.OptiFineTransformer:getOptiFineResourcePatched:414]: 	at MC-BOOTSTRAP/cpw.mods.modlauncher@10.0.9/cpw.mods.modlauncher.Launcher.main(Launcher.java:78)
[30Jul2025 16:15:15.775] [main/INFO] [STDERR/]: [optifine.OptiFineTransformer:getOptiFineResourcePatched:414]: 	at MC-BOOTSTRAP/cpw.mods.modlauncher@10.0.9/cpw.mods.modlauncher.BootstrapLaunchConsumer.accept(BootstrapLaunchConsumer.java:26)
[30Jul2025 16:15:15.775] [main/INFO] [STDERR/]: [optifine.OptiFineTransformer:getOptiFineResourcePatched:414]: 	at MC-BOOTSTRAP/cpw.mods.modlauncher@10.0.9/cpw.mods.modlauncher.BootstrapLaunchConsumer.accept(BootstrapLaunchConsumer.java:23)
[30Jul2025 16:15:15.775] [main/INFO] [STDERR/]: [optifine.OptiFineTransformer:getOptiFineResourcePatched:414]: 	at cpw.mods.bootstraplauncher@1.1.2/cpw.mods.bootstraplauncher.BootstrapLauncher.main(BootstrapLauncher.java:141)
[30Jul2025 16:15:15.927] [main/INFO] [STDERR/]: [optifine.OptiFineTransformer:getOptiFineResourcePatched:414]: java.io.IOException: Base resource not found: cnr.class
[30Jul2025 16:15:15.928] [main/INFO] [STDERR/]: [optifine.OptiFineTransformer:getOptiFineResourcePatched:414]: 	at LAYER SERVICE/optifine/optifine.Patcher.applyPatch(Patcher.java:146)
[30Jul2025 16:15:15.928] [main/INFO] [STDERR/]: [optifine.OptiFineTransformer:getOptiFineResourcePatched:414]: 	at LAYER SERVICE/optifine/optifine.OptiFineTransformer.getOptiFineResourcePatched(OptiFineTransformer.java:396)
[30Jul2025 16:15:15.928] [main/INFO] [STDERR/]: [optifine.OptiFineTransformer:getOptiFineResourcePatched:414]: 	at LAYER SERVICE/optifine/optifine.OptiFineTransformer.getOptiFineResourceStreamPatched(OptiFineTransformer.java:368)
[30Jul2025 16:15:15.928] [main/INFO] [STDERR/]: [optifine.OptiFineTransformer:getOptiFineResourcePatched:414]: 	at LAYER SERVICE/optifine/optifine.OptiFineTransformer.getOptiFineResourceStream(OptiFineTransformer.java:291)
[30Jul2025 16:15:15.928] [main/INFO] [STDERR/]: [optifine.OptiFineTransformer:getOptiFineResourcePatched:414]: 	at LAYER SERVICE/optifine/optifine.OptiFineTransformer.getOptiFineResource(OptiFineTransformer.java:260)
[30Jul2025 16:15:15.929] [main/INFO] [STDERR/]: [optifine.OptiFineTransformer:getOptiFineResourcePatched:414]: 	at LAYER SERVICE/optifine/optifine.OptiFineTransformer.transform(OptiFineTransformer.java:171)
[30Jul2025 16:15:15.929] [main/INFO] [STDERR/]: [optifine.OptiFineTransformer:getOptiFineResourcePatched:414]: 	at LAYER SERVICE/optifine/optifine.OptiFineTransformer.transform(OptiFineTransformer.java:1)
[30Jul2025 16:15:15.929] [main/INFO] [STDERR/]: [optifine.OptiFineTransformer:getOptiFineResourcePatched:414]: 	at MC-BOOTSTRAP/cpw.mods.modlauncher@10.0.9/cpw.mods.modlauncher.TransformerHolder.transform(TransformerHolder.java:41)
[30Jul2025 16:15:15.929] [main/INFO] [STDERR/]: [optifine.OptiFineTransformer:getOptiFineResourcePatched:414]: 	at MC-BOOTSTRAP/cpw.mods.modlauncher@10.0.9/cpw.mods.modlauncher.ClassTransformer.performVote(ClassTransformer.java:179)
[30Jul2025 16:15:15.929] [main/INFO] [STDERR/]: [optifine.OptiFineTransformer:getOptiFineResourcePatched:414]: 	at MC-BOOTSTRAP/cpw.mods.modlauncher@10.0.9/cpw.mods.modlauncher.ClassTransformer.transform(ClassTransformer.java:98)
[30Jul2025 16:15:15.929] [main/INFO] [STDERR/]: [optifine.OptiFineTransformer:getOptiFineResourcePatched:414]: 	at MC-BOOTSTRAP/cpw.mods.modlauncher@10.0.9/cpw.mods.modlauncher.TransformingClassLoader.maybeTransformClassBytes(TransformingClassLoader.java:50)
[30Jul2025 16:15:15.930] [main/INFO] [STDERR/]: [optifine.OptiFineTransformer:getOptiFineResourcePatched:414]: 	at cpw.mods.securejarhandler/cpw.mods.cl.ModuleClassLoader.readerToClass(ModuleClassLoader.java:113)
[30Jul2025 16:15:15.930] [main/INFO] [STDERR/]: [optifine.OptiFineTransformer:getOptiFineResourcePatched:414]: 	at cpw.mods.securejarhandler/cpw.mods.cl.ModuleClassLoader.lambda$findClass$15(ModuleClassLoader.java:219)
[30Jul2025 16:15:15.930] [main/INFO] [STDERR/]: [optifine.OptiFineTransformer:getOptiFineResourcePatched:414]: 	at cpw.mods.securejarhandler/cpw.mods.cl.ModuleClassLoader.loadFromModule(ModuleClassLoader.java:229)
[30Jul2025 16:15:15.930] [main/INFO] [STDERR/]: [optifine.OptiFineTransformer:getOptiFineResourcePatched:414]: 	at cpw.mods.securejarhandler/cpw.mods.cl.ModuleClassLoader.findClass(ModuleClassLoader.java:219)
[30Jul2025 16:15:15.930] [main/INFO] [STDERR/]: [optifine.OptiFineTransformer:getOptiFineResourcePatched:414]: 	at cpw.mods.securejarhandler/cpw.mods.cl.ModuleClassLoader.loadClass(ModuleClassLoader.java:135)
[30Jul2025 16:15:15.930] [main/INFO] [STDERR/]: [optifine.OptiFineTransformer:getOptiFineResourcePatched:414]: 	at java.base/java.lang.ClassLoader.loadClass(ClassLoader.java:525)
[30Jul2025 16:15:15.930] [main/INFO] [STDERR/]: [optifine.OptiFineTransformer:getOptiFineResourcePatched:414]: 	at TRANSFORMER/minecraft@1.20.1/net.minecraft.world.entity.npc.VillagerType.m_35833_(VillagerType.java:42)
[30Jul2025 16:15:15.930] [main/INFO] [STDERR/]: [optifine.OptiFineTransformer:getOptiFineResourcePatched:414]: 	at TRANSFORMER/minecraft@1.20.1/net.minecraft.Util.m_137469_(Util.java:359)
[30Jul2025 16:15:15.931] [main/INFO] [STDERR/]: [optifine.OptiFineTransformer:getOptiFineResourcePatched:414]: 	at TRANSFORMER/minecraft@1.20.1/net.minecraft.world.entity.npc.VillagerType.<clinit>(VillagerType.java:39)
[30Jul2025 16:15:15.931] [main/INFO] [STDERR/]: [optifine.OptiFineTransformer:getOptiFineResourcePatched:414]: 	at TRANSFORMER/minecraft@1.20.1/net.minecraft.core.registries.BuiltInRegistries.m_257858_(BuiltInRegistries.java:255)
[30Jul2025 16:15:15.931] [main/INFO] [STDERR/]: [optifine.OptiFineTransformer:getOptiFineResourcePatched:414]: 	at TRANSFORMER/minecraft@1.20.1/net.minecraft.core.registries.BuiltInRegistries.m_258029_(BuiltInRegistries.java:448)
[30Jul2025 16:15:15.931] [main/INFO] [STDERR/]: [optifine.OptiFineTransformer:getOptiFineResourcePatched:414]: 	at TRANSFORMER/minecraft@1.20.1/net.minecraft.core.registries.BuiltInRegistries.m_258037_(BuiltInRegistries.java:462)
[30Jul2025 16:15:15.931] [main/INFO] [STDERR/]: [optifine.OptiFineTransformer:getOptiFineResourcePatched:414]: 	at java.base/java.util.LinkedHashMap.forEach(LinkedHashMap.java:721)
[30Jul2025 16:15:15.931] [main/INFO] [STDERR/]: [optifine.OptiFineTransformer:getOptiFineResourcePatched:414]: 	at TRANSFORMER/minecraft@1.20.1/net.minecraft.core.registries.BuiltInRegistries.m_257453_(BuiltInRegistries.java:461)
[30Jul2025 16:15:15.931] [main/INFO] [STDERR/]: [optifine.OptiFineTransformer:getOptiFineResourcePatched:414]: 	at TRANSFORMER/minecraft@1.20.1/net.minecraft.core.registries.BuiltInRegistries.m_257498_(BuiltInRegistries.java:455)
[30Jul2025 16:15:15.932] [main/INFO] [STDERR/]: [optifine.OptiFineTransformer:getOptiFineResourcePatched:414]: 	at TRANSFORMER/minecraft@1.20.1/net.minecraft.server.Bootstrap.m_135870_(Bootstrap.java:55)
[30Jul2025 16:15:15.932] [main/INFO] [STDERR/]: [optifine.OptiFineTransformer:getOptiFineResourcePatched:414]: 	at TRANSFORMER/minecraft@1.20.1/net.minecraft.server.Main.main(Main.java:121)
[30Jul2025 16:15:15.932] [main/INFO] [STDERR/]: [optifine.OptiFineTransformer:getOptiFineResourcePatched:414]: 	at java.base/jdk.internal.reflect.NativeMethodAccessorImpl.invoke0(Native Method)
[30Jul2025 16:15:15.932] [main/INFO] [STDERR/]: [optifine.OptiFineTransformer:getOptiFineResourcePatched:414]: 	at java.base/jdk.internal.reflect.NativeMethodAccessorImpl.invoke(NativeMethodAccessorImpl.java:77)
[30Jul2025 16:15:15.933] [main/INFO] [STDERR/]: [optifine.OptiFineTransformer:getOptiFineResourcePatched:414]: 	at java.base/jdk.internal.reflect.DelegatingMethodAccessorImpl.invoke(DelegatingMethodAccessorImpl.java:43)
[30Jul2025 16:15:15.933] [main/INFO] [STDERR/]: [optifine.OptiFineTransformer:getOptiFineResourcePatched:414]: 	at java.base/java.lang.reflect.Method.invoke(Method.java:569)
[30Jul2025 16:15:15.933] [main/INFO] [STDERR/]: [optifine.OptiFineTransformer:getOptiFineResourcePatched:414]: 	at MC-BOOTSTRAP/fmlloader@1.20.1-47.3.7/net.minecraftforge.fml.loading.targets.CommonLaunchHandler.runTarget(CommonLaunchHandler.java:111)
[30Jul2025 16:15:15.933] [main/INFO] [STDERR/]: [optifine.OptiFineTransformer:getOptiFineResourcePatched:414]: 	at MC-BOOTSTRAP/fmlloader@1.20.1-47.3.7/net.minecraftforge.fml.loading.targets.CommonLaunchHandler.serverService(CommonLaunchHandler.java:103)
[30Jul2025 16:15:15.933] [main/INFO] [STDERR/]: [optifine.OptiFineTransformer:getOptiFineResourcePatched:414]: 	at MC-BOOTSTRAP/fmlloader@1.20.1-47.3.7/net.minecraftforge.fml.loading.targets.CommonServerLaunchHandler.lambda$makeService$0(CommonServerLaunchHandler.java:27)
[30Jul2025 16:15:15.933] [main/INFO] [STDERR/]: [optifine.OptiFineTransformer:getOptiFineResourcePatched:414]: 	at MC-BOOTSTRAP/cpw.mods.modlauncher@10.0.9/cpw.mods.modlauncher.LaunchServiceHandlerDecorator.launch(LaunchServiceHandlerDecorator.java:30)
[30Jul2025 16:15:15.933] [main/INFO] [STDERR/]: [optifine.OptiFineTransformer:getOptiFineResourcePatched:414]: 	at MC-BOOTSTRAP/cpw.mods.modlauncher@10.0.9/cpw.mods.modlauncher.LaunchServiceHandler.launch(LaunchServiceHandler.java:53)
[30Jul2025 16:15:15.934] [main/INFO] [STDERR/]: [optifine.OptiFineTransformer:getOptiFineResourcePatched:414]: 	at MC-BOOTSTRAP/cpw.mods.modlauncher@10.0.9/cpw.mods.modlauncher.LaunchServiceHandler.launch(LaunchServiceHandler.java:71)
[30Jul2025 16:15:15.934] [main/INFO] [STDERR/]: [optifine.OptiFineTransformer:getOptiFineResourcePatched:414]: 	at MC-BOOTSTRAP/cpw.mods.modlauncher@10.0.9/cpw.mods.modlauncher.Launcher.run(Launcher.java:108)
[30Jul2025 16:15:15.934] [main/INFO] [STDERR/]: [optifine.OptiFineTransformer:getOptiFineResourcePatched:414]: 	at MC-BOOTSTRAP/cpw.mods.modlauncher@10.0.9/cpw.mods.modlauncher.Launcher.main(Launcher.java:78)
[30Jul2025 16:15:15.934] [main/INFO] [STDERR/]: [optifine.OptiFineTransformer:getOptiFineResourcePatched:414]: 	at MC-BOOTSTRAP/cpw.mods.modlauncher@10.0.9/cpw.mods.modlauncher.BootstrapLaunchConsumer.accept(BootstrapLaunchConsumer.java:26)
[30Jul2025 16:15:15.934] [main/INFO] [STDERR/]: [optifine.OptiFineTransformer:getOptiFineResourcePatched:414]: 	at MC-BOOTSTRAP/cpw.mods.modlauncher@10.0.9/cpw.mods.modlauncher.BootstrapLaunchConsumer.accept(BootstrapLaunchConsumer.java:23)
[30Jul2025 16:15:15.935] [main/INFO] [STDERR/]: [optifine.OptiFineTransformer:getOptiFineResourcePatched:414]: 	at cpw.mods.bootstraplauncher@1.1.2/cpw.mods.bootstraplauncher.BootstrapLauncher.main(BootstrapLauncher.java:141)
[30Jul2025 16:15:16.069] [main/INFO] [STDERR/]: [optifine.OptiFineTransformer:getOptiFineResourcePatched:414]: java.io.IOException: Base resource not found: bcy.class
[30Jul2025 16:15:16.069] [main/INFO] [STDERR/]: [optifine.OptiFineTransformer:getOptiFineResourcePatched:414]: 	at LAYER SERVICE/optifine/optifine.Patcher.applyPatch(Patcher.java:146)
[30Jul2025 16:15:16.069] [main/INFO] [STDERR/]: [optifine.OptiFineTransformer:getOptiFineResourcePatched:414]: 	at LAYER SERVICE/optifine/optifine.OptiFineTransformer.getOptiFineResourcePatched(OptiFineTransformer.java:396)
[30Jul2025 16:15:16.069] [main/INFO] [STDERR/]: [optifine.OptiFineTransformer:getOptiFineResourcePatched:414]: 	at LAYER SERVICE/optifine/optifine.OptiFineTransformer.getOptiFineResourceStreamPatched(OptiFineTransformer.java:368)
[30Jul2025 16:15:16.070] [main/INFO] [STDERR/]: [optifine.OptiFineTransformer:getOptiFineResourcePatched:414]: 	at LAYER SERVICE/optifine/optifine.OptiFineTransformer.getOptiFineResourceStream(OptiFineTransformer.java:291)
[30Jul2025 16:15:16.070] [main/INFO] [STDERR/]: [optifine.OptiFineTransformer:getOptiFineResourcePatched:414]: 	at LAYER SERVICE/optifine/optifine.OptiFineTransformer.getOptiFineResource(OptiFineTransformer.java:260)
[30Jul2025 16:15:16.070] [main/INFO] [STDERR/]: [optifine.OptiFineTransformer:getOptiFineResourcePatched:414]: 	at LAYER SERVICE/optifine/optifine.OptiFineTransformer.transform(OptiFineTransformer.java:171)
[30Jul2025 16:15:16.070] [main/INFO] [STDERR/]: [optifine.OptiFineTransformer:getOptiFineResourcePatched:414]: 	at LAYER SERVICE/optifine/optifine.OptiFineTransformer.transform(OptiFineTransformer.java:1)
[30Jul2025 16:15:16.070] [main/INFO] [STDERR/]: [optifine.OptiFineTransformer:getOptiFineResourcePatched:414]: 	at MC-BOOTSTRAP/cpw.mods.modlauncher@10.0.9/cpw.mods.modlauncher.TransformerHolder.transform(TransformerHolder.java:41)
[30Jul2025 16:15:16.070] [main/INFO] [STDERR/]: [optifine.OptiFineTransformer:getOptiFineResourcePatched:414]: 	at MC-BOOTSTRAP/cpw.mods.modlauncher@10.0.9/cpw.mods.modlauncher.ClassTransformer.performVote(ClassTransformer.java:179)
[30Jul2025 16:15:16.070] [main/INFO] [STDERR/]: [optifine.OptiFineTransformer:getOptiFineResourcePatched:414]: 	at MC-BOOTSTRAP/cpw.mods.modlauncher@10.0.9/cpw.mods.modlauncher.ClassTransformer.transform(ClassTransformer.java:98)
[30Jul2025 16:15:16.070] [main/INFO] [STDERR/]: [optifine.OptiFineTransformer:getOptiFineResourcePatched:414]: 	at MC-BOOTSTRAP/cpw.mods.modlauncher@10.0.9/cpw.mods.modlauncher.TransformingClassLoader.maybeTransformClassBytes(TransformingClassLoader.java:50)
[30Jul2025 16:15:16.070] [main/INFO] [STDERR/]: [optifine.OptiFineTransformer:getOptiFineResourcePatched:414]: 	at cpw.mods.securejarhandler/cpw.mods.cl.ModuleClassLoader.readerToClass(ModuleClassLoader.java:113)
[30Jul2025 16:15:16.071] [main/INFO] [STDERR/]: [optifine.OptiFineTransformer:getOptiFineResourcePatched:414]: 	at cpw.mods.securejarhandler/cpw.mods.cl.ModuleClassLoader.lambda$findClass$15(ModuleClassLoader.java:219)
[30Jul2025 16:15:16.071] [main/INFO] [STDERR/]: [optifine.OptiFineTransformer:getOptiFineResourcePatched:414]: 	at cpw.mods.securejarhandler/cpw.mods.cl.ModuleClassLoader.loadFromModule(ModuleClassLoader.java:229)
[30Jul2025 16:15:16.071] [main/INFO] [STDERR/]: [optifine.OptiFineTransformer:getOptiFineResourcePatched:414]: 	at cpw.mods.securejarhandler/cpw.mods.cl.ModuleClassLoader.findClass(ModuleClassLoader.java:219)
[30Jul2025 16:15:16.071] [main/INFO] [STDERR/]: [optifine.OptiFineTransformer:getOptiFineResourcePatched:414]: 	at cpw.mods.securejarhandler/cpw.mods.cl.ModuleClassLoader.loadClass(ModuleClassLoader.java:135)
[30Jul2025 16:15:16.073] [main/INFO] [STDERR/]: [optifine.OptiFineTransformer:getOptiFineResourcePatched:414]: 	at java.base/java.lang.ClassLoader.loadClass(ClassLoader.java:525)
[30Jul2025 16:15:16.073] [main/INFO] [STDERR/]: [optifine.OptiFineTransformer:getOptiFineResourcePatched:414]: 	at TRANSFORMER/minecraft@1.20.1/net.minecraft.util.valueproviders.FloatProviderType.<clinit>(FloatProviderType.java:8)
[30Jul2025 16:15:16.073] [main/INFO] [STDERR/]: [optifine.OptiFineTransformer:getOptiFineResourcePatched:414]: 	at TRANSFORMER/minecraft@1.20.1/net.minecraft.core.registries.BuiltInRegistries.m_257973_(BuiltInRegistries.java:316)
[30Jul2025 16:15:16.073] [main/INFO] [STDERR/]: [optifine.OptiFineTransformer:getOptiFineResourcePatched:414]: 	at TRANSFORMER/minecraft@1.20.1/net.minecraft.core.registries.BuiltInRegistries.m_258029_(BuiltInRegistries.java:448)
[30Jul2025 16:15:16.074] [main/INFO] [STDERR/]: [optifine.OptiFineTransformer:getOptiFineResourcePatched:414]: 	at TRANSFORMER/minecraft@1.20.1/net.minecraft.core.registries.BuiltInRegistries.m_258037_(BuiltInRegistries.java:462)
[30Jul2025 16:15:16.074] [main/INFO] [STDERR/]: [optifine.OptiFineTransformer:getOptiFineResourcePatched:414]: 	at java.base/java.util.LinkedHashMap.forEach(LinkedHashMap.java:721)
[30Jul2025 16:15:16.074] [main/INFO] [STDERR/]: [optifine.OptiFineTransformer:getOptiFineResourcePatched:414]: 	at TRANSFORMER/minecraft@1.20.1/net.minecraft.core.registries.BuiltInRegistries.m_257453_(BuiltInRegistries.java:461)
[30Jul2025 16:15:16.074] [main/INFO] [STDERR/]: [optifine.OptiFineTransformer:getOptiFineResourcePatched:414]: 	at TRANSFORMER/minecraft@1.20.1/net.minecraft.core.registries.BuiltInRegistries.m_257498_(BuiltInRegistries.java:455)
[30Jul2025 16:15:16.074] [main/INFO] [STDERR/]: [optifine.OptiFineTransformer:getOptiFineResourcePatched:414]: 	at TRANSFORMER/minecraft@1.20.1/net.minecraft.server.Bootstrap.m_135870_(Bootstrap.java:55)
[30Jul2025 16:15:16.074] [main/INFO] [STDERR/]: [optifine.OptiFineTransformer:getOptiFineResourcePatched:414]: 	at TRANSFORMER/minecraft@1.20.1/net.minecraft.server.Main.main(Main.java:121)
[30Jul2025 16:15:16.074] [main/INFO] [STDERR/]: [optifine.OptiFineTransformer:getOptiFineResourcePatched:414]: 	at java.base/jdk.internal.reflect.NativeMethodAccessorImpl.invoke0(Native Method)
[30Jul2025 16:15:16.074] [main/INFO] [STDERR/]: [optifine.OptiFineTransformer:getOptiFineResourcePatched:414]: 	at java.base/jdk.internal.reflect.NativeMethodAccessorImpl.invoke(NativeMethodAccessorImpl.java:77)
[30Jul2025 16:15:16.075] [main/INFO] [STDERR/]: [optifine.OptiFineTransformer:getOptiFineResourcePatched:414]: 	at java.base/jdk.internal.reflect.DelegatingMethodAccessorImpl.invoke(DelegatingMethodAccessorImpl.java:43)
[30Jul2025 16:15:16.075] [main/INFO] [STDERR/]: [optifine.OptiFineTransformer:getOptiFineResourcePatched:414]: 	at java.base/java.lang.reflect.Method.invoke(Method.java:569)
[30Jul2025 16:15:16.075] [main/INFO] [STDERR/]: [optifine.OptiFineTransformer:getOptiFineResourcePatched:414]: 	at MC-BOOTSTRAP/fmlloader@1.20.1-47.3.7/net.minecraftforge.fml.loading.targets.CommonLaunchHandler.runTarget(CommonLaunchHandler.java:111)
[30Jul2025 16:15:16.075] [main/INFO] [STDERR/]: [optifine.OptiFineTransformer:getOptiFineResourcePatched:414]: 	at MC-BOOTSTRAP/fmlloader@1.20.1-47.3.7/net.minecraftforge.fml.loading.targets.CommonLaunchHandler.serverService(CommonLaunchHandler.java:103)
[30Jul2025 16:15:16.075] [main/INFO] [STDERR/]: [optifine.OptiFineTransformer:getOptiFineResourcePatched:414]: 	at MC-BOOTSTRAP/fmlloader@1.20.1-47.3.7/net.minecraftforge.fml.loading.targets.CommonServerLaunchHandler.lambda$makeService$0(CommonServerLaunchHandler.java:27)
[30Jul2025 16:15:16.075] [main/INFO] [STDERR/]: [optifine.OptiFineTransformer:getOptiFineResourcePatched:414]: 	at MC-BOOTSTRAP/cpw.mods.modlauncher@10.0.9/cpw.mods.modlauncher.LaunchServiceHandlerDecorator.launch(LaunchServiceHandlerDecorator.java:30)
[30Jul2025 16:15:16.075] [main/INFO] [STDERR/]: [optifine.OptiFineTransformer:getOptiFineResourcePatched:414]: 	at MC-BOOTSTRAP/cpw.mods.modlauncher@10.0.9/cpw.mods.modlauncher.LaunchServiceHandler.launch(LaunchServiceHandler.java:53)
[30Jul2025 16:15:16.076] [main/INFO] [STDERR/]: [optifine.OptiFineTransformer:getOptiFineResourcePatched:414]: 	at MC-BOOTSTRAP/cpw.mods.modlauncher@10.0.9/cpw.mods.modlauncher.LaunchServiceHandler.launch(LaunchServiceHandler.java:71)
[30Jul2025 16:15:16.076] [main/INFO] [STDERR/]: [optifine.OptiFineTransformer:getOptiFineResourcePatched:414]: 	at MC-BOOTSTRAP/cpw.mods.modlauncher@10.0.9/cpw.mods.modlauncher.Launcher.run(Launcher.java:108)
[30Jul2025 16:15:16.076] [main/INFO] [STDERR/]: [optifine.OptiFineTransformer:getOptiFineResourcePatched:414]: 	at MC-BOOTSTRAP/cpw.mods.modlauncher@10.0.9/cpw.mods.modlauncher.Launcher.main(Launcher.java:78)
[30Jul2025 16:15:16.078] [main/INFO] [STDERR/]: [optifine.OptiFineTransformer:getOptiFineResourcePatched:414]: 	at MC-BOOTSTRAP/cpw.mods.modlauncher@10.0.9/cpw.mods.modlauncher.BootstrapLaunchConsumer.accept(BootstrapLaunchConsumer.java:26)
[30Jul2025 16:15:16.078] [main/INFO] [STDERR/]: [optifine.OptiFineTransformer:getOptiFineResourcePatched:414]: 	at MC-BOOTSTRAP/cpw.mods.modlauncher@10.0.9/cpw.mods.modlauncher.BootstrapLaunchConsumer.accept(BootstrapLaunchConsumer.java:23)
[30Jul2025 16:15:16.078] [main/INFO] [STDERR/]: [optifine.OptiFineTransformer:getOptiFineResourcePatched:414]: 	at cpw.mods.bootstraplauncher@1.1.2/cpw.mods.bootstraplauncher.BootstrapLauncher.main(BootstrapLauncher.java:141)
[30Jul2025 16:15:16.201] [main/INFO] [STDERR/]: [optifine.OptiFineTransformer:getOptiFineResourcePatched:414]: java.io.IOException: Base resource not found: clt.class
[30Jul2025 16:15:16.201] [main/INFO] [STDERR/]: [optifine.OptiFineTransformer:getOptiFineResourcePatched:414]: 	at LAYER SERVICE/optifine/optifine.Patcher.applyPatch(Patcher.java:146)
[30Jul2025 16:15:16.202] [main/INFO] [STDERR/]: [optifine.OptiFineTransformer:getOptiFineResourcePatched:414]: 	at LAYER SERVICE/optifine/optifine.OptiFineTransformer.getOptiFineResourcePatched(OptiFineTransformer.java:396)
[30Jul2025 16:15:16.202] [main/INFO] [STDERR/]: [optifine.OptiFineTransformer:getOptiFineResourcePatched:414]: 	at LAYER SERVICE/optifine/optifine.OptiFineTransformer.getOptiFineResourceStreamPatched(OptiFineTransformer.java:368)
[30Jul2025 16:15:16.202] [main/INFO] [STDERR/]: [optifine.OptiFineTransformer:getOptiFineResourcePatched:414]: 	at LAYER SERVICE/optifine/optifine.OptiFineTransformer.getOptiFineResourceStream(OptiFineTransformer.java:291)
[30Jul2025 16:15:16.202] [main/INFO] [STDERR/]: [optifine.OptiFineTransformer:getOptiFineResourcePatched:414]: 	at LAYER SERVICE/optifine/optifine.OptiFineTransformer.getOptiFineResource(OptiFineTransformer.java:260)
[30Jul2025 16:15:16.202] [main/INFO] [STDERR/]: [optifine.OptiFineTransformer:getOptiFineResourcePatched:414]: 	at LAYER SERVICE/optifine/optifine.OptiFineTransformer.transform(OptiFineTransformer.java:171)
[30Jul2025 16:15:16.202] [main/INFO] [STDERR/]: [optifine.OptiFineTransformer:getOptiFineResourcePatched:414]: 	at LAYER SERVICE/optifine/optifine.OptiFineTransformer.transform(OptiFineTransformer.java:1)
[30Jul2025 16:15:16.202] [main/INFO] [STDERR/]: [optifine.OptiFineTransformer:getOptiFineResourcePatched:414]: 	at MC-BOOTSTRAP/cpw.mods.modlauncher@10.0.9/cpw.mods.modlauncher.TransformerHolder.transform(TransformerHolder.java:41)
[30Jul2025 16:15:16.202] [main/INFO] [STDERR/]: [optifine.OptiFineTransformer:getOptiFineResourcePatched:414]: 	at MC-BOOTSTRAP/cpw.mods.modlauncher@10.0.9/cpw.mods.modlauncher.ClassTransformer.performVote(ClassTransformer.java:179)
[30Jul2025 16:15:16.202] [main/INFO] [STDERR/]: [optifine.OptiFineTransformer:getOptiFineResourcePatched:414]: 	at MC-BOOTSTRAP/cpw.mods.modlauncher@10.0.9/cpw.mods.modlauncher.ClassTransformer.transform(ClassTransformer.java:98)
[30Jul2025 16:15:16.202] [main/INFO] [STDERR/]: [optifine.OptiFineTransformer:getOptiFineResourcePatched:414]: 	at MC-BOOTSTRAP/cpw.mods.modlauncher@10.0.9/cpw.mods.modlauncher.TransformingClassLoader.maybeTransformClassBytes(TransformingClassLoader.java:50)
[30Jul2025 16:15:16.203] [main/INFO] [STDERR/]: [optifine.OptiFineTransformer:getOptiFineResourcePatched:414]: 	at cpw.mods.securejarhandler/cpw.mods.cl.ModuleClassLoader.readerToClass(ModuleClassLoader.java:113)
[30Jul2025 16:15:16.203] [main/INFO] [STDERR/]: [optifine.OptiFineTransformer:getOptiFineResourcePatched:414]: 	at cpw.mods.securejarhandler/cpw.mods.cl.ModuleClassLoader.lambda$findClass$15(ModuleClassLoader.java:219)
[30Jul2025 16:15:16.203] [main/INFO] [STDERR/]: [optifine.OptiFineTransformer:getOptiFineResourcePatched:414]: 	at cpw.mods.securejarhandler/cpw.mods.cl.ModuleClassLoader.loadFromModule(ModuleClassLoader.java:229)
[30Jul2025 16:15:16.203] [main/INFO] [STDERR/]: [optifine.OptiFineTransformer:getOptiFineResourcePatched:414]: 	at cpw.mods.securejarhandler/cpw.mods.cl.ModuleClassLoader.findClass(ModuleClassLoader.java:219)
[30Jul2025 16:15:16.203] [main/INFO] [STDERR/]: [optifine.OptiFineTransformer:getOptiFineResourcePatched:414]: 	at cpw.mods.securejarhandler/cpw.mods.cl.ModuleClassLoader.loadClass(ModuleClassLoader.java:135)
[30Jul2025 16:15:16.203] [main/INFO] [STDERR/]: [optifine.OptiFineTransformer:getOptiFineResourcePatched:414]: 	at java.base/java.lang.ClassLoader.loadClass(ClassLoader.java:525)
[30Jul2025 16:15:16.203] [main/INFO] [STDERR/]: [optifine.OptiFineTransformer:getOptiFineResourcePatched:414]: 	at TRANSFORMER/minecraft@1.20.1/net.minecraft.world.level.levelgen.feature.VoidStartPlatformFeature.<clinit>(VoidStartPlatformFeature.java:13)
[30Jul2025 16:15:16.203] [main/INFO] [STDERR/]: [optifine.OptiFineTransformer:getOptiFineResourcePatched:414]: 	at TRANSFORMER/minecraft@1.20.1/net.minecraft.world.level.levelgen.feature.Feature.<clinit>(Feature.java:67)
[30Jul2025 16:15:16.203] [main/INFO] [STDERR/]: [optifine.OptiFineTransformer:getOptiFineResourcePatched:414]: 	at TRANSFORMER/minecraft@1.20.1/net.minecraft.core.registries.BuiltInRegistries.m_257618_(BuiltInRegistries.java:339)
[30Jul2025 16:15:16.203] [main/INFO] [STDERR/]: [optifine.OptiFineTransformer:getOptiFineResourcePatched:414]: 	at TRANSFORMER/minecraft@1.20.1/net.minecraft.core.registries.BuiltInRegistries.m_258029_(BuiltInRegistries.java:448)
[30Jul2025 16:15:16.204] [main/INFO] [STDERR/]: [optifine.OptiFineTransformer:getOptiFineResourcePatched:414]: 	at TRANSFORMER/minecraft@1.20.1/net.minecraft.core.registries.BuiltInRegistries.m_258037_(BuiltInRegistries.java:462)
[30Jul2025 16:15:16.204] [main/INFO] [STDERR/]: [optifine.OptiFineTransformer:getOptiFineResourcePatched:414]: 	at java.base/java.util.LinkedHashMap.forEach(LinkedHashMap.java:721)
[30Jul2025 16:15:16.204] [main/INFO] [STDERR/]: [optifine.OptiFineTransformer:getOptiFineResourcePatched:414]: 	at TRANSFORMER/minecraft@1.20.1/net.minecraft.core.registries.BuiltInRegistries.m_257453_(BuiltInRegistries.java:461)
[30Jul2025 16:15:16.204] [main/INFO] [STDERR/]: [optifine.OptiFineTransformer:getOptiFineResourcePatched:414]: 	at TRANSFORMER/minecraft@1.20.1/net.minecraft.core.registries.BuiltInRegistries.m_257498_(BuiltInRegistries.java:455)
[30Jul2025 16:15:16.204] [main/INFO] [STDERR/]: [optifine.OptiFineTransformer:getOptiFineResourcePatched:414]: 	at TRANSFORMER/minecraft@1.20.1/net.minecraft.server.Bootstrap.m_135870_(Bootstrap.java:55)
[30Jul2025 16:15:16.204] [main/INFO] [STDERR/]: [optifine.OptiFineTransformer:getOptiFineResourcePatched:414]: 	at TRANSFORMER/minecraft@1.20.1/net.minecraft.server.Main.main(Main.java:121)
[30Jul2025 16:15:16.204] [main/INFO] [STDERR/]: [optifine.OptiFineTransformer:getOptiFineResourcePatched:414]: 	at java.base/jdk.internal.reflect.NativeMethodAccessorImpl.invoke0(Native Method)
[30Jul2025 16:15:16.204] [main/INFO] [STDERR/]: [optifine.OptiFineTransformer:getOptiFineResourcePatched:414]: 	at java.base/jdk.internal.reflect.NativeMethodAccessorImpl.invoke(NativeMethodAccessorImpl.java:77)
[30Jul2025 16:15:16.205] [main/INFO] [STDERR/]: [optifine.OptiFineTransformer:getOptiFineResourcePatched:414]: 	at java.base/jdk.internal.reflect.DelegatingMethodAccessorImpl.invoke(DelegatingMethodAccessorImpl.java:43)
[30Jul2025 16:15:16.205] [main/INFO] [STDERR/]: [optifine.OptiFineTransformer:getOptiFineResourcePatched:414]: 	at java.base/java.lang.reflect.Method.invoke(Method.java:569)
[30Jul2025 16:15:16.205] [main/INFO] [STDERR/]: [optifine.OptiFineTransformer:getOptiFineResourcePatched:414]: 	at MC-BOOTSTRAP/fmlloader@1.20.1-47.3.7/net.minecraftforge.fml.loading.targets.CommonLaunchHandler.runTarget(CommonLaunchHandler.java:111)
[30Jul2025 16:15:16.205] [main/INFO] [STDERR/]: [optifine.OptiFineTransformer:getOptiFineResourcePatched:414]: 	at MC-BOOTSTRAP/fmlloader@1.20.1-47.3.7/net.minecraftforge.fml.loading.targets.CommonLaunchHandler.serverService(CommonLaunchHandler.java:103)
[30Jul2025 16:15:16.205] [main/INFO] [STDERR/]: [optifine.OptiFineTransformer:getOptiFineResourcePatched:414]: 	at MC-BOOTSTRAP/fmlloader@1.20.1-47.3.7/net.minecraftforge.fml.loading.targets.CommonServerLaunchHandler.lambda$makeService$0(CommonServerLaunchHandler.java:27)
[30Jul2025 16:15:16.205] [main/INFO] [STDERR/]: [optifine.OptiFineTransformer:getOptiFineResourcePatched:414]: 	at MC-BOOTSTRAP/cpw.mods.modlauncher@10.0.9/cpw.mods.modlauncher.LaunchServiceHandlerDecorator.launch(LaunchServiceHandlerDecorator.java:30)
[30Jul2025 16:15:16.205] [main/INFO] [STDERR/]: [optifine.OptiFineTransformer:getOptiFineResourcePatched:414]: 	at MC-BOOTSTRAP/cpw.mods.modlauncher@10.0.9/cpw.mods.modlauncher.LaunchServiceHandler.launch(LaunchServiceHandler.java:53)
[30Jul2025 16:15:16.205] [main/INFO] [STDERR/]: [optifine.OptiFineTransformer:getOptiFineResourcePatched:414]: 	at MC-BOOTSTRAP/cpw.mods.modlauncher@10.0.9/cpw.mods.modlauncher.LaunchServiceHandler.launch(LaunchServiceHandler.java:71)
[30Jul2025 16:15:16.206] [main/INFO] [STDERR/]: [optifine.OptiFineTransformer:getOptiFineResourcePatched:414]: 	at MC-BOOTSTRAP/cpw.mods.modlauncher@10.0.9/cpw.mods.modlauncher.Launcher.run(Launcher.java:108)
[30Jul2025 16:15:16.206] [main/INFO] [STDERR/]: [optifine.OptiFineTransformer:getOptiFineResourcePatched:414]: 	at MC-BOOTSTRAP/cpw.mods.modlauncher@10.0.9/cpw.mods.modlauncher.Launcher.main(Launcher.java:78)
[30Jul2025 16:15:16.206] [main/INFO] [STDERR/]: [optifine.OptiFineTransformer:getOptiFineResourcePatched:414]: 	at MC-BOOTSTRAP/cpw.mods.modlauncher@10.0.9/cpw.mods.modlauncher.BootstrapLaunchConsumer.accept(BootstrapLaunchConsumer.java:26)
[30Jul2025 16:15:16.206] [main/INFO] [STDERR/]: [optifine.OptiFineTransformer:getOptiFineResourcePatched:414]: 	at MC-BOOTSTRAP/cpw.mods.modlauncher@10.0.9/cpw.mods.modlauncher.BootstrapLaunchConsumer.accept(BootstrapLaunchConsumer.java:23)
[30Jul2025 16:15:16.206] [main/INFO] [STDERR/]: [optifine.OptiFineTransformer:getOptiFineResourcePatched:414]: 	at cpw.mods.bootstraplauncher@1.1.2/cpw.mods.bootstraplauncher.BootstrapLauncher.main(BootstrapLauncher.java:141)
[30Jul2025 16:15:16.939] [modloading-worker-0/INFO] [net.minecraftforge.common.ForgeMod/FORGEMOD]: Forge mod loading, version 47.3.7, for MC 1.20.1 with MCP 20230612.114412
[30Jul2025 16:15:16.940] [modloading-worker-0/INFO] [net.minecraftforge.common.MinecraftForge/FORGE]: MinecraftForge v47.3.7 Initialized
[30Jul2025 16:15:19.590] [modloading-worker-0/INFO] [xaero.minimap.XaeroMinimap/]: Loading Xaero's Minimap - Stage 1/2 (Server)
[30Jul2025 16:15:19.616] [main/INFO] [xaero.minimap.XaeroMinimap/]: Loading Xaero's Minimap - Stage 2/2 (Server)
[30Jul2025 16:15:19.798] [Forge Version Check/INFO] [net.minecraftforge.fml.VersionChecker/]: [sekclib] Starting version check at https://www.sekwah.com/modversions/sekclib.json
[30Jul2025 16:15:19.900] [modloading-worker-0/INFO] [STDERR/]: [optifine.OptiFineTransformer:getOptiFineResourcePatched:414]: java.io.IOException: Base resource not found: chy.class
[30Jul2025 16:15:19.901] [modloading-worker-0/INFO] [STDERR/]: [optifine.OptiFineTransformer:getOptiFineResourcePatched:414]: 	at LAYER SERVICE/optifine/optifine.Patcher.applyPatch(Patcher.java:146)
[30Jul2025 16:15:19.901] [modloading-worker-0/INFO] [STDERR/]: [optifine.OptiFineTransformer:getOptiFineResourcePatched:414]: 	at LAYER SERVICE/optifine/optifine.OptiFineTransformer.getOptiFineResourcePatched(OptiFineTransformer.java:396)
[30Jul2025 16:15:19.901] [modloading-worker-0/INFO] [STDERR/]: [optifine.OptiFineTransformer:getOptiFineResourcePatched:414]: 	at LAYER SERVICE/optifine/optifine.OptiFineTransformer.getOptiFineResourceStreamPatched(OptiFineTransformer.java:368)
[30Jul2025 16:15:19.901] [modloading-worker-0/INFO] [STDERR/]: [optifine.OptiFineTransformer:getOptiFineResourcePatched:414]: 	at LAYER SERVICE/optifine/optifine.OptiFineTransformer.getOptiFineResourceStream(OptiFineTransformer.java:291)
[30Jul2025 16:15:19.901] [modloading-worker-0/INFO] [STDERR/]: [optifine.OptiFineTransformer:getOptiFineResourcePatched:414]: 	at LAYER SERVICE/optifine/optifine.OptiFineTransformer.getOptiFineResource(OptiFineTransformer.java:260)
[30Jul2025 16:15:19.901] [modloading-worker-0/INFO] [STDERR/]: [optifine.OptiFineTransformer:getOptiFineResourcePatched:414]: 	at LAYER SERVICE/optifine/optifine.OptiFineTransformer.transform(OptiFineTransformer.java:171)
[30Jul2025 16:15:19.901] [modloading-worker-0/INFO] [STDERR/]: [optifine.OptiFineTransformer:getOptiFineResourcePatched:414]: 	at LAYER SERVICE/optifine/optifine.OptiFineTransformer.transform(OptiFineTransformer.java:1)
[30Jul2025 16:15:19.901] [modloading-worker-0/INFO] [STDERR/]: [optifine.OptiFineTransformer:getOptiFineResourcePatched:414]: 	at MC-BOOTSTRAP/cpw.mods.modlauncher@10.0.9/cpw.mods.modlauncher.TransformerHolder.transform(TransformerHolder.java:41)
[30Jul2025 16:15:19.902] [modloading-worker-0/INFO] [STDERR/]: [optifine.OptiFineTransformer:getOptiFineResourcePatched:414]: 	at MC-BOOTSTRAP/cpw.mods.modlauncher@10.0.9/cpw.mods.modlauncher.ClassTransformer.performVote(ClassTransformer.java:179)
[30Jul2025 16:15:19.902] [modloading-worker-0/INFO] [STDERR/]: [optifine.OptiFineTransformer:getOptiFineResourcePatched:414]: 	at MC-BOOTSTRAP/cpw.mods.modlauncher@10.0.9/cpw.mods.modlauncher.ClassTransformer.transform(ClassTransformer.java:98)
[30Jul2025 16:15:19.902] [modloading-worker-0/INFO] [STDERR/]: [optifine.OptiFineTransformer:getOptiFineResourcePatched:414]: 	at MC-BOOTSTRAP/cpw.mods.modlauncher@10.0.9/cpw.mods.modlauncher.TransformingClassLoader.maybeTransformClassBytes(TransformingClassLoader.java:50)
[30Jul2025 16:15:19.902] [modloading-worker-0/INFO] [STDERR/]: [optifine.OptiFineTransformer:getOptiFineResourcePatched:414]: 	at cpw.mods.securejarhandler/cpw.mods.cl.ModuleClassLoader.readerToClass(ModuleClassLoader.java:113)
[30Jul2025 16:15:19.902] [modloading-worker-0/INFO] [STDERR/]: [optifine.OptiFineTransformer:getOptiFineResourcePatched:414]: 	at cpw.mods.securejarhandler/cpw.mods.cl.ModuleClassLoader.lambda$findClass$15(ModuleClassLoader.java:219)
[30Jul2025 16:15:19.902] [modloading-worker-0/INFO] [STDERR/]: [optifine.OptiFineTransformer:getOptiFineResourcePatched:414]: 	at cpw.mods.securejarhandler/cpw.mods.cl.ModuleClassLoader.loadFromModule(ModuleClassLoader.java:229)
[30Jul2025 16:15:19.902] [modloading-worker-0/INFO] [STDERR/]: [optifine.OptiFineTransformer:getOptiFineResourcePatched:414]: 	at cpw.mods.securejarhandler/cpw.mods.cl.ModuleClassLoader.findClass(ModuleClassLoader.java:219)
[30Jul2025 16:15:19.903] [modloading-worker-0/INFO] [STDERR/]: [optifine.OptiFineTransformer:getOptiFineResourcePatched:414]: 	at cpw.mods.securejarhandler/cpw.mods.cl.ModuleClassLoader.loadClass(ModuleClassLoader.java:135)
[30Jul2025 16:15:19.903] [modloading-worker-0/INFO] [STDERR/]: [optifine.OptiFineTransformer:getOptiFineResourcePatched:414]: 	at java.base/java.lang.ClassLoader.loadClass(ClassLoader.java:525)
[30Jul2025 16:15:19.903] [modloading-worker-0/INFO] [STDERR/]: [optifine.OptiFineTransformer:getOptiFineResourcePatched:414]: 	at TRANSFORMER/parcool@3.4.1.0/com.alrex.parcool.common.potion.PotionRecipeRegistry.register(PotionRecipeRegistry.java:12)
[30Jul2025 16:15:19.903] [modloading-worker-0/INFO] [STDERR/]: [optifine.OptiFineTransformer:getOptiFineResourcePatched:414]: 	at TRANSFORMER/parcool@3.4.1.0/com.alrex.parcool.ParCool.loaded(ParCool.java:97)
[30Jul2025 16:15:19.903] [modloading-worker-0/INFO] [STDERR/]: [optifine.OptiFineTransformer:getOptiFineResourcePatched:414]: 	at MC-BOOTSTRAP/net.minecraftforge.eventbus/net.minecraftforge.eventbus.EventBus.doCastFilter(EventBus.java:260)
[30Jul2025 16:15:19.903] [modloading-worker-0/INFO] [STDERR/]: [optifine.OptiFineTransformer:getOptiFineResourcePatched:414]: 	at MC-BOOTSTRAP/net.minecraftforge.eventbus/net.minecraftforge.eventbus.EventBus.lambda$addListener$11(EventBus.java:252)
[30Jul2025 16:15:19.903] [modloading-worker-0/INFO] [STDERR/]: [optifine.OptiFineTransformer:getOptiFineResourcePatched:414]: 	at MC-BOOTSTRAP/net.minecraftforge.eventbus/net.minecraftforge.eventbus.EventBus.post(EventBus.java:315)
[30Jul2025 16:15:19.903] [modloading-worker-0/INFO] [STDERR/]: [optifine.OptiFineTransformer:getOptiFineResourcePatched:414]: 	at MC-BOOTSTRAP/net.minecraftforge.eventbus/net.minecraftforge.eventbus.EventBus.post(EventBus.java:296)
[30Jul2025 16:15:19.904] [modloading-worker-0/INFO] [STDERR/]: [optifine.OptiFineTransformer:getOptiFineResourcePatched:414]: 	at LAYER PLUGIN/javafmllanguage@1.20.1-47.3.7/net.minecraftforge.fml.javafmlmod.FMLModContainer.acceptEvent(FMLModContainer.java:114)
[30Jul2025 16:15:19.904] [modloading-worker-0/INFO] [STDERR/]: [optifine.OptiFineTransformer:getOptiFineResourcePatched:414]: 	at LAYER PLUGIN/fmlcore@1.20.1-47.3.7/net.minecraftforge.fml.ModContainer.lambda$buildTransitionHandler$4(ModContainer.java:125)
[30Jul2025 16:15:19.904] [modloading-worker-0/INFO] [STDERR/]: [optifine.OptiFineTransformer:getOptiFineResourcePatched:414]: 	at java.base/java.util.concurrent.CompletableFuture$AsyncRun.run(CompletableFuture.java:1804)
[30Jul2025 16:15:19.904] [modloading-worker-0/INFO] [STDERR/]: [optifine.OptiFineTransformer:getOptiFineResourcePatched:414]: 	at java.base/java.util.concurrent.CompletableFuture$AsyncRun.exec(CompletableFuture.java:1796)
[30Jul2025 16:15:19.904] [modloading-worker-0/INFO] [STDERR/]: [optifine.OptiFineTransformer:getOptiFineResourcePatched:414]: 	at java.base/java.util.concurrent.ForkJoinTask.doExec(ForkJoinTask.java:373)
[30Jul2025 16:15:19.904] [modloading-worker-0/INFO] [STDERR/]: [optifine.OptiFineTransformer:getOptiFineResourcePatched:414]: 	at java.base/java.util.concurrent.ForkJoinPool$WorkQueue.topLevelExec(ForkJoinPool.java:1182)
[30Jul2025 16:15:19.904] [modloading-worker-0/INFO] [STDERR/]: [optifine.OptiFineTransformer:getOptiFineResourcePatched:414]: 	at java.base/java.util.concurrent.ForkJoinPool.scan(ForkJoinPool.java:1655)
[30Jul2025 16:15:19.904] [modloading-worker-0/INFO] [STDERR/]: [optifine.OptiFineTransformer:getOptiFineResourcePatched:414]: 	at java.base/java.util.concurrent.ForkJoinPool.runWorker(ForkJoinPool.java:1622)
[30Jul2025 16:15:19.904] [modloading-worker-0/INFO] [STDERR/]: [optifine.OptiFineTransformer:getOptiFineResourcePatched:414]: 	at java.base/java.util.concurrent.ForkJoinWorkerThread.run(ForkJoinWorkerThread.java:165)
[30Jul2025 16:15:19.906] [modloading-worker-0/INFO] [STDERR/]: [optifine.OptiFineTransformer:getOptiFineResourcePatched:414]: java.io.IOException: Base resource not found: acq$b.class
[30Jul2025 16:15:19.907] [modloading-worker-0/INFO] [STDERR/]: [optifine.OptiFineTransformer:getOptiFineResourcePatched:414]: 	at LAYER SERVICE/optifine/optifine.Patcher.applyPatch(Patcher.java:146)
[30Jul2025 16:15:19.907] [modloading-worker-0/INFO] [STDERR/]: [optifine.OptiFineTransformer:getOptiFineResourcePatched:414]: 	at LAYER SERVICE/optifine/optifine.OptiFineTransformer.getOptiFineResourcePatched(OptiFineTransformer.java:396)
[30Jul2025 16:15:19.907] [modloading-worker-0/INFO] [STDERR/]: [optifine.OptiFineTransformer:getOptiFineResourcePatched:414]: 	at LAYER SERVICE/optifine/optifine.OptiFineTransformer.getOptiFineResourceStreamPatched(OptiFineTransformer.java:368)
[30Jul2025 16:15:19.907] [modloading-worker-0/INFO] [STDERR/]: [optifine.OptiFineTransformer:getOptiFineResourcePatched:414]: 	at LAYER SERVICE/optifine/optifine.OptiFineTransformer.getOptiFineResourceStream(OptiFineTransformer.java:291)
[30Jul2025 16:15:19.907] [modloading-worker-0/INFO] [STDERR/]: [optifine.OptiFineTransformer:getOptiFineResourcePatched:414]: 	at LAYER SERVICE/optifine/optifine.OptiFineTransformer.getOptiFineResource(OptiFineTransformer.java:260)
[30Jul2025 16:15:19.907] [modloading-worker-0/INFO] [STDERR/]: [optifine.OptiFineTransformer:getOptiFineResourcePatched:414]: 	at LAYER SERVICE/optifine/optifine.OptiFineTransformer.transform(OptiFineTransformer.java:171)
[30Jul2025 16:15:19.908] [modloading-worker-0/INFO] [STDERR/]: [optifine.OptiFineTransformer:getOptiFineResourcePatched:414]: 	at LAYER SERVICE/optifine/optifine.OptiFineTransformer.transform(OptiFineTransformer.java:1)
[30Jul2025 16:15:19.908] [modloading-worker-0/INFO] [STDERR/]: [optifine.OptiFineTransformer:getOptiFineResourcePatched:414]: 	at MC-BOOTSTRAP/cpw.mods.modlauncher@10.0.9/cpw.mods.modlauncher.TransformerHolder.transform(TransformerHolder.java:41)
[30Jul2025 16:15:19.908] [modloading-worker-0/INFO] [STDERR/]: [optifine.OptiFineTransformer:getOptiFineResourcePatched:414]: 	at MC-BOOTSTRAP/cpw.mods.modlauncher@10.0.9/cpw.mods.modlauncher.ClassTransformer.performVote(ClassTransformer.java:179)
[30Jul2025 16:15:19.908] [modloading-worker-0/INFO] [STDERR/]: [optifine.OptiFineTransformer:getOptiFineResourcePatched:414]: 	at MC-BOOTSTRAP/cpw.mods.modlauncher@10.0.9/cpw.mods.modlauncher.ClassTransformer.transform(ClassTransformer.java:98)
[30Jul2025 16:15:19.908] [modloading-worker-0/INFO] [STDERR/]: [optifine.OptiFineTransformer:getOptiFineResourcePatched:414]: 	at MC-BOOTSTRAP/cpw.mods.modlauncher@10.0.9/cpw.mods.modlauncher.TransformingClassLoader.maybeTransformClassBytes(TransformingClassLoader.java:50)
[30Jul2025 16:15:19.908] [modloading-worker-0/INFO] [STDERR/]: [optifine.OptiFineTransformer:getOptiFineResourcePatched:414]: 	at cpw.mods.securejarhandler/cpw.mods.cl.ModuleClassLoader.readerToClass(ModuleClassLoader.java:113)
[30Jul2025 16:15:19.909] [modloading-worker-0/INFO] [STDERR/]: [optifine.OptiFineTransformer:getOptiFineResourcePatched:414]: 	at cpw.mods.securejarhandler/cpw.mods.cl.ModuleClassLoader.lambda$findClass$15(ModuleClassLoader.java:219)
[30Jul2025 16:15:19.909] [modloading-worker-0/INFO] [STDERR/]: [optifine.OptiFineTransformer:getOptiFineResourcePatched:414]: 	at cpw.mods.securejarhandler/cpw.mods.cl.ModuleClassLoader.loadFromModule(ModuleClassLoader.java:229)
[30Jul2025 16:15:19.909] [modloading-worker-0/INFO] [STDERR/]: [optifine.OptiFineTransformer:getOptiFineResourcePatched:414]: 	at cpw.mods.securejarhandler/cpw.mods.cl.ModuleClassLoader.findClass(ModuleClassLoader.java:219)
[30Jul2025 16:15:19.909] [modloading-worker-0/INFO] [STDERR/]: [optifine.OptiFineTransformer:getOptiFineResourcePatched:414]: 	at cpw.mods.securejarhandler/cpw.mods.cl.ModuleClassLoader.loadClass(ModuleClassLoader.java:135)
[30Jul2025 16:15:19.910] [modloading-worker-0/INFO] [STDERR/]: [optifine.OptiFineTransformer:getOptiFineResourcePatched:414]: 	at java.base/java.lang.ClassLoader.loadClass(ClassLoader.java:525)
[30Jul2025 16:15:19.910] [modloading-worker-0/INFO] [STDERR/]: [optifine.OptiFineTransformer:getOptiFineResourcePatched:414]: 	at TRANSFORMER/jade@11.13.1+forge/snownee.jade.util.JsonConfig.<clinit>(JsonConfig.java:29)
[30Jul2025 16:15:19.911] [modloading-worker-0/INFO] [STDERR/]: [optifine.OptiFineTransformer:getOptiFineResourcePatched:414]: 	at TRANSFORMER/jade@11.13.1+forge/snownee.jade.Jade.<clinit>(Jade.java:23)
[30Jul2025 16:15:19.911] [modloading-worker-0/INFO] [STDERR/]: [optifine.OptiFineTransformer:getOptiFineResourcePatched:414]: 	at TRANSFORMER/jade@11.13.1+forge/snownee.jade.util.CommonProxy.loadComplete(CommonProxy.java:225)
[30Jul2025 16:15:19.911] [modloading-worker-0/INFO] [STDERR/]: [optifine.OptiFineTransformer:getOptiFineResourcePatched:414]: 	at MC-BOOTSTRAP/net.minecraftforge.eventbus/net.minecraftforge.eventbus.EventBus.doCastFilter(EventBus.java:260)
[30Jul2025 16:15:19.911] [modloading-worker-0/INFO] [STDERR/]: [optifine.OptiFineTransformer:getOptiFineResourcePatched:414]: 	at MC-BOOTSTRAP/net.minecraftforge.eventbus/net.minecraftforge.eventbus.EventBus.lambda$addListener$11(EventBus.java:252)
[30Jul2025 16:15:19.911] [modloading-worker-0/INFO] [STDERR/]: [optifine.OptiFineTransformer:getOptiFineResourcePatched:414]: 	at MC-BOOTSTRAP/net.minecraftforge.eventbus/net.minecraftforge.eventbus.EventBus.post(EventBus.java:315)
[30Jul2025 16:15:19.911] [modloading-worker-0/INFO] [STDERR/]: [optifine.OptiFineTransformer:getOptiFineResourcePatched:414]: 	at MC-BOOTSTRAP/net.minecraftforge.eventbus/net.minecraftforge.eventbus.EventBus.post(EventBus.java:296)
[30Jul2025 16:15:19.911] [modloading-worker-0/INFO] [STDERR/]: [optifine.OptiFineTransformer:getOptiFineResourcePatched:414]: 	at LAYER PLUGIN/javafmllanguage@1.20.1-47.3.7/net.minecraftforge.fml.javafmlmod.FMLModContainer.acceptEvent(FMLModContainer.java:114)
[30Jul2025 16:15:19.911] [modloading-worker-0/INFO] [STDERR/]: [optifine.OptiFineTransformer:getOptiFineResourcePatched:414]: 	at LAYER PLUGIN/fmlcore@1.20.1-47.3.7/net.minecraftforge.fml.ModContainer.lambda$buildTransitionHandler$4(ModContainer.java:125)
[30Jul2025 16:15:19.911] [modloading-worker-0/INFO] [STDERR/]: [optifine.OptiFineTransformer:getOptiFineResourcePatched:414]: 	at java.base/java.util.concurrent.CompletableFuture$AsyncRun.run(CompletableFuture.java:1804)
[30Jul2025 16:15:19.912] [modloading-worker-0/INFO] [STDERR/]: [optifine.OptiFineTransformer:getOptiFineResourcePatched:414]: 	at java.base/java.util.concurrent.CompletableFuture$AsyncRun.exec(CompletableFuture.java:1796)
[30Jul2025 16:15:19.912] [modloading-worker-0/INFO] [STDERR/]: [optifine.OptiFineTransformer:getOptiFineResourcePatched:414]: 	at java.base/java.util.concurrent.ForkJoinTask.doExec(ForkJoinTask.java:373)
[30Jul2025 16:15:19.912] [modloading-worker-0/INFO] [STDERR/]: [optifine.OptiFineTransformer:getOptiFineResourcePatched:414]: 	at java.base/java.util.concurrent.ForkJoinPool$WorkQueue.topLevelExec(ForkJoinPool.java:1182)
[30Jul2025 16:15:19.912] [modloading-worker-0/INFO] [STDERR/]: [optifine.OptiFineTransformer:getOptiFineResourcePatched:414]: 	at java.base/java.util.concurrent.ForkJoinPool.scan(ForkJoinPool.java:1655)
[30Jul2025 16:15:19.912] [modloading-worker-0/INFO] [STDERR/]: [optifine.OptiFineTransformer:getOptiFineResourcePatched:414]: 	at java.base/java.util.concurrent.ForkJoinPool.runWorker(ForkJoinPool.java:1622)
[30Jul2025 16:15:19.912] [modloading-worker-0/INFO] [STDERR/]: [optifine.OptiFineTransformer:getOptiFineResourcePatched:414]: 	at java.base/java.util.concurrent.ForkJoinWorkerThread.run(ForkJoinWorkerThread.java:165)
[30Jul2025 16:15:19.940] [modloading-worker-0/INFO] [Jade/]: Start loading plugin at snownee.jade.addon.vanilla.VanillaPlugin
[30Jul2025 16:15:19.957] [modloading-worker-0/INFO] [Jade/]: Start loading plugin at snownee.jade.addon.universal.UniversalPlugin
[30Jul2025 16:15:19.960] [modloading-worker-0/INFO] [Jade/]: Start loading plugin at snownee.jade.addon.core.CorePlugin
[30Jul2025 16:15:20.026] [Forge Version Check/INFO] [net.minecraftforge.fml.VersionChecker/]: [sekclib] Found status: BETA Current: 1.0.2 Target: null
[30Jul2025 16:15:20.026] [Forge Version Check/INFO] [net.minecraftforge.fml.VersionChecker/]: [cameraoverhaul] Starting version check at https://github.com/Mirsario/Minecraft-CameraOverhaul/blob/dev/meta/ForgeUpdateCheck.json?raw=true
[30Jul2025 16:15:20.130] [Forge Version Check/INFO] [net.minecraftforge.fml.VersionChecker/]: [cameraoverhaul] Found status: UP_TO_DATE Current: 2.0.4-forge+mc.1.20.0-1.20.5 Target: null
[30Jul2025 16:15:20.130] [Forge Version Check/INFO] [net.minecraftforge.fml.VersionChecker/]: [forge] Starting version check at https://files.minecraftforge.net/net/minecraftforge/forge/promotions_slim.json
[30Jul2025 16:15:20.290] [Forge Version Check/INFO] [net.minecraftforge.fml.VersionChecker/]: [forge] Found status: OUTDATED Current: 47.3.7 Target: 47.4.0
[30Jul2025 16:15:20.291] [Forge Version Check/INFO] [net.minecraftforge.fml.VersionChecker/]: [reskin] Starting version check at https://www.sekwah.com/modversions/reskin.json
[30Jul2025 16:15:20.308] [Forge Version Check/INFO] [net.minecraftforge.fml.VersionChecker/]: [reskin] Found status: BETA Current: 3.0.2 Target: null
[30Jul2025 16:15:20.539] [main/INFO] [com.mojang.authlib.yggdrasil.YggdrasilAuthenticationService/]: Environment: authHost='https://authserver.mojang.com', accountsHost='https://api.mojang.com', sessionHost='https://sessionserver.mojang.com', servicesHost='https://api.minecraftservices.com', name='PROD'
[30Jul2025 16:15:20.637] [main/INFO] [ModernFix/]: Bypassed Mojang DFU
[30Jul2025 16:15:20.850] [main/INFO] [STDERR/]: [optifine.OptiFineTransformer:getOptiFineResourcePatched:414]: java.io.IOException: Base resource not found: ajo.class
[30Jul2025 16:15:20.850] [main/INFO] [STDERR/]: [optifine.OptiFineTransformer:getOptiFineResourcePatched:414]: 	at LAYER SERVICE/optifine/optifine.Patcher.applyPatch(Patcher.java:146)
[30Jul2025 16:15:20.851] [main/INFO] [STDERR/]: [optifine.OptiFineTransformer:getOptiFineResourcePatched:414]: 	at LAYER SERVICE/optifine/optifine.OptiFineTransformer.getOptiFineResourcePatched(OptiFineTransformer.java:396)
[30Jul2025 16:15:20.851] [main/INFO] [STDERR/]: [optifine.OptiFineTransformer:getOptiFineResourcePatched:414]: 	at LAYER SERVICE/optifine/optifine.OptiFineTransformer.getOptiFineResourceStreamPatched(OptiFineTransformer.java:368)
[30Jul2025 16:15:20.851] [main/INFO] [STDERR/]: [optifine.OptiFineTransformer:getOptiFineResourcePatched:414]: 	at LAYER SERVICE/optifine/optifine.OptiFineTransformer.getOptiFineResourceStream(OptiFineTransformer.java:291)
[30Jul2025 16:15:20.851] [main/INFO] [STDERR/]: [optifine.OptiFineTransformer:getOptiFineResourcePatched:414]: 	at LAYER SERVICE/optifine/optifine.OptiFineTransformer.getOptiFineResource(OptiFineTransformer.java:260)
[30Jul2025 16:15:20.852] [main/INFO] [STDERR/]: [optifine.OptiFineTransformer:getOptiFineResourcePatched:414]: 	at LAYER SERVICE/optifine/optifine.OptiFineTransformer.transform(OptiFineTransformer.java:171)
[30Jul2025 16:15:20.852] [main/INFO] [STDERR/]: [optifine.OptiFineTransformer:getOptiFineResourcePatched:414]: 	at LAYER SERVICE/optifine/optifine.OptiFineTransformer.transform(OptiFineTransformer.java:1)
[30Jul2025 16:15:20.852] [main/INFO] [STDERR/]: [optifine.OptiFineTransformer:getOptiFineResourcePatched:414]: 	at MC-BOOTSTRAP/cpw.mods.modlauncher@10.0.9/cpw.mods.modlauncher.TransformerHolder.transform(TransformerHolder.java:41)
[30Jul2025 16:15:20.853] [main/INFO] [STDERR/]: [optifine.OptiFineTransformer:getOptiFineResourcePatched:414]: 	at MC-BOOTSTRAP/cpw.mods.modlauncher@10.0.9/cpw.mods.modlauncher.ClassTransformer.performVote(ClassTransformer.java:179)
[30Jul2025 16:15:20.853] [main/INFO] [STDERR/]: [optifine.OptiFineTransformer:getOptiFineResourcePatched:414]: 	at MC-BOOTSTRAP/cpw.mods.modlauncher@10.0.9/cpw.mods.modlauncher.ClassTransformer.transform(ClassTransformer.java:98)
[30Jul2025 16:15:20.853] [main/INFO] [STDERR/]: [optifine.OptiFineTransformer:getOptiFineResourcePatched:414]: 	at MC-BOOTSTRAP/cpw.mods.modlauncher@10.0.9/cpw.mods.modlauncher.TransformingClassLoader.maybeTransformClassBytes(TransformingClassLoader.java:50)
[30Jul2025 16:15:20.853] [main/INFO] [STDERR/]: [optifine.OptiFineTransformer:getOptiFineResourcePatched:414]: 	at cpw.mods.securejarhandler/cpw.mods.cl.ModuleClassLoader.readerToClass(ModuleClassLoader.java:113)
[30Jul2025 16:15:20.854] [main/INFO] [STDERR/]: [optifine.OptiFineTransformer:getOptiFineResourcePatched:414]: 	at cpw.mods.securejarhandler/cpw.mods.cl.ModuleClassLoader.lambda$findClass$15(ModuleClassLoader.java:219)
[30Jul2025 16:15:20.854] [main/INFO] [STDERR/]: [optifine.OptiFineTransformer:getOptiFineResourcePatched:414]: 	at cpw.mods.securejarhandler/cpw.mods.cl.ModuleClassLoader.loadFromModule(ModuleClassLoader.java:229)
[30Jul2025 16:15:20.854] [main/INFO] [STDERR/]: [optifine.OptiFineTransformer:getOptiFineResourcePatched:414]: 	at cpw.mods.securejarhandler/cpw.mods.cl.ModuleClassLoader.findClass(ModuleClassLoader.java:219)
[30Jul2025 16:15:20.854] [main/INFO] [STDERR/]: [optifine.OptiFineTransformer:getOptiFineResourcePatched:414]: 	at cpw.mods.securejarhandler/cpw.mods.cl.ModuleClassLoader.loadClass(ModuleClassLoader.java:135)
[30Jul2025 16:15:20.855] [main/INFO] [STDERR/]: [optifine.OptiFineTransformer:getOptiFineResourcePatched:414]: 	at java.base/java.lang.ClassLoader.loadClass(ClassLoader.java:525)
[30Jul2025 16:15:20.855] [main/INFO] [STDERR/]: [optifine.OptiFineTransformer:getOptiFineResourcePatched:414]: 	at TRANSFORMER/minecraft@1.20.1/net.minecraft.server.packs.VanillaPackResourcesBuilder.m_246520_(VanillaPackResourcesBuilder.java:55)
[30Jul2025 16:15:20.855] [main/INFO] [STDERR/]: [optifine.OptiFineTransformer:getOptiFineResourcePatched:414]: 	at TRANSFORMER/minecraft@1.20.1/net.minecraft.Util.m_137537_(Util.java:355)
[30Jul2025 16:15:20.856] [main/INFO] [STDERR/]: [optifine.OptiFineTransformer:getOptiFineResourcePatched:414]: 	at TRANSFORMER/minecraft@1.20.1/net.minecraft.server.packs.VanillaPackResourcesBuilder.<clinit>(VanillaPackResourcesBuilder.java:54)
[30Jul2025 16:15:20.856] [main/INFO] [STDERR/]: [optifine.OptiFineTransformer:getOptiFineResourcePatched:414]: 	at TRANSFORMER/minecraft@1.20.1/net.minecraft.server.packs.repository.ServerPacksSource.m_246173_(ServerPacksSource.java:31)
[30Jul2025 16:15:20.856] [main/INFO] [STDERR/]: [optifine.OptiFineTransformer:getOptiFineResourcePatched:414]: 	at TRANSFORMER/minecraft@1.20.1/net.minecraft.server.packs.repository.ServerPacksSource.<init>(ServerPacksSource.java:27)
[30Jul2025 16:15:20.856] [main/INFO] [STDERR/]: [optifine.OptiFineTransformer:getOptiFineResourcePatched:414]: 	at TRANSFORMER/minecraft@1.20.1/net.minecraft.server.packs.repository.ServerPacksSource.m_245786_(ServerPacksSource.java:51)
[30Jul2025 16:15:20.857] [main/INFO] [STDERR/]: [optifine.OptiFineTransformer:getOptiFineResourcePatched:414]: 	at TRANSFORMER/minecraft@1.20.1/net.minecraft.server.Main.main(Main.java:161)
[30Jul2025 16:15:20.857] [main/INFO] [STDERR/]: [optifine.OptiFineTransformer:getOptiFineResourcePatched:414]: 	at java.base/jdk.internal.reflect.NativeMethodAccessorImpl.invoke0(Native Method)
[30Jul2025 16:15:20.857] [main/INFO] [STDERR/]: [optifine.OptiFineTransformer:getOptiFineResourcePatched:414]: 	at java.base/jdk.internal.reflect.NativeMethodAccessorImpl.invoke(NativeMethodAccessorImpl.java:77)
[30Jul2025 16:15:20.857] [main/INFO] [STDERR/]: [optifine.OptiFineTransformer:getOptiFineResourcePatched:414]: 	at java.base/jdk.internal.reflect.DelegatingMethodAccessorImpl.invoke(DelegatingMethodAccessorImpl.java:43)
[30Jul2025 16:15:20.858] [main/INFO] [STDERR/]: [optifine.OptiFineTransformer:getOptiFineResourcePatched:414]: 	at java.base/java.lang.reflect.Method.invoke(Method.java:569)
[30Jul2025 16:15:20.858] [main/INFO] [STDERR/]: [optifine.OptiFineTransformer:getOptiFineResourcePatched:414]: 	at MC-BOOTSTRAP/fmlloader@1.20.1-47.3.7/net.minecraftforge.fml.loading.targets.CommonLaunchHandler.runTarget(CommonLaunchHandler.java:111)
[30Jul2025 16:15:20.858] [main/INFO] [STDERR/]: [optifine.OptiFineTransformer:getOptiFineResourcePatched:414]: 	at MC-BOOTSTRAP/fmlloader@1.20.1-47.3.7/net.minecraftforge.fml.loading.targets.CommonLaunchHandler.serverService(CommonLaunchHandler.java:103)
[30Jul2025 16:15:20.858] [main/INFO] [STDERR/]: [optifine.OptiFineTransformer:getOptiFineResourcePatched:414]: 	at MC-BOOTSTRAP/fmlloader@1.20.1-47.3.7/net.minecraftforge.fml.loading.targets.CommonServerLaunchHandler.lambda$makeService$0(CommonServerLaunchHandler.java:27)
[30Jul2025 16:15:20.858] [main/INFO] [STDERR/]: [optifine.OptiFineTransformer:getOptiFineResourcePatched:414]: 	at MC-BOOTSTRAP/cpw.mods.modlauncher@10.0.9/cpw.mods.modlauncher.LaunchServiceHandlerDecorator.launch(LaunchServiceHandlerDecorator.java:30)
[30Jul2025 16:15:20.859] [main/INFO] [STDERR/]: [optifine.OptiFineTransformer:getOptiFineResourcePatched:414]: 	at MC-BOOTSTRAP/cpw.mods.modlauncher@10.0.9/cpw.mods.modlauncher.LaunchServiceHandler.launch(LaunchServiceHandler.java:53)
[30Jul2025 16:15:20.859] [main/INFO] [STDERR/]: [optifine.OptiFineTransformer:getOptiFineResourcePatched:414]: 	at MC-BOOTSTRAP/cpw.mods.modlauncher@10.0.9/cpw.mods.modlauncher.LaunchServiceHandler.launch(LaunchServiceHandler.java:71)
[30Jul2025 16:15:20.859] [main/INFO] [STDERR/]: [optifine.OptiFineTransformer:getOptiFineResourcePatched:414]: 	at MC-BOOTSTRAP/cpw.mods.modlauncher@10.0.9/cpw.mods.modlauncher.Launcher.run(Launcher.java:108)
[30Jul2025 16:15:20.859] [main/INFO] [STDERR/]: [optifine.OptiFineTransformer:getOptiFineResourcePatched:414]: 	at MC-BOOTSTRAP/cpw.mods.modlauncher@10.0.9/cpw.mods.modlauncher.Launcher.main(Launcher.java:78)
[30Jul2025 16:15:20.859] [main/INFO] [STDERR/]: [optifine.OptiFineTransformer:getOptiFineResourcePatched:414]: 	at MC-BOOTSTRAP/cpw.mods.modlauncher@10.0.9/cpw.mods.modlauncher.BootstrapLaunchConsumer.accept(BootstrapLaunchConsumer.java:26)
[30Jul2025 16:15:20.860] [main/INFO] [STDERR/]: [optifine.OptiFineTransformer:getOptiFineResourcePatched:414]: 	at MC-BOOTSTRAP/cpw.mods.modlauncher@10.0.9/cpw.mods.modlauncher.BootstrapLaunchConsumer.accept(BootstrapLaunchConsumer.java:23)
[30Jul2025 16:15:20.860] [main/INFO] [STDERR/]: [optifine.OptiFineTransformer:getOptiFineResourcePatched:414]: 	at cpw.mods.bootstraplauncher@1.1.2/cpw.mods.bootstraplauncher.BootstrapLauncher.main(BootstrapLauncher.java:141)
[30Jul2025 16:15:20.861] [main/WARN] [net.minecraft.server.packs.VanillaPackResourcesBuilder/]: Assets URL 'union:/workspaces/servermiedo/servidor_minecraft/libraries/net/minecraft/server/1.20.1-20230612.114412/server-1.20.1-20230612.114412-srg.jar%23129!/assets/.mcassetsroot' uses unexpected schema
[30Jul2025 16:15:20.861] [main/WARN] [net.minecraft.server.packs.VanillaPackResourcesBuilder/]: Assets URL 'union:/workspaces/servermiedo/servidor_minecraft/libraries/net/minecraft/server/1.20.1-20230612.114412/server-1.20.1-20230612.114412-srg.jar%23129!/data/.mcassetsroot' uses unexpected schema
[30Jul2025 16:15:20.906] [main/INFO] [STDERR/]: [optifine.OptiFineTransformer:getOptiFineResourcePatched:414]: java.io.IOException: Base resource not found: ajn.class
[30Jul2025 16:15:20.906] [main/INFO] [STDERR/]: [optifine.OptiFineTransformer:getOptiFineResourcePatched:414]: 	at LAYER SERVICE/optifine/optifine.Patcher.applyPatch(Patcher.java:146)
[30Jul2025 16:15:20.906] [main/INFO] [STDERR/]: [optifine.OptiFineTransformer:getOptiFineResourcePatched:414]: 	at LAYER SERVICE/optifine/optifine.OptiFineTransformer.getOptiFineResourcePatched(OptiFineTransformer.java:396)
[30Jul2025 16:15:20.906] [main/INFO] [STDERR/]: [optifine.OptiFineTransformer:getOptiFineResourcePatched:414]: 	at LAYER SERVICE/optifine/optifine.OptiFineTransformer.getOptiFineResourceStreamPatched(OptiFineTransformer.java:368)
[30Jul2025 16:15:20.906] [main/INFO] [STDERR/]: [optifine.OptiFineTransformer:getOptiFineResourcePatched:414]: 	at LAYER SERVICE/optifine/optifine.OptiFineTransformer.getOptiFineResourceStream(OptiFineTransformer.java:291)
[30Jul2025 16:15:20.906] [main/INFO] [STDERR/]: [optifine.OptiFineTransformer:getOptiFineResourcePatched:414]: 	at LAYER SERVICE/optifine/optifine.OptiFineTransformer.getOptiFineResource(OptiFineTransformer.java:260)
[30Jul2025 16:15:20.907] [main/INFO] [STDERR/]: [optifine.OptiFineTransformer:getOptiFineResourcePatched:414]: 	at LAYER SERVICE/optifine/optifine.OptiFineTransformer.transform(OptiFineTransformer.java:171)
[30Jul2025 16:15:20.907] [main/INFO] [STDERR/]: [optifine.OptiFineTransformer:getOptiFineResourcePatched:414]: 	at LAYER SERVICE/optifine/optifine.OptiFineTransformer.transform(OptiFineTransformer.java:1)
[30Jul2025 16:15:20.907] [main/INFO] [STDERR/]: [optifine.OptiFineTransformer:getOptiFineResourcePatched:414]: 	at MC-BOOTSTRAP/cpw.mods.modlauncher@10.0.9/cpw.mods.modlauncher.TransformerHolder.transform(TransformerHolder.java:41)
[30Jul2025 16:15:20.907] [main/INFO] [STDERR/]: [optifine.OptiFineTransformer:getOptiFineResourcePatched:414]: 	at MC-BOOTSTRAP/cpw.mods.modlauncher@10.0.9/cpw.mods.modlauncher.ClassTransformer.performVote(ClassTransformer.java:179)
[30Jul2025 16:15:20.907] [main/INFO] [STDERR/]: [optifine.OptiFineTransformer:getOptiFineResourcePatched:414]: 	at MC-BOOTSTRAP/cpw.mods.modlauncher@10.0.9/cpw.mods.modlauncher.ClassTransformer.transform(ClassTransformer.java:98)
[30Jul2025 16:15:20.907] [main/INFO] [STDERR/]: [optifine.OptiFineTransformer:getOptiFineResourcePatched:414]: 	at MC-BOOTSTRAP/cpw.mods.modlauncher@10.0.9/cpw.mods.modlauncher.TransformingClassLoader.maybeTransformClassBytes(TransformingClassLoader.java:50)
[30Jul2025 16:15:20.907] [main/INFO] [STDERR/]: [optifine.OptiFineTransformer:getOptiFineResourcePatched:414]: 	at cpw.mods.securejarhandler/cpw.mods.cl.ModuleClassLoader.readerToClass(ModuleClassLoader.java:113)
[30Jul2025 16:15:20.907] [main/INFO] [STDERR/]: [optifine.OptiFineTransformer:getOptiFineResourcePatched:414]: 	at cpw.mods.securejarhandler/cpw.mods.cl.ModuleClassLoader.lambda$findClass$15(ModuleClassLoader.java:219)
[30Jul2025 16:15:20.908] [main/INFO] [STDERR/]: [optifine.OptiFineTransformer:getOptiFineResourcePatched:414]: 	at cpw.mods.securejarhandler/cpw.mods.cl.ModuleClassLoader.loadFromModule(ModuleClassLoader.java:229)
[30Jul2025 16:15:20.908] [main/INFO] [STDERR/]: [optifine.OptiFineTransformer:getOptiFineResourcePatched:414]: 	at cpw.mods.securejarhandler/cpw.mods.cl.ModuleClassLoader.findClass(ModuleClassLoader.java:219)
[30Jul2025 16:15:20.908] [main/INFO] [STDERR/]: [optifine.OptiFineTransformer:getOptiFineResourcePatched:414]: 	at cpw.mods.securejarhandler/cpw.mods.cl.ModuleClassLoader.loadClass(ModuleClassLoader.java:135)
[30Jul2025 16:15:20.908] [main/INFO] [STDERR/]: [optifine.OptiFineTransformer:getOptiFineResourcePatched:414]: 	at java.base/java.lang.ClassLoader.loadClass(ClassLoader.java:525)
[30Jul2025 16:15:20.908] [main/INFO] [STDERR/]: [optifine.OptiFineTransformer:getOptiFineResourcePatched:414]: 	at TRANSFORMER/minecraft@1.20.1/net.minecraft.server.packs.repository.FolderRepositorySource.m_254800_(FolderRepositorySource.java:84)
[30Jul2025 16:15:20.908] [main/INFO] [STDERR/]: [optifine.OptiFineTransformer:getOptiFineResourcePatched:414]: 	at TRANSFORMER/minecraft@1.20.1/net.minecraft.server.packs.repository.Pack.m_246334_(Pack.java:59)
[30Jul2025 16:15:20.909] [main/INFO] [STDERR/]: [optifine.OptiFineTransformer:getOptiFineResourcePatched:414]: 	at TRANSFORMER/minecraft@1.20.1/net.minecraft.server.packs.repository.Pack.m_245429_(Pack.java:35)
[30Jul2025 16:15:20.909] [main/INFO] [STDERR/]: [optifine.OptiFineTransformer:getOptiFineResourcePatched:414]: 	at TRANSFORMER/minecraft@1.20.1/net.minecraft.server.packs.repository.ServerPacksSource.m_246091_(ServerPacksSource.java:47)
[30Jul2025 16:15:20.909] [main/INFO] [STDERR/]: [optifine.OptiFineTransformer:getOptiFineResourcePatched:414]: 	at TRANSFORMER/minecraft@1.20.1/net.minecraft.server.packs.repository.BuiltInPackSource.m_247024_(BuiltInPackSource.java:76)
[30Jul2025 16:15:20.909] [main/INFO] [STDERR/]: [optifine.OptiFineTransformer:getOptiFineResourcePatched:414]: 	at TRANSFORMER/minecraft@1.20.1/net.minecraft.server.packs.repository.BuiltInPackSource.m_246863_(BuiltInPackSource.java:61)
[30Jul2025 16:15:20.909] [main/INFO] [STDERR/]: [optifine.OptiFineTransformer:getOptiFineResourcePatched:414]: 	at java.base/java.util.HashMap.forEach(HashMap.java:1421)
[30Jul2025 16:15:20.909] [main/INFO] [STDERR/]: [optifine.OptiFineTransformer:getOptiFineResourcePatched:414]: 	at TRANSFORMER/minecraft@1.20.1/net.minecraft.server.packs.repository.BuiltInPackSource.m_245188_(BuiltInPackSource.java:60)
[30Jul2025 16:15:20.909] [main/INFO] [STDERR/]: [optifine.OptiFineTransformer:getOptiFineResourcePatched:414]: 	at TRANSFORMER/minecraft@1.20.1/net.minecraft.server.packs.repository.BuiltInPackSource.m_7686_(BuiltInPackSource.java:43)
[30Jul2025 16:15:20.910] [main/INFO] [STDERR/]: [optifine.OptiFineTransformer:getOptiFineResourcePatched:414]: 	at TRANSFORMER/minecraft@1.20.1/net.minecraft.server.packs.repository.PackRepository.m_10526_(PackRepository.java:39)
[30Jul2025 16:15:20.910] [main/INFO] [STDERR/]: [optifine.OptiFineTransformer:getOptiFineResourcePatched:414]: 	at TRANSFORMER/minecraft@1.20.1/net.minecraft.server.packs.repository.PackRepository.m_10506_(PackRepository.java:31)
[30Jul2025 16:15:20.910] [main/INFO] [STDERR/]: [optifine.OptiFineTransformer:getOptiFineResourcePatched:414]: 	at TRANSFORMER/minecraft@1.20.1/net.minecraft.server.MinecraftServer.m_246048_(MinecraftServer.java:1353)
[30Jul2025 16:15:20.910] [main/INFO] [STDERR/]: [optifine.OptiFineTransformer:getOptiFineResourcePatched:414]: 	at TRANSFORMER/minecraft@1.20.1/net.minecraft.server.WorldLoader$PackConfig.m_214399_(WorldLoader.java:74)
[30Jul2025 16:15:20.910] [main/INFO] [STDERR/]: [optifine.OptiFineTransformer:getOptiFineResourcePatched:414]: 	at TRANSFORMER/minecraft@1.20.1/net.minecraft.server.WorldLoader.m_214362_(WorldLoader.java:28)
[30Jul2025 16:15:20.910] [main/INFO] [STDERR/]: [optifine.OptiFineTransformer:getOptiFineResourcePatched:414]: 	at TRANSFORMER/minecraft@1.20.1/net.minecraft.server.Main.lambda$main$2(Main.java:167)
[30Jul2025 16:15:20.910] [main/INFO] [STDERR/]: [optifine.OptiFineTransformer:getOptiFineResourcePatched:414]: 	at TRANSFORMER/minecraft@1.20.1/net.minecraft.Util.m_214652_(Util.java:777)
[30Jul2025 16:15:20.911] [main/INFO] [STDERR/]: [optifine.OptiFineTransformer:getOptiFineResourcePatched:414]: 	at TRANSFORMER/minecraft@1.20.1/net.minecraft.Util.m_214679_(Util.java:772)
[30Jul2025 16:15:20.911] [main/INFO] [STDERR/]: [optifine.OptiFineTransformer:getOptiFineResourcePatched:414]: 	at TRANSFORMER/minecraft@1.20.1/net.minecraft.server.Main.main(Main.java:166)
[30Jul2025 16:15:20.911] [main/INFO] [STDERR/]: [optifine.OptiFineTransformer:getOptiFineResourcePatched:414]: 	at java.base/jdk.internal.reflect.NativeMethodAccessorImpl.invoke0(Native Method)
[30Jul2025 16:15:20.911] [main/INFO] [STDERR/]: [optifine.OptiFineTransformer:getOptiFineResourcePatched:414]: 	at java.base/jdk.internal.reflect.NativeMethodAccessorImpl.invoke(NativeMethodAccessorImpl.java:77)
[30Jul2025 16:15:20.911] [main/INFO] [STDERR/]: [optifine.OptiFineTransformer:getOptiFineResourcePatched:414]: 	at java.base/jdk.internal.reflect.DelegatingMethodAccessorImpl.invoke(DelegatingMethodAccessorImpl.java:43)
[30Jul2025 16:15:20.911] [main/INFO] [STDERR/]: [optifine.OptiFineTransformer:getOptiFineResourcePatched:414]: 	at java.base/java.lang.reflect.Method.invoke(Method.java:569)
[30Jul2025 16:15:20.912] [main/INFO] [STDERR/]: [optifine.OptiFineTransformer:getOptiFineResourcePatched:414]: 	at MC-BOOTSTRAP/fmlloader@1.20.1-47.3.7/net.minecraftforge.fml.loading.targets.CommonLaunchHandler.runTarget(CommonLaunchHandler.java:111)
[30Jul2025 16:15:20.912] [main/INFO] [STDERR/]: [optifine.OptiFineTransformer:getOptiFineResourcePatched:414]: 	at MC-BOOTSTRAP/fmlloader@1.20.1-47.3.7/net.minecraftforge.fml.loading.targets.CommonLaunchHandler.serverService(CommonLaunchHandler.java:103)
[30Jul2025 16:15:20.913] [main/INFO] [STDERR/]: [optifine.OptiFineTransformer:getOptiFineResourcePatched:414]: 	at MC-BOOTSTRAP/fmlloader@1.20.1-47.3.7/net.minecraftforge.fml.loading.targets.CommonServerLaunchHandler.lambda$makeService$0(CommonServerLaunchHandler.java:27)
[30Jul2025 16:15:20.913] [main/INFO] [STDERR/]: [optifine.OptiFineTransformer:getOptiFineResourcePatched:414]: 	at MC-BOOTSTRAP/cpw.mods.modlauncher@10.0.9/cpw.mods.modlauncher.LaunchServiceHandlerDecorator.launch(LaunchServiceHandlerDecorator.java:30)
[30Jul2025 16:15:20.913] [main/INFO] [STDERR/]: [optifine.OptiFineTransformer:getOptiFineResourcePatched:414]: 	at MC-BOOTSTRAP/cpw.mods.modlauncher@10.0.9/cpw.mods.modlauncher.LaunchServiceHandler.launch(LaunchServiceHandler.java:53)
[30Jul2025 16:15:20.913] [main/INFO] [STDERR/]: [optifine.OptiFineTransformer:getOptiFineResourcePatched:414]: 	at MC-BOOTSTRAP/cpw.mods.modlauncher@10.0.9/cpw.mods.modlauncher.LaunchServiceHandler.launch(LaunchServiceHandler.java:71)
[30Jul2025 16:15:20.913] [main/INFO] [STDERR/]: [optifine.OptiFineTransformer:getOptiFineResourcePatched:414]: 	at MC-BOOTSTRAP/cpw.mods.modlauncher@10.0.9/cpw.mods.modlauncher.Launcher.run(Launcher.java:108)
[30Jul2025 16:15:20.914] [main/INFO] [STDERR/]: [optifine.OptiFineTransformer:getOptiFineResourcePatched:414]: 	at MC-BOOTSTRAP/cpw.mods.modlauncher@10.0.9/cpw.mods.modlauncher.Launcher.main(Launcher.java:78)
[30Jul2025 16:15:20.914] [main/INFO] [STDERR/]: [optifine.OptiFineTransformer:getOptiFineResourcePatched:414]: 	at MC-BOOTSTRAP/cpw.mods.modlauncher@10.0.9/cpw.mods.modlauncher.BootstrapLaunchConsumer.accept(BootstrapLaunchConsumer.java:26)
[30Jul2025 16:15:20.914] [main/INFO] [STDERR/]: [optifine.OptiFineTransformer:getOptiFineResourcePatched:414]: 	at MC-BOOTSTRAP/cpw.mods.modlauncher@10.0.9/cpw.mods.modlauncher.BootstrapLaunchConsumer.accept(BootstrapLaunchConsumer.java:23)
[30Jul2025 16:15:20.914] [main/INFO] [STDERR/]: [optifine.OptiFineTransformer:getOptiFineResourcePatched:414]: 	at cpw.mods.bootstraplauncher@1.1.2/cpw.mods.bootstraplauncher.BootstrapLauncher.main(BootstrapLauncher.java:141)
[30Jul2025 16:15:22.754] [Worker-Main-1/ERROR] [net.minecraftforge.common.ForgeHooks/]: Couldn't parse element loot_tables:parcool:grant_parcool_guide
com.google.gson.JsonSyntaxException: Expected name to be an item, was unknown string 'patchouli:guide_book'
	at net.minecraft.util.GsonHelper.m_13866_(GsonHelper.java:145) ~[server-1.20.1-20230612.114412-srg.jar%23129!/:?]
	at java.util.Optional.orElseThrow(Optional.java:403) ~[?:?]
	at net.minecraft.util.GsonHelper.m_13874_(GsonHelper.java:145) ~[server-1.20.1-20230612.114412-srg.jar%23129!/:?]
	at net.minecraft.util.GsonHelper.m_13909_(GsonHelper.java:153) ~[server-1.20.1-20230612.114412-srg.jar%23129!/:?]
	at net.minecraft.world.level.storage.loot.entries.LootItem$Serializer.m_7267_(LootItem.java:55) ~[server-1.20.1-20230612.114412-srg.jar%23129!/:?]
	at net.minecraft.world.level.storage.loot.entries.LootItem$Serializer.m_7267_(LootItem.java:40) ~[server-1.20.1-20230612.114412-srg.jar%23129!/:?]
	at net.minecraft.world.level.storage.loot.entries.LootPoolSingletonContainer$Serializer.m_5921_(LootPoolSingletonContainer.java:151) ~[server-1.20.1-20230612.114412-srg.jar%23129!/:?]
	at net.minecraft.world.level.storage.loot.entries.LootPoolSingletonContainer$Serializer.m_5921_(LootPoolSingletonContainer.java:129) ~[server-1.20.1-20230612.114412-srg.jar%23129!/:?]
	at net.minecraft.world.level.storage.loot.entries.LootPoolEntryContainer$Serializer.m_7561_(LootPoolEntryContainer.java:86) ~[server-1.20.1-20230612.114412-srg.jar%23129!/:?]
	at net.minecraft.world.level.storage.loot.entries.LootPoolEntryContainer$Serializer.m_7561_(LootPoolEntryContainer.java:74) ~[server-1.20.1-20230612.114412-srg.jar%23129!/:?]
	at net.minecraft.world.level.storage.loot.GsonAdapterFactory$JsonAdapter.deserialize(GsonAdapterFactory.java:102) ~[server-1.20.1-20230612.114412-srg.jar%23129!/:?]
	at com.google.gson.internal.bind.TreeTypeAdapter.read(TreeTypeAdapter.java:76) ~[gson-2.10.jar%2372!/:?]
	at com.google.gson.internal.bind.TypeAdapterRuntimeTypeWrapper.read(TypeAdapterRuntimeTypeWrapper.java:40) ~[gson-2.10.jar%2372!/:?]
	at com.google.gson.internal.bind.ArrayTypeAdapter.read(ArrayTypeAdapter.java:72) ~[gson-2.10.jar%2372!/:?]
	at com.google.gson.Gson.fromJson(Gson.java:1214) ~[gson-2.10.jar%2372!/:?]
	at com.google.gson.Gson.fromJson(Gson.java:1319) ~[gson-2.10.jar%2372!/:?]
	at com.google.gson.Gson.fromJson(Gson.java:1290) ~[gson-2.10.jar%2372!/:?]
	at com.google.gson.internal.bind.TreeTypeAdapter$GsonContextImpl.deserialize(TreeTypeAdapter.java:179) ~[gson-2.10.jar%2372!/:?]
	at net.minecraft.util.GsonHelper.m_13808_(GsonHelper.java:463) ~[server-1.20.1-20230612.114412-srg.jar%23129!/:?]
	at net.minecraft.util.GsonHelper.m_13836_(GsonHelper.java:471) ~[server-1.20.1-20230612.114412-srg.jar%23129!/:?]
	at net.minecraft.world.level.storage.loot.LootPool$Serializer.deserialize(LootPool.java:192) ~[server-1.20.1-20230612.114412-srg.jar%23129!/:?]
	at net.minecraft.world.level.storage.loot.LootPool$Serializer.deserialize(LootPool.java:189) ~[server-1.20.1-20230612.114412-srg.jar%23129!/:?]
	at com.google.gson.internal.bind.TreeTypeAdapter.read(TreeTypeAdapter.java:76) ~[gson-2.10.jar%2372!/:?]
	at com.google.gson.internal.bind.TypeAdapterRuntimeTypeWrapper.read(TypeAdapterRuntimeTypeWrapper.java:40) ~[gson-2.10.jar%2372!/:?]
	at com.google.gson.internal.bind.ArrayTypeAdapter.read(ArrayTypeAdapter.java:72) ~[gson-2.10.jar%2372!/:?]
	at com.google.gson.Gson.fromJson(Gson.java:1214) ~[gson-2.10.jar%2372!/:?]
	at com.google.gson.Gson.fromJson(Gson.java:1319) ~[gson-2.10.jar%2372!/:?]
	at com.google.gson.Gson.fromJson(Gson.java:1290) ~[gson-2.10.jar%2372!/:?]
	at com.google.gson.internal.bind.TreeTypeAdapter$GsonContextImpl.deserialize(TreeTypeAdapter.java:179) ~[gson-2.10.jar%2372!/:?]
	at net.minecraft.util.GsonHelper.m_13808_(GsonHelper.java:463) ~[server-1.20.1-20230612.114412-srg.jar%23129!/:?]
	at net.minecraft.util.GsonHelper.m_13845_(GsonHelper.java:481) ~[server-1.20.1-20230612.114412-srg.jar%23129!/:?]
	at net.minecraft.world.level.storage.loot.LootTable$Serializer.deserialize(LootTable.java:294) ~[server-1.20.1-20230612.114412-srg.jar%23129!/:?]
	at net.minecraft.world.level.storage.loot.LootTable$Serializer.deserialize(LootTable.java:291) ~[server-1.20.1-20230612.114412-srg.jar%23129!/:?]
	at com.google.gson.internal.bind.TreeTypeAdapter.read(TreeTypeAdapter.java:76) ~[gson-2.10.jar%2372!/:?]
	at com.google.gson.Gson.fromJson(Gson.java:1214) ~[gson-2.10.jar%2372!/:?]
	at com.google.gson.Gson.fromJson(Gson.java:1319) ~[gson-2.10.jar%2372!/:?]
	at com.google.gson.Gson.fromJson(Gson.java:1261) ~[gson-2.10.jar%2372!/:?]
	at net.minecraftforge.common.ForgeHooks.loadLootTable(ForgeHooks.java:871) ~[forge-1.20.1-47.3.7-universal.jar%23134!/:?]
	at net.minecraftforge.common.ForgeHooks.lambda$getLootTableDeserializer$3(ForgeHooks.java:848) ~[forge-1.20.1-47.3.7-universal.jar%23134!/:?]
	at net.minecraft.world.level.storage.loot.LootDataType.deserialize(LootDataType.java:45) ~[server-1.20.1-20230612.114412-srg.jar%23129!/:?]
	at net.minecraft.world.level.storage.loot.LootDataManager.lambda$scheduleElementParse$4(LootDataManager.java:56) ~[server-1.20.1-20230612.114412-srg.jar%23129!/:?]
	at java.util.HashMap.forEach(HashMap.java:1421) ~[?:?]
	at net.minecraft.world.level.storage.loot.LootDataManager.m_278660_(LootDataManager.java:55) ~[server-1.20.1-20230612.114412-srg.jar%23129!/:?]
	at java.util.concurrent.CompletableFuture$AsyncRun.run(CompletableFuture.java:1804) ~[?:?]
	at java.util.concurrent.CompletableFuture$AsyncRun.exec(CompletableFuture.java:1796) ~[?:?]
	at java.util.concurrent.ForkJoinTask.doExec(ForkJoinTask.java:373) ~[?:?]
	at java.util.concurrent.ForkJoinPool$WorkQueue.topLevelExec(ForkJoinPool.java:1182) ~[?:?]
	at java.util.concurrent.ForkJoinPool.scan(ForkJoinPool.java:1655) ~[?:?]
	at java.util.concurrent.ForkJoinPool.runWorker(ForkJoinPool.java:1622) ~[?:?]
	at java.util.concurrent.ForkJoinWorkerThread.run(ForkJoinWorkerThread.java:165) ~[?:?]
[30Jul2025 16:15:22.764] [Worker-Main-1/ERROR] [net.minecraftforge.common.ForgeHooks/]: Couldn't parse element loot_tables:kimetsunoyaiba:entities/enmu_train
com.google.gson.JsonSyntaxException: Expected name to be an item, was unknown string 'kimetsunoyaiba:muzanblood'
	at net.minecraft.util.GsonHelper.m_13866_(GsonHelper.java:145) ~[server-1.20.1-20230612.114412-srg.jar%23129!/:?]
	at java.util.Optional.orElseThrow(Optional.java:403) ~[?:?]
	at net.minecraft.util.GsonHelper.m_13874_(GsonHelper.java:145) ~[server-1.20.1-20230612.114412-srg.jar%23129!/:?]
	at net.minecraft.util.GsonHelper.m_13909_(GsonHelper.java:153) ~[server-1.20.1-20230612.114412-srg.jar%23129!/:?]
	at net.minecraft.world.level.storage.loot.entries.LootItem$Serializer.m_7267_(LootItem.java:55) ~[server-1.20.1-20230612.114412-srg.jar%23129!/:?]
	at net.minecraft.world.level.storage.loot.entries.LootItem$Serializer.m_7267_(LootItem.java:40) ~[server-1.20.1-20230612.114412-srg.jar%23129!/:?]
	at net.minecraft.world.level.storage.loot.entries.LootPoolSingletonContainer$Serializer.m_5921_(LootPoolSingletonContainer.java:151) ~[server-1.20.1-20230612.114412-srg.jar%23129!/:?]
	at net.minecraft.world.level.storage.loot.entries.LootPoolSingletonContainer$Serializer.m_5921_(LootPoolSingletonContainer.java:129) ~[server-1.20.1-20230612.114412-srg.jar%23129!/:?]
	at net.minecraft.world.level.storage.loot.entries.LootPoolEntryContainer$Serializer.m_7561_(LootPoolEntryContainer.java:86) ~[server-1.20.1-20230612.114412-srg.jar%23129!/:?]
	at net.minecraft.world.level.storage.loot.entries.LootPoolEntryContainer$Serializer.m_7561_(LootPoolEntryContainer.java:74) ~[server-1.20.1-20230612.114412-srg.jar%23129!/:?]
	at net.minecraft.world.level.storage.loot.GsonAdapterFactory$JsonAdapter.deserialize(GsonAdapterFactory.java:102) ~[server-1.20.1-20230612.114412-srg.jar%23129!/:?]
	at com.google.gson.internal.bind.TreeTypeAdapter.read(TreeTypeAdapter.java:76) ~[gson-2.10.jar%2372!/:?]
	at com.google.gson.internal.bind.TypeAdapterRuntimeTypeWrapper.read(TypeAdapterRuntimeTypeWrapper.java:40) ~[gson-2.10.jar%2372!/:?]
	at com.google.gson.internal.bind.ArrayTypeAdapter.read(ArrayTypeAdapter.java:72) ~[gson-2.10.jar%2372!/:?]
	at com.google.gson.Gson.fromJson(Gson.java:1214) ~[gson-2.10.jar%2372!/:?]
	at com.google.gson.Gson.fromJson(Gson.java:1319) ~[gson-2.10.jar%2372!/:?]
	at com.google.gson.Gson.fromJson(Gson.java:1290) ~[gson-2.10.jar%2372!/:?]
	at com.google.gson.internal.bind.TreeTypeAdapter$GsonContextImpl.deserialize(TreeTypeAdapter.java:179) ~[gson-2.10.jar%2372!/:?]
	at net.minecraft.util.GsonHelper.m_13808_(GsonHelper.java:463) ~[server-1.20.1-20230612.114412-srg.jar%23129!/:?]
	at net.minecraft.util.GsonHelper.m_13836_(GsonHelper.java:471) ~[server-1.20.1-20230612.114412-srg.jar%23129!/:?]
	at net.minecraft.world.level.storage.loot.LootPool$Serializer.deserialize(LootPool.java:192) ~[server-1.20.1-20230612.114412-srg.jar%23129!/:?]
	at net.minecraft.world.level.storage.loot.LootPool$Serializer.deserialize(LootPool.java:189) ~[server-1.20.1-20230612.114412-srg.jar%23129!/:?]
	at com.google.gson.internal.bind.TreeTypeAdapter.read(TreeTypeAdapter.java:76) ~[gson-2.10.jar%2372!/:?]
	at com.google.gson.internal.bind.TypeAdapterRuntimeTypeWrapper.read(TypeAdapterRuntimeTypeWrapper.java:40) ~[gson-2.10.jar%2372!/:?]
	at com.google.gson.internal.bind.ArrayTypeAdapter.read(ArrayTypeAdapter.java:72) ~[gson-2.10.jar%2372!/:?]
	at com.google.gson.Gson.fromJson(Gson.java:1214) ~[gson-2.10.jar%2372!/:?]
	at com.google.gson.Gson.fromJson(Gson.java:1319) ~[gson-2.10.jar%2372!/:?]
	at com.google.gson.Gson.fromJson(Gson.java:1290) ~[gson-2.10.jar%2372!/:?]
	at com.google.gson.internal.bind.TreeTypeAdapter$GsonContextImpl.deserialize(TreeTypeAdapter.java:179) ~[gson-2.10.jar%2372!/:?]
	at net.minecraft.util.GsonHelper.m_13808_(GsonHelper.java:463) ~[server-1.20.1-20230612.114412-srg.jar%23129!/:?]
	at net.minecraft.util.GsonHelper.m_13845_(GsonHelper.java:481) ~[server-1.20.1-20230612.114412-srg.jar%23129!/:?]
	at net.minecraft.world.level.storage.loot.LootTable$Serializer.deserialize(LootTable.java:294) ~[server-1.20.1-20230612.114412-srg.jar%23129!/:?]
	at net.minecraft.world.level.storage.loot.LootTable$Serializer.deserialize(LootTable.java:291) ~[server-1.20.1-20230612.114412-srg.jar%23129!/:?]
	at com.google.gson.internal.bind.TreeTypeAdapter.read(TreeTypeAdapter.java:76) ~[gson-2.10.jar%2372!/:?]
	at com.google.gson.Gson.fromJson(Gson.java:1214) ~[gson-2.10.jar%2372!/:?]
	at com.google.gson.Gson.fromJson(Gson.java:1319) ~[gson-2.10.jar%2372!/:?]
	at com.google.gson.Gson.fromJson(Gson.java:1261) ~[gson-2.10.jar%2372!/:?]
	at net.minecraftforge.common.ForgeHooks.loadLootTable(ForgeHooks.java:871) ~[forge-1.20.1-47.3.7-universal.jar%23134!/:?]
	at net.minecraftforge.common.ForgeHooks.lambda$getLootTableDeserializer$3(ForgeHooks.java:848) ~[forge-1.20.1-47.3.7-universal.jar%23134!/:?]
	at net.minecraft.world.level.storage.loot.LootDataType.deserialize(LootDataType.java:45) ~[server-1.20.1-20230612.114412-srg.jar%23129!/:?]
	at net.minecraft.world.level.storage.loot.LootDataManager.lambda$scheduleElementParse$4(LootDataManager.java:56) ~[server-1.20.1-20230612.114412-srg.jar%23129!/:?]
	at java.util.HashMap.forEach(HashMap.java:1421) ~[?:?]
	at net.minecraft.world.level.storage.loot.LootDataManager.m_278660_(LootDataManager.java:55) ~[server-1.20.1-20230612.114412-srg.jar%23129!/:?]
	at java.util.concurrent.CompletableFuture$AsyncRun.run(CompletableFuture.java:1804) ~[?:?]
	at java.util.concurrent.CompletableFuture$AsyncRun.exec(CompletableFuture.java:1796) ~[?:?]
	at java.util.concurrent.ForkJoinTask.doExec(ForkJoinTask.java:373) ~[?:?]
	at java.util.concurrent.ForkJoinPool$WorkQueue.topLevelExec(ForkJoinPool.java:1182) ~[?:?]
	at java.util.concurrent.ForkJoinPool.scan(ForkJoinPool.java:1655) ~[?:?]
	at java.util.concurrent.ForkJoinPool.runWorker(ForkJoinPool.java:1622) ~[?:?]
	at java.util.concurrent.ForkJoinWorkerThread.run(ForkJoinWorkerThread.java:165) ~[?:?]
[30Jul2025 16:15:22.800] [main/ERROR] [net.minecraft.world.item.crafting.RecipeManager/]: Parsing error loading recipe kimetsunoyaiba:recipe_lantern_12: com.google.gson.JsonSyntaxException: Unknown item 'kimetsunoyaiba:deleted_mod_element'
[30Jul2025 16:15:22.808] [main/INFO] [STDERR/]: [optifine.OptiFineTransformer:getOptiFineResourcePatched:414]: java.io.IOException: Base resource not found: acq$a.class
[30Jul2025 16:15:22.808] [main/INFO] [STDERR/]: [optifine.OptiFineTransformer:getOptiFineResourcePatched:414]: 	at LAYER SERVICE/optifine/optifine.Patcher.applyPatch(Patcher.java:146)
[30Jul2025 16:15:22.808] [main/INFO] [STDERR/]: [optifine.OptiFineTransformer:getOptiFineResourcePatched:414]: 	at LAYER SERVICE/optifine/optifine.OptiFineTransformer.getOptiFineResourcePatched(OptiFineTransformer.java:396)
[30Jul2025 16:15:22.808] [main/INFO] [STDERR/]: [optifine.OptiFineTransformer:getOptiFineResourcePatched:414]: 	at LAYER SERVICE/optifine/optifine.OptiFineTransformer.getOptiFineResourceStreamPatched(OptiFineTransformer.java:368)
[30Jul2025 16:15:22.808] [main/INFO] [STDERR/]: [optifine.OptiFineTransformer:getOptiFineResourcePatched:414]: 	at LAYER SERVICE/optifine/optifine.OptiFineTransformer.getOptiFineResourceStream(OptiFineTransformer.java:291)
[30Jul2025 16:15:22.808] [main/INFO] [STDERR/]: [optifine.OptiFineTransformer:getOptiFineResourcePatched:414]: 	at LAYER SERVICE/optifine/optifine.OptiFineTransformer.getOptiFineResource(OptiFineTransformer.java:260)
[30Jul2025 16:15:22.808] [main/INFO] [STDERR/]: [optifine.OptiFineTransformer:getOptiFineResourcePatched:414]: 	at LAYER SERVICE/optifine/optifine.OptiFineTransformer.transform(OptiFineTransformer.java:171)
[30Jul2025 16:15:22.809] [main/INFO] [STDERR/]: [optifine.OptiFineTransformer:getOptiFineResourcePatched:414]: 	at LAYER SERVICE/optifine/optifine.OptiFineTransformer.transform(OptiFineTransformer.java:1)
[30Jul2025 16:15:22.809] [main/INFO] [STDERR/]: [optifine.OptiFineTransformer:getOptiFineResourcePatched:414]: 	at MC-BOOTSTRAP/cpw.mods.modlauncher@10.0.9/cpw.mods.modlauncher.TransformerHolder.transform(TransformerHolder.java:41)
[30Jul2025 16:15:22.809] [main/INFO] [STDERR/]: [optifine.OptiFineTransformer:getOptiFineResourcePatched:414]: 	at MC-BOOTSTRAP/cpw.mods.modlauncher@10.0.9/cpw.mods.modlauncher.ClassTransformer.performVote(ClassTransformer.java:179)
[30Jul2025 16:15:22.809] [main/INFO] [STDERR/]: [optifine.OptiFineTransformer:getOptiFineResourcePatched:414]: 	at MC-BOOTSTRAP/cpw.mods.modlauncher@10.0.9/cpw.mods.modlauncher.ClassTransformer.transform(ClassTransformer.java:98)
[30Jul2025 16:15:22.809] [main/INFO] [STDERR/]: [optifine.OptiFineTransformer:getOptiFineResourcePatched:414]: 	at MC-BOOTSTRAP/cpw.mods.modlauncher@10.0.9/cpw.mods.modlauncher.TransformingClassLoader.maybeTransformClassBytes(TransformingClassLoader.java:50)
[30Jul2025 16:15:22.809] [main/INFO] [STDERR/]: [optifine.OptiFineTransformer:getOptiFineResourcePatched:414]: 	at cpw.mods.securejarhandler/cpw.mods.cl.ModuleClassLoader.readerToClass(ModuleClassLoader.java:113)
[30Jul2025 16:15:22.810] [main/INFO] [STDERR/]: [optifine.OptiFineTransformer:getOptiFineResourcePatched:414]: 	at cpw.mods.securejarhandler/cpw.mods.cl.ModuleClassLoader.lambda$findClass$15(ModuleClassLoader.java:219)
[30Jul2025 16:15:22.810] [main/INFO] [STDERR/]: [optifine.OptiFineTransformer:getOptiFineResourcePatched:414]: 	at cpw.mods.securejarhandler/cpw.mods.cl.ModuleClassLoader.loadFromModule(ModuleClassLoader.java:229)
[30Jul2025 16:15:22.810] [main/INFO] [STDERR/]: [optifine.OptiFineTransformer:getOptiFineResourcePatched:414]: 	at cpw.mods.securejarhandler/cpw.mods.cl.ModuleClassLoader.findClass(ModuleClassLoader.java:219)
[30Jul2025 16:15:22.810] [main/INFO] [STDERR/]: [optifine.OptiFineTransformer:getOptiFineResourcePatched:414]: 	at cpw.mods.securejarhandler/cpw.mods.cl.ModuleClassLoader.loadClass(ModuleClassLoader.java:135)
[30Jul2025 16:15:22.810] [main/INFO] [STDERR/]: [optifine.OptiFineTransformer:getOptiFineResourcePatched:414]: 	at java.base/java.lang.ClassLoader.loadClass(ClassLoader.java:525)
[30Jul2025 16:15:22.810] [main/INFO] [STDERR/]: [optifine.OptiFineTransformer:getOptiFineResourcePatched:414]: 	at TRANSFORMER/minecraft@1.20.1/net.minecraft.resources.ResourceLocation.<init>(ResourceLocation.java:32)
[30Jul2025 16:15:22.810] [main/INFO] [STDERR/]: [optifine.OptiFineTransformer:getOptiFineResourcePatched:414]: 	at TRANSFORMER/minecraft@1.20.1/net.minecraft.resources.ResourceLocation.<init>(ResourceLocation.java:38)
[30Jul2025 16:15:22.810] [main/INFO] [STDERR/]: [optifine.OptiFineTransformer:getOptiFineResourcePatched:414]: 	at TRANSFORMER/minecraft@1.20.1/net.minecraft.resources.ResourceLocation.<init>(ResourceLocation.java:42)
[30Jul2025 16:15:22.811] [main/INFO] [STDERR/]: [optifine.OptiFineTransformer:getOptiFineResourcePatched:414]: 	at TRANSFORMER/minecraft@1.20.1/net.minecraft.resources.ResourceLocation.<init>(ResourceLocation.java:46)
[30Jul2025 16:15:22.811] [main/INFO] [STDERR/]: [optifine.OptiFineTransformer:getOptiFineResourcePatched:414]: 	at TRANSFORMER/forge@47.3.7/net.minecraftforge.common.crafting.CraftingHelper.getIngredient(CraftingHelper.java:144)
[30Jul2025 16:15:22.811] [main/INFO] [STDERR/]: [optifine.OptiFineTransformer:getOptiFineResourcePatched:414]: 	at TRANSFORMER/forge@47.3.7/net.minecraftforge.common.crafting.CraftingHelper.lambda$getIngredient$0(CraftingHelper.java:109)
[30Jul2025 16:15:22.811] [main/INFO] [STDERR/]: [optifine.OptiFineTransformer:getOptiFineResourcePatched:414]: 	at java.base/java.lang.Iterable.forEach(Iterable.java:75)
[30Jul2025 16:15:22.811] [main/INFO] [STDERR/]: [optifine.OptiFineTransformer:getOptiFineResourcePatched:414]: 	at TRANSFORMER/forge@47.3.7/net.minecraftforge.common.crafting.CraftingHelper.getIngredient(CraftingHelper.java:107)
[30Jul2025 16:15:22.811] [main/INFO] [STDERR/]: [optifine.OptiFineTransformer:getOptiFineResourcePatched:414]: 	at TRANSFORMER/minecraft@1.20.1/net.minecraft.world.item.crafting.Ingredient.m_288218_(Ingredient.java:194)
[30Jul2025 16:15:22.811] [main/INFO] [STDERR/]: [optifine.OptiFineTransformer:getOptiFineResourcePatched:414]: 	at TRANSFORMER/minecraft@1.20.1/net.minecraft.world.item.crafting.ShapelessRecipe$Serializer.m_44275_(ShapelessRecipe.java:104)
[30Jul2025 16:15:22.811] [main/INFO] [STDERR/]: [optifine.OptiFineTransformer:getOptiFineResourcePatched:414]: 	at TRANSFORMER/minecraft@1.20.1/net.minecraft.world.item.crafting.ShapelessRecipe$Serializer.m_6729_(ShapelessRecipe.java:89)
[30Jul2025 16:15:22.811] [main/INFO] [STDERR/]: [optifine.OptiFineTransformer:getOptiFineResourcePatched:414]: 	at TRANSFORMER/minecraft@1.20.1/net.minecraft.world.item.crafting.ShapelessRecipe$Serializer.m_6729_(ShapelessRecipe.java:84)
[30Jul2025 16:15:22.812] [main/INFO] [STDERR/]: [optifine.OptiFineTransformer:getOptiFineResourcePatched:414]: 	at TRANSFORMER/forge@47.3.7/net.minecraftforge.common.extensions.IForgeRecipeSerializer.fromJson(IForgeRecipeSerializer.java:23)
[30Jul2025 16:15:22.812] [main/INFO] [STDERR/]: [optifine.OptiFineTransformer:getOptiFineResourcePatched:414]: 	at TRANSFORMER/minecraft@1.20.1/net.minecraft.world.item.crafting.RecipeManager.fromJson(RecipeManager.java:171)
[30Jul2025 16:15:22.812] [main/INFO] [STDERR/]: [optifine.OptiFineTransformer:getOptiFineResourcePatched:414]: 	at TRANSFORMER/minecraft@1.20.1/net.minecraft.world.item.crafting.RecipeManager.m_5787_(RecipeManager.java:67)
[30Jul2025 16:15:22.812] [main/INFO] [STDERR/]: [optifine.OptiFineTransformer:getOptiFineResourcePatched:414]: 	at TRANSFORMER/minecraft@1.20.1/net.minecraft.world.item.crafting.RecipeManager.m_5787_(RecipeManager.java:34)
[30Jul2025 16:15:22.812] [main/INFO] [STDERR/]: [optifine.OptiFineTransformer:getOptiFineResourcePatched:414]: 	at TRANSFORMER/minecraft@1.20.1/net.minecraft.server.packs.resources.SimplePreparableReloadListener.m_10789_(SimplePreparableReloadListener.java:13)
[30Jul2025 16:15:22.812] [main/INFO] [STDERR/]: [optifine.OptiFineTransformer:getOptiFineResourcePatched:414]: 	at java.base/java.util.concurrent.CompletableFuture$UniAccept.tryFire(CompletableFuture.java:718)
[30Jul2025 16:15:22.812] [main/INFO] [STDERR/]: [optifine.OptiFineTransformer:getOptiFineResourcePatched:414]: 	at java.base/java.util.concurrent.CompletableFuture$Completion.run(CompletableFuture.java:482)
[30Jul2025 16:15:22.812] [main/INFO] [STDERR/]: [optifine.OptiFineTransformer:getOptiFineResourcePatched:414]: 	at TRANSFORMER/minecraft@1.20.1/net.minecraft.server.packs.resources.SimpleReloadInstance.m_143940_(SimpleReloadInstance.java:69)
[30Jul2025 16:15:22.812] [main/INFO] [STDERR/]: [optifine.OptiFineTransformer:getOptiFineResourcePatched:414]: 	at TRANSFORMER/minecraft@1.20.1/net.minecraft.Util.m_214652_(Util.java:783)
[30Jul2025 16:15:22.813] [main/INFO] [STDERR/]: [optifine.OptiFineTransformer:getOptiFineResourcePatched:414]: 	at TRANSFORMER/minecraft@1.20.1/net.minecraft.Util.m_214679_(Util.java:772)
[30Jul2025 16:15:22.813] [main/INFO] [STDERR/]: [optifine.OptiFineTransformer:getOptiFineResourcePatched:414]: 	at TRANSFORMER/minecraft@1.20.1/net.minecraft.server.Main.main(Main.java:166)
[30Jul2025 16:15:22.813] [main/INFO] [STDERR/]: [optifine.OptiFineTransformer:getOptiFineResourcePatched:414]: 	at java.base/jdk.internal.reflect.NativeMethodAccessorImpl.invoke0(Native Method)
[30Jul2025 16:15:22.813] [main/INFO] [STDERR/]: [optifine.OptiFineTransformer:getOptiFineResourcePatched:414]: 	at java.base/jdk.internal.reflect.NativeMethodAccessorImpl.invoke(NativeMethodAccessorImpl.java:77)
[30Jul2025 16:15:22.813] [main/INFO] [STDERR/]: [optifine.OptiFineTransformer:getOptiFineResourcePatched:414]: 	at java.base/jdk.internal.reflect.DelegatingMethodAccessorImpl.invoke(DelegatingMethodAccessorImpl.java:43)
[30Jul2025 16:15:22.813] [main/INFO] [STDERR/]: [optifine.OptiFineTransformer:getOptiFineResourcePatched:414]: 	at java.base/java.lang.reflect.Method.invoke(Method.java:569)
[30Jul2025 16:15:22.813] [main/INFO] [STDERR/]: [optifine.OptiFineTransformer:getOptiFineResourcePatched:414]: 	at MC-BOOTSTRAP/fmlloader@1.20.1-47.3.7/net.minecraftforge.fml.loading.targets.CommonLaunchHandler.runTarget(CommonLaunchHandler.java:111)
[30Jul2025 16:15:22.813] [main/INFO] [STDERR/]: [optifine.OptiFineTransformer:getOptiFineResourcePatched:414]: 	at MC-BOOTSTRAP/fmlloader@1.20.1-47.3.7/net.minecraftforge.fml.loading.targets.CommonLaunchHandler.serverService(CommonLaunchHandler.java:103)
[30Jul2025 16:15:22.814] [main/INFO] [STDERR/]: [optifine.OptiFineTransformer:getOptiFineResourcePatched:414]: 	at MC-BOOTSTRAP/fmlloader@1.20.1-47.3.7/net.minecraftforge.fml.loading.targets.CommonServerLaunchHandler.lambda$makeService$0(CommonServerLaunchHandler.java:27)
[30Jul2025 16:15:22.814] [main/INFO] [STDERR/]: [optifine.OptiFineTransformer:getOptiFineResourcePatched:414]: 	at MC-BOOTSTRAP/cpw.mods.modlauncher@10.0.9/cpw.mods.modlauncher.LaunchServiceHandlerDecorator.launch(LaunchServiceHandlerDecorator.java:30)
[30Jul2025 16:15:22.814] [main/INFO] [STDERR/]: [optifine.OptiFineTransformer:getOptiFineResourcePatched:414]: 	at MC-BOOTSTRAP/cpw.mods.modlauncher@10.0.9/cpw.mods.modlauncher.LaunchServiceHandler.launch(LaunchServiceHandler.java:53)
[30Jul2025 16:15:22.814] [main/INFO] [STDERR/]: [optifine.OptiFineTransformer:getOptiFineResourcePatched:414]: 	at MC-BOOTSTRAP/cpw.mods.modlauncher@10.0.9/cpw.mods.modlauncher.LaunchServiceHandler.launch(LaunchServiceHandler.java:71)
[30Jul2025 16:15:22.814] [main/INFO] [STDERR/]: [optifine.OptiFineTransformer:getOptiFineResourcePatched:414]: 	at MC-BOOTSTRAP/cpw.mods.modlauncher@10.0.9/cpw.mods.modlauncher.Launcher.run(Launcher.java:108)
[30Jul2025 16:15:22.814] [main/INFO] [STDERR/]: [optifine.OptiFineTransformer:getOptiFineResourcePatched:414]: 	at MC-BOOTSTRAP/cpw.mods.modlauncher@10.0.9/cpw.mods.modlauncher.Launcher.main(Launcher.java:78)
[30Jul2025 16:15:22.814] [main/INFO] [STDERR/]: [optifine.OptiFineTransformer:getOptiFineResourcePatched:414]: 	at MC-BOOTSTRAP/cpw.mods.modlauncher@10.0.9/cpw.mods.modlauncher.BootstrapLaunchConsumer.accept(BootstrapLaunchConsumer.java:26)
[30Jul2025 16:15:22.815] [main/INFO] [STDERR/]: [optifine.OptiFineTransformer:getOptiFineResourcePatched:414]: 	at MC-BOOTSTRAP/cpw.mods.modlauncher@10.0.9/cpw.mods.modlauncher.BootstrapLaunchConsumer.accept(BootstrapLaunchConsumer.java:23)
[30Jul2025 16:15:22.815] [main/INFO] [STDERR/]: [optifine.OptiFineTransformer:getOptiFineResourcePatched:414]: 	at cpw.mods.bootstraplauncher@1.1.2/cpw.mods.bootstraplauncher.BootstrapLauncher.main(BootstrapLauncher.java:141)
[30Jul2025 16:15:22.819] [main/ERROR] [net.minecraft.world.item.crafting.RecipeManager/]: Parsing error loading recipe kimetsunoyaiba:recipe_lantern_3: com.google.gson.JsonSyntaxException: Unknown item 'kimetsunoyaiba:deleted_mod_element'
[30Jul2025 16:15:22.820] [main/ERROR] [net.minecraft.world.item.crafting.RecipeManager/]: Parsing error loading recipe kimetsunoyaiba:recipe_lantern_2: com.google.gson.JsonSyntaxException: Unknown item 'kimetsunoyaiba:deleted_mod_element'
[30Jul2025 16:15:22.823] [main/ERROR] [net.minecraft.world.item.crafting.RecipeManager/]: Parsing error loading recipe kimetsunoyaiba:recipe_lantern_2red: com.google.gson.JsonSyntaxException: Unknown item 'kimetsunoyaiba:deleted_mod_element'
[30Jul2025 16:15:22.832] [main/ERROR] [net.minecraft.world.item.crafting.RecipeManager/]: Parsing error loading recipe kimetsunoyaiba:recipe_senpai: com.google.gson.JsonSyntaxException: Unknown item 'kimetsunoyaiba:dice_steak_head'
[30Jul2025 16:15:22.837] [main/ERROR] [net.minecraft.world.item.crafting.RecipeManager/]: Parsing error loading recipe parcool:parcool_guide: com.google.gson.JsonSyntaxException: Unknown item 'patchouli:guide_book'
[30Jul2025 16:15:22.841] [main/ERROR] [net.minecraft.world.item.crafting.RecipeManager/]: Parsing error loading recipe kimetsunoyaiba:recipe_lantern: com.google.gson.JsonSyntaxException: Unknown item 'kimetsunoyaiba:deleted_mod_element'
[30Jul2025 16:15:22.843] [main/INFO] [net.minecraft.world.item.crafting.RecipeManager/]: Loaded 7 recipes
[30Jul2025 16:15:22.965] [main/INFO] [net.minecraft.advancements.AdvancementList/]: Loaded 1362 advancements
[30Jul2025 16:15:23.004] [main/WARN] [ModernFix/]: Initial datapack load took 2.119 s
[30Jul2025 16:15:23.310] [main/INFO] [STDERR/]: [optifine.OptiFineTransformer:getOptiFineResourcePatched:414]: java.io.IOException: Base resource not found: ac$6.class
[30Jul2025 16:15:23.311] [main/INFO] [STDERR/]: [optifine.OptiFineTransformer:getOptiFineResourcePatched:414]: 	at LAYER SERVICE/optifine/optifine.Patcher.applyPatch(Patcher.java:146)
[30Jul2025 16:15:23.311] [main/INFO] [STDERR/]: [optifine.OptiFineTransformer:getOptiFineResourcePatched:414]: 	at LAYER SERVICE/optifine/optifine.OptiFineTransformer.getOptiFineResourcePatched(OptiFineTransformer.java:396)
[30Jul2025 16:15:23.311] [main/INFO] [STDERR/]: [optifine.OptiFineTransformer:getOptiFineResourcePatched:414]: 	at LAYER SERVICE/optifine/optifine.OptiFineTransformer.getOptiFineResourceStreamPatched(OptiFineTransformer.java:368)
[30Jul2025 16:15:23.311] [main/INFO] [STDERR/]: [optifine.OptiFineTransformer:getOptiFineResourcePatched:414]: 	at LAYER SERVICE/optifine/optifine.OptiFineTransformer.getOptiFineResourceStream(OptiFineTransformer.java:291)
[30Jul2025 16:15:23.311] [main/INFO] [STDERR/]: [optifine.OptiFineTransformer:getOptiFineResourcePatched:414]: 	at LAYER SERVICE/optifine/optifine.OptiFineTransformer.getOptiFineResource(OptiFineTransformer.java:260)
[30Jul2025 16:15:23.311] [main/INFO] [STDERR/]: [optifine.OptiFineTransformer:getOptiFineResourcePatched:414]: 	at LAYER SERVICE/optifine/optifine.OptiFineTransformer.transform(OptiFineTransformer.java:171)
[30Jul2025 16:15:23.312] [main/INFO] [STDERR/]: [optifine.OptiFineTransformer:getOptiFineResourcePatched:414]: 	at LAYER SERVICE/optifine/optifine.OptiFineTransformer.transform(OptiFineTransformer.java:1)
[30Jul2025 16:15:23.312] [main/INFO] [STDERR/]: [optifine.OptiFineTransformer:getOptiFineResourcePatched:414]: 	at MC-BOOTSTRAP/cpw.mods.modlauncher@10.0.9/cpw.mods.modlauncher.TransformerHolder.transform(TransformerHolder.java:41)
[30Jul2025 16:15:23.312] [main/INFO] [STDERR/]: [optifine.OptiFineTransformer:getOptiFineResourcePatched:414]: 	at MC-BOOTSTRAP/cpw.mods.modlauncher@10.0.9/cpw.mods.modlauncher.ClassTransformer.performVote(ClassTransformer.java:179)
[30Jul2025 16:15:23.312] [main/INFO] [STDERR/]: [optifine.OptiFineTransformer:getOptiFineResourcePatched:414]: 	at MC-BOOTSTRAP/cpw.mods.modlauncher@10.0.9/cpw.mods.modlauncher.ClassTransformer.transform(ClassTransformer.java:98)
[30Jul2025 16:15:23.312] [main/INFO] [STDERR/]: [optifine.OptiFineTransformer:getOptiFineResourcePatched:414]: 	at MC-BOOTSTRAP/cpw.mods.modlauncher@10.0.9/cpw.mods.modlauncher.TransformingClassLoader.maybeTransformClassBytes(TransformingClassLoader.java:50)
[30Jul2025 16:15:23.312] [main/INFO] [STDERR/]: [optifine.OptiFineTransformer:getOptiFineResourcePatched:414]: 	at cpw.mods.securejarhandler/cpw.mods.cl.ModuleClassLoader.readerToClass(ModuleClassLoader.java:113)
[30Jul2025 16:15:23.312] [main/INFO] [STDERR/]: [optifine.OptiFineTransformer:getOptiFineResourcePatched:414]: 	at cpw.mods.securejarhandler/cpw.mods.cl.ModuleClassLoader.lambda$findClass$15(ModuleClassLoader.java:219)
[30Jul2025 16:15:23.312] [main/INFO] [STDERR/]: [optifine.OptiFineTransformer:getOptiFineResourcePatched:414]: 	at cpw.mods.securejarhandler/cpw.mods.cl.ModuleClassLoader.loadFromModule(ModuleClassLoader.java:229)
[30Jul2025 16:15:23.313] [main/INFO] [STDERR/]: [optifine.OptiFineTransformer:getOptiFineResourcePatched:414]: 	at cpw.mods.securejarhandler/cpw.mods.cl.ModuleClassLoader.findClass(ModuleClassLoader.java:219)
[30Jul2025 16:15:23.313] [main/INFO] [STDERR/]: [optifine.OptiFineTransformer:getOptiFineResourcePatched:414]: 	at cpw.mods.securejarhandler/cpw.mods.cl.ModuleClassLoader.loadClass(ModuleClassLoader.java:135)
[30Jul2025 16:15:23.313] [main/INFO] [STDERR/]: [optifine.OptiFineTransformer:getOptiFineResourcePatched:414]: 	at java.base/java.lang.ClassLoader.loadClass(ClassLoader.java:525)
[30Jul2025 16:15:23.313] [main/INFO] [STDERR/]: [optifine.OptiFineTransformer:getOptiFineResourcePatched:414]: 	at TRANSFORMER/minecraft@1.20.1/net.minecraft.Util.m_137500_(Util.java:517)
[30Jul2025 16:15:23.313] [main/INFO] [STDERR/]: [optifine.OptiFineTransformer:getOptiFineResourcePatched:414]: 	at TRANSFORMER/minecraft@1.20.1/net.minecraft.Util.m_212229_(Util.java:596)
[30Jul2025 16:15:23.313] [main/INFO] [STDERR/]: [optifine.OptiFineTransformer:getOptiFineResourcePatched:414]: 	at TRANSFORMER/minecraft@1.20.1/net.minecraft.Util.m_137505_(Util.java:587)
[30Jul2025 16:15:23.313] [main/INFO] [STDERR/]: [optifine.OptiFineTransformer:getOptiFineResourcePatched:414]: 	at TRANSFORMER/minecraft@1.20.1/net.minecraft.Util.m_137462_(Util.java:583)
[30Jul2025 16:15:23.313] [main/INFO] [STDERR/]: [optifine.OptiFineTransformer:getOptiFineResourcePatched:414]: 	at TRANSFORMER/minecraft@1.20.1/net.minecraft.world.level.storage.LevelStorageSource$LevelStorageAccess.m_78290_(LevelStorageSource.java:478)
[30Jul2025 16:15:23.314] [main/INFO] [STDERR/]: [optifine.OptiFineTransformer:getOptiFineResourcePatched:414]: 	at TRANSFORMER/minecraft@1.20.1/net.minecraft.world.level.storage.LevelStorageSource$LevelStorageAccess.m_78287_(LevelStorageSource.java:462)
[30Jul2025 16:15:23.314] [main/INFO] [STDERR/]: [optifine.OptiFineTransformer:getOptiFineResourcePatched:414]: 	at TRANSFORMER/minecraft@1.20.1/net.minecraft.server.Main.main(Main.java:209)
[30Jul2025 16:15:23.314] [main/INFO] [STDERR/]: [optifine.OptiFineTransformer:getOptiFineResourcePatched:414]: 	at java.base/jdk.internal.reflect.NativeMethodAccessorImpl.invoke0(Native Method)
[30Jul2025 16:15:23.314] [main/INFO] [STDERR/]: [optifine.OptiFineTransformer:getOptiFineResourcePatched:414]: 	at java.base/jdk.internal.reflect.NativeMethodAccessorImpl.invoke(NativeMethodAccessorImpl.java:77)
[30Jul2025 16:15:23.314] [main/INFO] [STDERR/]: [optifine.OptiFineTransformer:getOptiFineResourcePatched:414]: 	at java.base/jdk.internal.reflect.DelegatingMethodAccessorImpl.invoke(DelegatingMethodAccessorImpl.java:43)
[30Jul2025 16:15:23.314] [main/INFO] [STDERR/]: [optifine.OptiFineTransformer:getOptiFineResourcePatched:414]: 	at java.base/java.lang.reflect.Method.invoke(Method.java:569)
[30Jul2025 16:15:23.314] [main/INFO] [STDERR/]: [optifine.OptiFineTransformer:getOptiFineResourcePatched:414]: 	at MC-BOOTSTRAP/fmlloader@1.20.1-47.3.7/net.minecraftforge.fml.loading.targets.CommonLaunchHandler.runTarget(CommonLaunchHandler.java:111)
[30Jul2025 16:15:23.314] [main/INFO] [STDERR/]: [optifine.OptiFineTransformer:getOptiFineResourcePatched:414]: 	at MC-BOOTSTRAP/fmlloader@1.20.1-47.3.7/net.minecraftforge.fml.loading.targets.CommonLaunchHandler.serverService(CommonLaunchHandler.java:103)
[30Jul2025 16:15:23.315] [main/INFO] [STDERR/]: [optifine.OptiFineTransformer:getOptiFineResourcePatched:414]: 	at MC-BOOTSTRAP/fmlloader@1.20.1-47.3.7/net.minecraftforge.fml.loading.targets.CommonServerLaunchHandler.lambda$makeService$0(CommonServerLaunchHandler.java:27)
[30Jul2025 16:15:23.315] [main/INFO] [STDERR/]: [optifine.OptiFineTransformer:getOptiFineResourcePatched:414]: 	at MC-BOOTSTRAP/cpw.mods.modlauncher@10.0.9/cpw.mods.modlauncher.LaunchServiceHandlerDecorator.launch(LaunchServiceHandlerDecorator.java:30)
[30Jul2025 16:15:23.315] [main/INFO] [STDERR/]: [optifine.OptiFineTransformer:getOptiFineResourcePatched:414]: 	at MC-BOOTSTRAP/cpw.mods.modlauncher@10.0.9/cpw.mods.modlauncher.LaunchServiceHandler.launch(LaunchServiceHandler.java:53)
[30Jul2025 16:15:23.315] [main/INFO] [STDERR/]: [optifine.OptiFineTransformer:getOptiFineResourcePatched:414]: 	at MC-BOOTSTRAP/cpw.mods.modlauncher@10.0.9/cpw.mods.modlauncher.LaunchServiceHandler.launch(LaunchServiceHandler.java:71)
[30Jul2025 16:15:23.315] [main/INFO] [STDERR/]: [optifine.OptiFineTransformer:getOptiFineResourcePatched:414]: 	at MC-BOOTSTRAP/cpw.mods.modlauncher@10.0.9/cpw.mods.modlauncher.Launcher.run(Launcher.java:108)
[30Jul2025 16:15:23.315] [main/INFO] [STDERR/]: [optifine.OptiFineTransformer:getOptiFineResourcePatched:414]: 	at MC-BOOTSTRAP/cpw.mods.modlauncher@10.0.9/cpw.mods.modlauncher.Launcher.main(Launcher.java:78)
[30Jul2025 16:15:23.315] [main/INFO] [STDERR/]: [optifine.OptiFineTransformer:getOptiFineResourcePatched:414]: 	at MC-BOOTSTRAP/cpw.mods.modlauncher@10.0.9/cpw.mods.modlauncher.BootstrapLaunchConsumer.accept(BootstrapLaunchConsumer.java:26)
[30Jul2025 16:15:23.315] [main/INFO] [STDERR/]: [optifine.OptiFineTransformer:getOptiFineResourcePatched:414]: 	at MC-BOOTSTRAP/cpw.mods.modlauncher@10.0.9/cpw.mods.modlauncher.BootstrapLaunchConsumer.accept(BootstrapLaunchConsumer.java:23)
[30Jul2025 16:15:23.316] [main/INFO] [STDERR/]: [optifine.OptiFineTransformer:getOptiFineResourcePatched:414]: 	at cpw.mods.bootstraplauncher@1.1.2/cpw.mods.bootstraplauncher.BootstrapLauncher.main(BootstrapLauncher.java:141)
[30Jul2025 16:15:23.317] [main/INFO] [STDERR/]: [optifine.OptiFineTransformer:getOptiFineResourcePatched:414]: java.io.IOException: Base resource not found: ac$5.class
[30Jul2025 16:15:23.318] [main/INFO] [STDERR/]: [optifine.OptiFineTransformer:getOptiFineResourcePatched:414]: 	at LAYER SERVICE/optifine/optifine.Patcher.applyPatch(Patcher.java:146)
[30Jul2025 16:15:23.318] [main/INFO] [STDERR/]: [optifine.OptiFineTransformer:getOptiFineResourcePatched:414]: 	at LAYER SERVICE/optifine/optifine.OptiFineTransformer.getOptiFineResourcePatched(OptiFineTransformer.java:396)
[30Jul2025 16:15:23.318] [main/INFO] [STDERR/]: [optifine.OptiFineTransformer:getOptiFineResourcePatched:414]: 	at LAYER SERVICE/optifine/optifine.OptiFineTransformer.getOptiFineResourceStreamPatched(OptiFineTransformer.java:368)
[30Jul2025 16:15:23.318] [main/INFO] [STDERR/]: [optifine.OptiFineTransformer:getOptiFineResourcePatched:414]: 	at LAYER SERVICE/optifine/optifine.OptiFineTransformer.getOptiFineResourceStream(OptiFineTransformer.java:291)
[30Jul2025 16:15:23.318] [main/INFO] [STDERR/]: [optifine.OptiFineTransformer:getOptiFineResourcePatched:414]: 	at LAYER SERVICE/optifine/optifine.OptiFineTransformer.getOptiFineResource(OptiFineTransformer.java:260)
[30Jul2025 16:15:23.318] [main/INFO] [STDERR/]: [optifine.OptiFineTransformer:getOptiFineResourcePatched:414]: 	at LAYER SERVICE/optifine/optifine.OptiFineTransformer.transform(OptiFineTransformer.java:171)
[30Jul2025 16:15:23.318] [main/INFO] [STDERR/]: [optifine.OptiFineTransformer:getOptiFineResourcePatched:414]: 	at LAYER SERVICE/optifine/optifine.OptiFineTransformer.transform(OptiFineTransformer.java:1)
[30Jul2025 16:15:23.319] [main/INFO] [STDERR/]: [optifine.OptiFineTransformer:getOptiFineResourcePatched:414]: 	at MC-BOOTSTRAP/cpw.mods.modlauncher@10.0.9/cpw.mods.modlauncher.TransformerHolder.transform(TransformerHolder.java:41)
[30Jul2025 16:15:23.319] [main/INFO] [STDERR/]: [optifine.OptiFineTransformer:getOptiFineResourcePatched:414]: 	at MC-BOOTSTRAP/cpw.mods.modlauncher@10.0.9/cpw.mods.modlauncher.ClassTransformer.performVote(ClassTransformer.java:179)
[30Jul2025 16:15:23.319] [main/INFO] [STDERR/]: [optifine.OptiFineTransformer:getOptiFineResourcePatched:414]: 	at MC-BOOTSTRAP/cpw.mods.modlauncher@10.0.9/cpw.mods.modlauncher.ClassTransformer.transform(ClassTransformer.java:98)
[30Jul2025 16:15:23.319] [main/INFO] [STDERR/]: [optifine.OptiFineTransformer:getOptiFineResourcePatched:414]: 	at MC-BOOTSTRAP/cpw.mods.modlauncher@10.0.9/cpw.mods.modlauncher.TransformingClassLoader.maybeTransformClassBytes(TransformingClassLoader.java:50)
[30Jul2025 16:15:23.319] [main/INFO] [STDERR/]: [optifine.OptiFineTransformer:getOptiFineResourcePatched:414]: 	at cpw.mods.securejarhandler/cpw.mods.cl.ModuleClassLoader.readerToClass(ModuleClassLoader.java:113)
[30Jul2025 16:15:23.319] [main/INFO] [STDERR/]: [optifine.OptiFineTransformer:getOptiFineResourcePatched:414]: 	at cpw.mods.securejarhandler/cpw.mods.cl.ModuleClassLoader.lambda$findClass$15(ModuleClassLoader.java:219)
[30Jul2025 16:15:23.319] [main/INFO] [STDERR/]: [optifine.OptiFineTransformer:getOptiFineResourcePatched:414]: 	at cpw.mods.securejarhandler/cpw.mods.cl.ModuleClassLoader.loadFromModule(ModuleClassLoader.java:229)
[30Jul2025 16:15:23.319] [main/INFO] [STDERR/]: [optifine.OptiFineTransformer:getOptiFineResourcePatched:414]: 	at cpw.mods.securejarhandler/cpw.mods.cl.ModuleClassLoader.findClass(ModuleClassLoader.java:219)
[30Jul2025 16:15:23.320] [main/INFO] [STDERR/]: [optifine.OptiFineTransformer:getOptiFineResourcePatched:414]: 	at cpw.mods.securejarhandler/cpw.mods.cl.ModuleClassLoader.loadClass(ModuleClassLoader.java:135)
[30Jul2025 16:15:23.320] [main/INFO] [STDERR/]: [optifine.OptiFineTransformer:getOptiFineResourcePatched:414]: 	at java.base/java.lang.ClassLoader.loadClass(ClassLoader.java:525)
[30Jul2025 16:15:23.320] [main/INFO] [STDERR/]: [optifine.OptiFineTransformer:getOptiFineResourcePatched:414]: 	at TRANSFORMER/minecraft@1.20.1/net.minecraft.Util.m_137502_(Util.java:499)
[30Jul2025 16:15:23.320] [main/INFO] [STDERR/]: [optifine.OptiFineTransformer:getOptiFineResourcePatched:414]: 	at TRANSFORMER/minecraft@1.20.1/net.minecraft.Util.m_212229_(Util.java:596)
[30Jul2025 16:15:23.320] [main/INFO] [STDERR/]: [optifine.OptiFineTransformer:getOptiFineResourcePatched:414]: 	at TRANSFORMER/minecraft@1.20.1/net.minecraft.Util.m_137505_(Util.java:587)
[30Jul2025 16:15:23.320] [main/INFO] [STDERR/]: [optifine.OptiFineTransformer:getOptiFineResourcePatched:414]: 	at TRANSFORMER/minecraft@1.20.1/net.minecraft.Util.m_137462_(Util.java:583)
[30Jul2025 16:15:23.321] [main/INFO] [STDERR/]: [optifine.OptiFineTransformer:getOptiFineResourcePatched:414]: 	at TRANSFORMER/minecraft@1.20.1/net.minecraft.world.level.storage.LevelStorageSource$LevelStorageAccess.m_78290_(LevelStorageSource.java:478)
[30Jul2025 16:15:23.321] [main/INFO] [STDERR/]: [optifine.OptiFineTransformer:getOptiFineResourcePatched:414]: 	at TRANSFORMER/minecraft@1.20.1/net.minecraft.world.level.storage.LevelStorageSource$LevelStorageAccess.m_78287_(LevelStorageSource.java:462)
[30Jul2025 16:15:23.321] [main/INFO] [STDERR/]: [optifine.OptiFineTransformer:getOptiFineResourcePatched:414]: 	at TRANSFORMER/minecraft@1.20.1/net.minecraft.server.Main.main(Main.java:209)
[30Jul2025 16:15:23.321] [main/INFO] [STDERR/]: [optifine.OptiFineTransformer:getOptiFineResourcePatched:414]: 	at java.base/jdk.internal.reflect.NativeMethodAccessorImpl.invoke0(Native Method)
[30Jul2025 16:15:23.321] [main/INFO] [STDERR/]: [optifine.OptiFineTransformer:getOptiFineResourcePatched:414]: 	at java.base/jdk.internal.reflect.NativeMethodAccessorImpl.invoke(NativeMethodAccessorImpl.java:77)
[30Jul2025 16:15:23.321] [main/INFO] [STDERR/]: [optifine.OptiFineTransformer:getOptiFineResourcePatched:414]: 	at java.base/jdk.internal.reflect.DelegatingMethodAccessorImpl.invoke(DelegatingMethodAccessorImpl.java:43)
[30Jul2025 16:15:23.321] [main/INFO] [STDERR/]: [optifine.OptiFineTransformer:getOptiFineResourcePatched:414]: 	at java.base/java.lang.reflect.Method.invoke(Method.java:569)
[30Jul2025 16:15:23.322] [main/INFO] [STDERR/]: [optifine.OptiFineTransformer:getOptiFineResourcePatched:414]: 	at MC-BOOTSTRAP/fmlloader@1.20.1-47.3.7/net.minecraftforge.fml.loading.targets.CommonLaunchHandler.runTarget(CommonLaunchHandler.java:111)
[30Jul2025 16:15:23.322] [main/INFO] [STDERR/]: [optifine.OptiFineTransformer:getOptiFineResourcePatched:414]: 	at MC-BOOTSTRAP/fmlloader@1.20.1-47.3.7/net.minecraftforge.fml.loading.targets.CommonLaunchHandler.serverService(CommonLaunchHandler.java:103)
[30Jul2025 16:15:23.322] [main/INFO] [STDERR/]: [optifine.OptiFineTransformer:getOptiFineResourcePatched:414]: 	at MC-BOOTSTRAP/fmlloader@1.20.1-47.3.7/net.minecraftforge.fml.loading.targets.CommonServerLaunchHandler.lambda$makeService$0(CommonServerLaunchHandler.java:27)
[30Jul2025 16:15:23.322] [main/INFO] [STDERR/]: [optifine.OptiFineTransformer:getOptiFineResourcePatched:414]: 	at MC-BOOTSTRAP/cpw.mods.modlauncher@10.0.9/cpw.mods.modlauncher.LaunchServiceHandlerDecorator.launch(LaunchServiceHandlerDecorator.java:30)
[30Jul2025 16:15:23.322] [main/INFO] [STDERR/]: [optifine.OptiFineTransformer:getOptiFineResourcePatched:414]: 	at MC-BOOTSTRAP/cpw.mods.modlauncher@10.0.9/cpw.mods.modlauncher.LaunchServiceHandler.launch(LaunchServiceHandler.java:53)
[30Jul2025 16:15:23.322] [main/INFO] [STDERR/]: [optifine.OptiFineTransformer:getOptiFineResourcePatched:414]: 	at MC-BOOTSTRAP/cpw.mods.modlauncher@10.0.9/cpw.mods.modlauncher.LaunchServiceHandler.launch(LaunchServiceHandler.java:71)
[30Jul2025 16:15:23.323] [main/INFO] [STDERR/]: [optifine.OptiFineTransformer:getOptiFineResourcePatched:414]: 	at MC-BOOTSTRAP/cpw.mods.modlauncher@10.0.9/cpw.mods.modlauncher.Launcher.run(Launcher.java:108)
[30Jul2025 16:15:23.323] [main/INFO] [STDERR/]: [optifine.OptiFineTransformer:getOptiFineResourcePatched:414]: 	at MC-BOOTSTRAP/cpw.mods.modlauncher@10.0.9/cpw.mods.modlauncher.Launcher.main(Launcher.java:78)
[30Jul2025 16:15:23.323] [main/INFO] [STDERR/]: [optifine.OptiFineTransformer:getOptiFineResourcePatched:414]: 	at MC-BOOTSTRAP/cpw.mods.modlauncher@10.0.9/cpw.mods.modlauncher.BootstrapLaunchConsumer.accept(BootstrapLaunchConsumer.java:26)
[30Jul2025 16:15:23.323] [main/INFO] [STDERR/]: [optifine.OptiFineTransformer:getOptiFineResourcePatched:414]: 	at MC-BOOTSTRAP/cpw.mods.modlauncher@10.0.9/cpw.mods.modlauncher.BootstrapLaunchConsumer.accept(BootstrapLaunchConsumer.java:23)
[30Jul2025 16:15:23.323] [main/INFO] [STDERR/]: [optifine.OptiFineTransformer:getOptiFineResourcePatched:414]: 	at cpw.mods.bootstraplauncher@1.1.2/cpw.mods.bootstraplauncher.BootstrapLauncher.main(BootstrapLauncher.java:141)
[30Jul2025 16:15:23.324] [main/INFO] [STDERR/]: [optifine.OptiFineTransformer:getOptiFineResourcePatched:414]: java.io.IOException: Base resource not found: ac$8.class
[30Jul2025 16:15:23.324] [main/INFO] [STDERR/]: [optifine.OptiFineTransformer:getOptiFineResourcePatched:414]: 	at LAYER SERVICE/optifine/optifine.Patcher.applyPatch(Patcher.java:146)
[30Jul2025 16:15:23.324] [main/INFO] [STDERR/]: [optifine.OptiFineTransformer:getOptiFineResourcePatched:414]: 	at LAYER SERVICE/optifine/optifine.OptiFineTransformer.getOptiFineResourcePatched(OptiFineTransformer.java:396)
[30Jul2025 16:15:23.324] [main/INFO] [STDERR/]: [optifine.OptiFineTransformer:getOptiFineResourcePatched:414]: 	at LAYER SERVICE/optifine/optifine.OptiFineTransformer.getOptiFineResourceStreamPatched(OptiFineTransformer.java:368)
[30Jul2025 16:15:23.324] [main/INFO] [STDERR/]: [optifine.OptiFineTransformer:getOptiFineResourcePatched:414]: 	at LAYER SERVICE/optifine/optifine.OptiFineTransformer.getOptiFineResourceStream(OptiFineTransformer.java:291)
[30Jul2025 16:15:23.325] [main/INFO] [STDERR/]: [optifine.OptiFineTransformer:getOptiFineResourcePatched:414]: 	at LAYER SERVICE/optifine/optifine.OptiFineTransformer.getOptiFineResource(OptiFineTransformer.java:260)
[30Jul2025 16:15:23.325] [main/INFO] [STDERR/]: [optifine.OptiFineTransformer:getOptiFineResourcePatched:414]: 	at LAYER SERVICE/optifine/optifine.OptiFineTransformer.transform(OptiFineTransformer.java:171)
[30Jul2025 16:15:23.325] [main/INFO] [STDERR/]: [optifine.OptiFineTransformer:getOptiFineResourcePatched:414]: 	at LAYER SERVICE/optifine/optifine.OptiFineTransformer.transform(OptiFineTransformer.java:1)
[30Jul2025 16:15:23.325] [main/INFO] [STDERR/]: [optifine.OptiFineTransformer:getOptiFineResourcePatched:414]: 	at MC-BOOTSTRAP/cpw.mods.modlauncher@10.0.9/cpw.mods.modlauncher.TransformerHolder.transform(TransformerHolder.java:41)
[30Jul2025 16:15:23.325] [main/INFO] [STDERR/]: [optifine.OptiFineTransformer:getOptiFineResourcePatched:414]: 	at MC-BOOTSTRAP/cpw.mods.modlauncher@10.0.9/cpw.mods.modlauncher.ClassTransformer.performVote(ClassTransformer.java:179)
[30Jul2025 16:15:23.325] [main/INFO] [STDERR/]: [optifine.OptiFineTransformer:getOptiFineResourcePatched:414]: 	at MC-BOOTSTRAP/cpw.mods.modlauncher@10.0.9/cpw.mods.modlauncher.ClassTransformer.transform(ClassTransformer.java:98)
[30Jul2025 16:15:23.325] [main/INFO] [STDERR/]: [optifine.OptiFineTransformer:getOptiFineResourcePatched:414]: 	at MC-BOOTSTRAP/cpw.mods.modlauncher@10.0.9/cpw.mods.modlauncher.TransformingClassLoader.maybeTransformClassBytes(TransformingClassLoader.java:50)
[30Jul2025 16:15:23.325] [main/INFO] [STDERR/]: [optifine.OptiFineTransformer:getOptiFineResourcePatched:414]: 	at cpw.mods.securejarhandler/cpw.mods.cl.ModuleClassLoader.readerToClass(ModuleClassLoader.java:113)
[30Jul2025 16:15:23.326] [main/INFO] [STDERR/]: [optifine.OptiFineTransformer:getOptiFineResourcePatched:414]: 	at cpw.mods.securejarhandler/cpw.mods.cl.ModuleClassLoader.lambda$findClass$15(ModuleClassLoader.java:219)
[30Jul2025 16:15:23.326] [main/INFO] [STDERR/]: [optifine.OptiFineTransformer:getOptiFineResourcePatched:414]: 	at cpw.mods.securejarhandler/cpw.mods.cl.ModuleClassLoader.loadFromModule(ModuleClassLoader.java:229)
[30Jul2025 16:15:23.326] [main/INFO] [STDERR/]: [optifine.OptiFineTransformer:getOptiFineResourcePatched:414]: 	at cpw.mods.securejarhandler/cpw.mods.cl.ModuleClassLoader.findClass(ModuleClassLoader.java:219)
[30Jul2025 16:15:23.326] [main/INFO] [STDERR/]: [optifine.OptiFineTransformer:getOptiFineResourcePatched:414]: 	at cpw.mods.securejarhandler/cpw.mods.cl.ModuleClassLoader.loadClass(ModuleClassLoader.java:135)
[30Jul2025 16:15:23.326] [main/INFO] [STDERR/]: [optifine.OptiFineTransformer:getOptiFineResourcePatched:414]: 	at java.base/java.lang.ClassLoader.loadClass(ClassLoader.java:525)
[30Jul2025 16:15:23.326] [main/INFO] [STDERR/]: [optifine.OptiFineTransformer:getOptiFineResourcePatched:414]: 	at TRANSFORMER/minecraft@1.20.1/net.minecraft.Util.m_137572_(Util.java:547)
[30Jul2025 16:15:23.326] [main/INFO] [STDERR/]: [optifine.OptiFineTransformer:getOptiFineResourcePatched:414]: 	at TRANSFORMER/minecraft@1.20.1/net.minecraft.Util.m_212229_(Util.java:596)
[30Jul2025 16:15:23.326] [main/INFO] [STDERR/]: [optifine.OptiFineTransformer:getOptiFineResourcePatched:414]: 	at TRANSFORMER/minecraft@1.20.1/net.minecraft.Util.m_137505_(Util.java:587)
[30Jul2025 16:15:23.327] [main/INFO] [STDERR/]: [optifine.OptiFineTransformer:getOptiFineResourcePatched:414]: 	at TRANSFORMER/minecraft@1.20.1/net.minecraft.Util.m_137462_(Util.java:583)
[30Jul2025 16:15:23.327] [main/INFO] [STDERR/]: [optifine.OptiFineTransformer:getOptiFineResourcePatched:414]: 	at TRANSFORMER/minecraft@1.20.1/net.minecraft.world.level.storage.LevelStorageSource$LevelStorageAccess.m_78290_(LevelStorageSource.java:478)
[30Jul2025 16:15:23.327] [main/INFO] [STDERR/]: [optifine.OptiFineTransformer:getOptiFineResourcePatched:414]: 	at TRANSFORMER/minecraft@1.20.1/net.minecraft.world.level.storage.LevelStorageSource$LevelStorageAccess.m_78287_(LevelStorageSource.java:462)
[30Jul2025 16:15:23.327] [main/INFO] [STDERR/]: [optifine.OptiFineTransformer:getOptiFineResourcePatched:414]: 	at TRANSFORMER/minecraft@1.20.1/net.minecraft.server.Main.main(Main.java:209)
[30Jul2025 16:15:23.327] [main/INFO] [STDERR/]: [optifine.OptiFineTransformer:getOptiFineResourcePatched:414]: 	at java.base/jdk.internal.reflect.NativeMethodAccessorImpl.invoke0(Native Method)
[30Jul2025 16:15:23.327] [main/INFO] [STDERR/]: [optifine.OptiFineTransformer:getOptiFineResourcePatched:414]: 	at java.base/jdk.internal.reflect.NativeMethodAccessorImpl.invoke(NativeMethodAccessorImpl.java:77)
[30Jul2025 16:15:23.327] [main/INFO] [STDERR/]: [optifine.OptiFineTransformer:getOptiFineResourcePatched:414]: 	at java.base/jdk.internal.reflect.DelegatingMethodAccessorImpl.invoke(DelegatingMethodAccessorImpl.java:43)
[30Jul2025 16:15:23.327] [main/INFO] [STDERR/]: [optifine.OptiFineTransformer:getOptiFineResourcePatched:414]: 	at java.base/java.lang.reflect.Method.invoke(Method.java:569)
[30Jul2025 16:15:23.328] [main/INFO] [STDERR/]: [optifine.OptiFineTransformer:getOptiFineResourcePatched:414]: 	at MC-BOOTSTRAP/fmlloader@1.20.1-47.3.7/net.minecraftforge.fml.loading.targets.CommonLaunchHandler.runTarget(CommonLaunchHandler.java:111)
[30Jul2025 16:15:23.328] [main/INFO] [STDERR/]: [optifine.OptiFineTransformer:getOptiFineResourcePatched:414]: 	at MC-BOOTSTRAP/fmlloader@1.20.1-47.3.7/net.minecraftforge.fml.loading.targets.CommonLaunchHandler.serverService(CommonLaunchHandler.java:103)
[30Jul2025 16:15:23.328] [main/INFO] [STDERR/]: [optifine.OptiFineTransformer:getOptiFineResourcePatched:414]: 	at MC-BOOTSTRAP/fmlloader@1.20.1-47.3.7/net.minecraftforge.fml.loading.targets.CommonServerLaunchHandler.lambda$makeService$0(CommonServerLaunchHandler.java:27)
[30Jul2025 16:15:23.328] [main/INFO] [STDERR/]: [optifine.OptiFineTransformer:getOptiFineResourcePatched:414]: 	at MC-BOOTSTRAP/cpw.mods.modlauncher@10.0.9/cpw.mods.modlauncher.LaunchServiceHandlerDecorator.launch(LaunchServiceHandlerDecorator.java:30)
[30Jul2025 16:15:23.328] [main/INFO] [STDERR/]: [optifine.OptiFineTransformer:getOptiFineResourcePatched:414]: 	at MC-BOOTSTRAP/cpw.mods.modlauncher@10.0.9/cpw.mods.modlauncher.LaunchServiceHandler.launch(LaunchServiceHandler.java:53)
[30Jul2025 16:15:23.328] [main/INFO] [STDERR/]: [optifine.OptiFineTransformer:getOptiFineResourcePatched:414]: 	at MC-BOOTSTRAP/cpw.mods.modlauncher@10.0.9/cpw.mods.modlauncher.LaunchServiceHandler.launch(LaunchServiceHandler.java:71)
[30Jul2025 16:15:23.328] [main/INFO] [STDERR/]: [optifine.OptiFineTransformer:getOptiFineResourcePatched:414]: 	at MC-BOOTSTRAP/cpw.mods.modlauncher@10.0.9/cpw.mods.modlauncher.Launcher.run(Launcher.java:108)
[30Jul2025 16:15:23.329] [main/INFO] [STDERR/]: [optifine.OptiFineTransformer:getOptiFineResourcePatched:414]: 	at MC-BOOTSTRAP/cpw.mods.modlauncher@10.0.9/cpw.mods.modlauncher.Launcher.main(Launcher.java:78)
[30Jul2025 16:15:23.329] [main/INFO] [STDERR/]: [optifine.OptiFineTransformer:getOptiFineResourcePatched:414]: 	at MC-BOOTSTRAP/cpw.mods.modlauncher@10.0.9/cpw.mods.modlauncher.BootstrapLaunchConsumer.accept(BootstrapLaunchConsumer.java:26)
[30Jul2025 16:15:23.329] [main/INFO] [STDERR/]: [optifine.OptiFineTransformer:getOptiFineResourcePatched:414]: 	at MC-BOOTSTRAP/cpw.mods.modlauncher@10.0.9/cpw.mods.modlauncher.BootstrapLaunchConsumer.accept(BootstrapLaunchConsumer.java:23)
[30Jul2025 16:15:23.329] [main/INFO] [STDERR/]: [optifine.OptiFineTransformer:getOptiFineResourcePatched:414]: 	at cpw.mods.bootstraplauncher@1.1.2/cpw.mods.bootstraplauncher.BootstrapLauncher.main(BootstrapLauncher.java:141)
[30Jul2025 16:15:23.330] [main/INFO] [STDERR/]: [optifine.OptiFineTransformer:getOptiFineResourcePatched:414]: java.io.IOException: Base resource not found: ac$7.class
[30Jul2025 16:15:23.330] [main/INFO] [STDERR/]: [optifine.OptiFineTransformer:getOptiFineResourcePatched:414]: 	at LAYER SERVICE/optifine/optifine.Patcher.applyPatch(Patcher.java:146)
[30Jul2025 16:15:23.330] [main/INFO] [STDERR/]: [optifine.OptiFineTransformer:getOptiFineResourcePatched:414]: 	at LAYER SERVICE/optifine/optifine.OptiFineTransformer.getOptiFineResourcePatched(OptiFineTransformer.java:396)
[30Jul2025 16:15:23.330] [main/INFO] [STDERR/]: [optifine.OptiFineTransformer:getOptiFineResourcePatched:414]: 	at LAYER SERVICE/optifine/optifine.OptiFineTransformer.getOptiFineResourceStreamPatched(OptiFineTransformer.java:368)
[30Jul2025 16:15:23.330] [main/INFO] [STDERR/]: [optifine.OptiFineTransformer:getOptiFineResourcePatched:414]: 	at LAYER SERVICE/optifine/optifine.OptiFineTransformer.getOptiFineResourceStream(OptiFineTransformer.java:291)
[30Jul2025 16:15:23.331] [main/INFO] [STDERR/]: [optifine.OptiFineTransformer:getOptiFineResourcePatched:414]: 	at LAYER SERVICE/optifine/optifine.OptiFineTransformer.getOptiFineResource(OptiFineTransformer.java:260)
[30Jul2025 16:15:23.331] [main/INFO] [STDERR/]: [optifine.OptiFineTransformer:getOptiFineResourcePatched:414]: 	at LAYER SERVICE/optifine/optifine.OptiFineTransformer.transform(OptiFineTransformer.java:171)
[30Jul2025 16:15:23.331] [main/INFO] [STDERR/]: [optifine.OptiFineTransformer:getOptiFineResourcePatched:414]: 	at LAYER SERVICE/optifine/optifine.OptiFineTransformer.transform(OptiFineTransformer.java:1)
[30Jul2025 16:15:23.331] [main/INFO] [STDERR/]: [optifine.OptiFineTransformer:getOptiFineResourcePatched:414]: 	at MC-BOOTSTRAP/cpw.mods.modlauncher@10.0.9/cpw.mods.modlauncher.TransformerHolder.transform(TransformerHolder.java:41)
[30Jul2025 16:15:23.331] [main/INFO] [STDERR/]: [optifine.OptiFineTransformer:getOptiFineResourcePatched:414]: 	at MC-BOOTSTRAP/cpw.mods.modlauncher@10.0.9/cpw.mods.modlauncher.ClassTransformer.performVote(ClassTransformer.java:179)
[30Jul2025 16:15:23.331] [main/INFO] [STDERR/]: [optifine.OptiFineTransformer:getOptiFineResourcePatched:414]: 	at MC-BOOTSTRAP/cpw.mods.modlauncher@10.0.9/cpw.mods.modlauncher.ClassTransformer.transform(ClassTransformer.java:98)
[30Jul2025 16:15:23.331] [main/INFO] [STDERR/]: [optifine.OptiFineTransformer:getOptiFineResourcePatched:414]: 	at MC-BOOTSTRAP/cpw.mods.modlauncher@10.0.9/cpw.mods.modlauncher.TransformingClassLoader.maybeTransformClassBytes(TransformingClassLoader.java:50)
[30Jul2025 16:15:23.332] [main/INFO] [STDERR/]: [optifine.OptiFineTransformer:getOptiFineResourcePatched:414]: 	at cpw.mods.securejarhandler/cpw.mods.cl.ModuleClassLoader.readerToClass(ModuleClassLoader.java:113)
[30Jul2025 16:15:23.332] [main/INFO] [STDERR/]: [optifine.OptiFineTransformer:getOptiFineResourcePatched:414]: 	at cpw.mods.securejarhandler/cpw.mods.cl.ModuleClassLoader.lambda$findClass$15(ModuleClassLoader.java:219)
[30Jul2025 16:15:23.332] [main/INFO] [STDERR/]: [optifine.OptiFineTransformer:getOptiFineResourcePatched:414]: 	at cpw.mods.securejarhandler/cpw.mods.cl.ModuleClassLoader.loadFromModule(ModuleClassLoader.java:229)
[30Jul2025 16:15:23.332] [main/INFO] [STDERR/]: [optifine.OptiFineTransformer:getOptiFineResourcePatched:414]: 	at cpw.mods.securejarhandler/cpw.mods.cl.ModuleClassLoader.findClass(ModuleClassLoader.java:219)
[30Jul2025 16:15:23.332] [main/INFO] [STDERR/]: [optifine.OptiFineTransformer:getOptiFineResourcePatched:414]: 	at cpw.mods.securejarhandler/cpw.mods.cl.ModuleClassLoader.loadClass(ModuleClassLoader.java:135)
[30Jul2025 16:15:23.332] [main/INFO] [STDERR/]: [optifine.OptiFineTransformer:getOptiFineResourcePatched:414]: 	at java.base/java.lang.ClassLoader.loadClass(ClassLoader.java:525)
[30Jul2025 16:15:23.332] [main/INFO] [STDERR/]: [optifine.OptiFineTransformer:getOptiFineResourcePatched:414]: 	at TRANSFORMER/minecraft@1.20.1/net.minecraft.Util.m_137561_(Util.java:535)
[30Jul2025 16:15:23.333] [main/INFO] [STDERR/]: [optifine.OptiFineTransformer:getOptiFineResourcePatched:414]: 	at TRANSFORMER/minecraft@1.20.1/net.minecraft.Util.m_212229_(Util.java:597)
[30Jul2025 16:15:23.333] [main/INFO] [STDERR/]: [optifine.OptiFineTransformer:getOptiFineResourcePatched:414]: 	at TRANSFORMER/minecraft@1.20.1/net.minecraft.Util.m_137505_(Util.java:587)
[30Jul2025 16:15:23.333] [main/INFO] [STDERR/]: [optifine.OptiFineTransformer:getOptiFineResourcePatched:414]: 	at TRANSFORMER/minecraft@1.20.1/net.minecraft.Util.m_137462_(Util.java:583)
[30Jul2025 16:15:23.333] [main/INFO] [STDERR/]: [optifine.OptiFineTransformer:getOptiFineResourcePatched:414]: 	at TRANSFORMER/minecraft@1.20.1/net.minecraft.world.level.storage.LevelStorageSource$LevelStorageAccess.m_78290_(LevelStorageSource.java:478)
[30Jul2025 16:15:23.333] [main/INFO] [STDERR/]: [optifine.OptiFineTransformer:getOptiFineResourcePatched:414]: 	at TRANSFORMER/minecraft@1.20.1/net.minecraft.world.level.storage.LevelStorageSource$LevelStorageAccess.m_78287_(LevelStorageSource.java:462)
[30Jul2025 16:15:23.333] [main/INFO] [STDERR/]: [optifine.OptiFineTransformer:getOptiFineResourcePatched:414]: 	at TRANSFORMER/minecraft@1.20.1/net.minecraft.server.Main.main(Main.java:209)
[30Jul2025 16:15:23.333] [main/INFO] [STDERR/]: [optifine.OptiFineTransformer:getOptiFineResourcePatched:414]: 	at java.base/jdk.internal.reflect.NativeMethodAccessorImpl.invoke0(Native Method)
[30Jul2025 16:15:23.334] [main/INFO] [STDERR/]: [optifine.OptiFineTransformer:getOptiFineResourcePatched:414]: 	at java.base/jdk.internal.reflect.NativeMethodAccessorImpl.invoke(NativeMethodAccessorImpl.java:77)
[30Jul2025 16:15:23.334] [main/INFO] [STDERR/]: [optifine.OptiFineTransformer:getOptiFineResourcePatched:414]: 	at java.base/jdk.internal.reflect.DelegatingMethodAccessorImpl.invoke(DelegatingMethodAccessorImpl.java:43)
[30Jul2025 16:15:23.334] [main/INFO] [STDERR/]: [optifine.OptiFineTransformer:getOptiFineResourcePatched:414]: 	at java.base/java.lang.reflect.Method.invoke(Method.java:569)
[30Jul2025 16:15:23.334] [main/INFO] [STDERR/]: [optifine.OptiFineTransformer:getOptiFineResourcePatched:414]: 	at MC-BOOTSTRAP/fmlloader@1.20.1-47.3.7/net.minecraftforge.fml.loading.targets.CommonLaunchHandler.runTarget(CommonLaunchHandler.java:111)
[30Jul2025 16:15:23.334] [main/INFO] [STDERR/]: [optifine.OptiFineTransformer:getOptiFineResourcePatched:414]: 	at MC-BOOTSTRAP/fmlloader@1.20.1-47.3.7/net.minecraftforge.fml.loading.targets.CommonLaunchHandler.serverService(CommonLaunchHandler.java:103)
[30Jul2025 16:15:23.334] [main/INFO] [STDERR/]: [optifine.OptiFineTransformer:getOptiFineResourcePatched:414]: 	at MC-BOOTSTRAP/fmlloader@1.20.1-47.3.7/net.minecraftforge.fml.loading.targets.CommonServerLaunchHandler.lambda$makeService$0(CommonServerLaunchHandler.java:27)
[30Jul2025 16:15:23.334] [main/INFO] [STDERR/]: [optifine.OptiFineTransformer:getOptiFineResourcePatched:414]: 	at MC-BOOTSTRAP/cpw.mods.modlauncher@10.0.9/cpw.mods.modlauncher.LaunchServiceHandlerDecorator.launch(LaunchServiceHandlerDecorator.java:30)
[30Jul2025 16:15:23.335] [main/INFO] [STDERR/]: [optifine.OptiFineTransformer:getOptiFineResourcePatched:414]: 	at MC-BOOTSTRAP/cpw.mods.modlauncher@10.0.9/cpw.mods.modlauncher.LaunchServiceHandler.launch(LaunchServiceHandler.java:53)
[30Jul2025 16:15:23.335] [main/INFO] [STDERR/]: [optifine.OptiFineTransformer:getOptiFineResourcePatched:414]: 	at MC-BOOTSTRAP/cpw.mods.modlauncher@10.0.9/cpw.mods.modlauncher.LaunchServiceHandler.launch(LaunchServiceHandler.java:71)
[30Jul2025 16:15:23.335] [main/INFO] [STDERR/]: [optifine.OptiFineTransformer:getOptiFineResourcePatched:414]: 	at MC-BOOTSTRAP/cpw.mods.modlauncher@10.0.9/cpw.mods.modlauncher.Launcher.run(Launcher.java:108)
[30Jul2025 16:15:23.335] [main/INFO] [STDERR/]: [optifine.OptiFineTransformer:getOptiFineResourcePatched:414]: 	at MC-BOOTSTRAP/cpw.mods.modlauncher@10.0.9/cpw.mods.modlauncher.Launcher.main(Launcher.java:78)
[30Jul2025 16:15:23.335] [main/INFO] [STDERR/]: [optifine.OptiFineTransformer:getOptiFineResourcePatched:414]: 	at MC-BOOTSTRAP/cpw.mods.modlauncher@10.0.9/cpw.mods.modlauncher.BootstrapLaunchConsumer.accept(BootstrapLaunchConsumer.java:26)
[30Jul2025 16:15:23.335] [main/INFO] [STDERR/]: [optifine.OptiFineTransformer:getOptiFineResourcePatched:414]: 	at MC-BOOTSTRAP/cpw.mods.modlauncher@10.0.9/cpw.mods.modlauncher.BootstrapLaunchConsumer.accept(BootstrapLaunchConsumer.java:23)
[30Jul2025 16:15:23.335] [main/INFO] [STDERR/]: [optifine.OptiFineTransformer:getOptiFineResourcePatched:414]: 	at cpw.mods.bootstraplauncher@1.1.2/cpw.mods.bootstraplauncher.BootstrapLauncher.main(BootstrapLauncher.java:141)
[30Jul2025 16:15:23.373] [Server thread/INFO] [net.minecraft.server.dedicated.DedicatedServer/]: Starting minecraft server version 1.20.1
[30Jul2025 16:15:23.374] [Server thread/INFO] [net.minecraft.server.dedicated.DedicatedServer/]: Loading properties
[30Jul2025 16:15:23.374] [Server thread/INFO] [net.minecraft.server.dedicated.DedicatedServer/]: Default game type: SURVIVAL
[30Jul2025 16:15:23.377] [Server thread/INFO] [net.minecraft.server.MinecraftServer/]: Generating keypair
[30Jul2025 16:15:23.464] [Server thread/INFO] [net.minecraft.server.dedicated.DedicatedServer/]: Starting Minecraft server on *:25565
[30Jul2025 16:15:23.483] [Server thread/INFO] [net.minecraft.server.network.ServerConnectionListener/]: Using epoll channel type
[30Jul2025 16:15:23.547] [Server thread/WARN] [net.minecraft.server.dedicated.DedicatedServer/]: **** SERVER IS RUNNING IN OFFLINE/INSECURE MODE!
[30Jul2025 16:15:23.548] [Server thread/WARN] [net.minecraft.server.dedicated.DedicatedServer/]: The server will make no attempt to authenticate usernames. Beware.
[30Jul2025 16:15:23.548] [Server thread/WARN] [net.minecraft.server.dedicated.DedicatedServer/]: While this makes the game possible to play without internet access, it also opens up the ability for hackers to connect with any username they choose.
[30Jul2025 16:15:23.548] [Server thread/WARN] [net.minecraft.server.dedicated.DedicatedServer/]: To change this, set "online-mode" to "true" in the server.properties file.
[30Jul2025 16:15:23.691] [Server thread/INFO] [net.minecraft.server.dedicated.DedicatedServer/]: Preparing level "world"
[30Jul2025 16:15:23.769] [Server thread/INFO] [STDERR/]: [optifine.OptiFineTransformer:getOptiFineResourcePatched:414]: java.io.IOException: Base resource not found: dfx.class
[30Jul2025 16:15:23.769] [Server thread/INFO] [STDERR/]: [optifine.OptiFineTransformer:getOptiFineResourcePatched:414]: 	at LAYER SERVICE/optifine/optifine.Patcher.applyPatch(Patcher.java:146)
[30Jul2025 16:15:23.769] [Server thread/INFO] [STDERR/]: [optifine.OptiFineTransformer:getOptiFineResourcePatched:414]: 	at LAYER SERVICE/optifine/optifine.OptiFineTransformer.getOptiFineResourcePatched(OptiFineTransformer.java:396)
[30Jul2025 16:15:23.770] [Server thread/INFO] [STDERR/]: [optifine.OptiFineTransformer:getOptiFineResourcePatched:414]: 	at LAYER SERVICE/optifine/optifine.OptiFineTransformer.getOptiFineResourceStreamPatched(OptiFineTransformer.java:368)
[30Jul2025 16:15:23.770] [Server thread/INFO] [STDERR/]: [optifine.OptiFineTransformer:getOptiFineResourcePatched:414]: 	at LAYER SERVICE/optifine/optifine.OptiFineTransformer.getOptiFineResourceStream(OptiFineTransformer.java:291)
[30Jul2025 16:15:23.770] [Server thread/INFO] [STDERR/]: [optifine.OptiFineTransformer:getOptiFineResourcePatched:414]: 	at LAYER SERVICE/optifine/optifine.OptiFineTransformer.getOptiFineResource(OptiFineTransformer.java:260)
[30Jul2025 16:15:23.770] [Server thread/INFO] [STDERR/]: [optifine.OptiFineTransformer:getOptiFineResourcePatched:414]: 	at LAYER SERVICE/optifine/optifine.OptiFineTransformer.transform(OptiFineTransformer.java:171)
[30Jul2025 16:15:23.771] [Server thread/INFO] [STDERR/]: [optifine.OptiFineTransformer:getOptiFineResourcePatched:414]: 	at LAYER SERVICE/optifine/optifine.OptiFineTransformer.transform(OptiFineTransformer.java:1)
[30Jul2025 16:15:23.771] [Server thread/INFO] [STDERR/]: [optifine.OptiFineTransformer:getOptiFineResourcePatched:414]: 	at MC-BOOTSTRAP/cpw.mods.modlauncher@10.0.9/cpw.mods.modlauncher.TransformerHolder.transform(TransformerHolder.java:41)
[30Jul2025 16:15:23.771] [Server thread/INFO] [STDERR/]: [optifine.OptiFineTransformer:getOptiFineResourcePatched:414]: 	at MC-BOOTSTRAP/cpw.mods.modlauncher@10.0.9/cpw.mods.modlauncher.ClassTransformer.performVote(ClassTransformer.java:179)
[30Jul2025 16:15:23.772] [Server thread/INFO] [STDERR/]: [optifine.OptiFineTransformer:getOptiFineResourcePatched:414]: 	at MC-BOOTSTRAP/cpw.mods.modlauncher@10.0.9/cpw.mods.modlauncher.ClassTransformer.transform(ClassTransformer.java:98)
[30Jul2025 16:15:23.772] [Server thread/INFO] [STDERR/]: [optifine.OptiFineTransformer:getOptiFineResourcePatched:414]: 	at MC-BOOTSTRAP/cpw.mods.modlauncher@10.0.9/cpw.mods.modlauncher.TransformingClassLoader.maybeTransformClassBytes(TransformingClassLoader.java:50)
[30Jul2025 16:15:23.772] [Server thread/INFO] [STDERR/]: [optifine.OptiFineTransformer:getOptiFineResourcePatched:414]: 	at cpw.mods.securejarhandler/cpw.mods.cl.ModuleClassLoader.readerToClass(ModuleClassLoader.java:113)
[30Jul2025 16:15:23.772] [Server thread/INFO] [STDERR/]: [optifine.OptiFineTransformer:getOptiFineResourcePatched:414]: 	at cpw.mods.securejarhandler/cpw.mods.cl.ModuleClassLoader.lambda$findClass$15(ModuleClassLoader.java:219)
[30Jul2025 16:15:23.773] [Server thread/INFO] [STDERR/]: [optifine.OptiFineTransformer:getOptiFineResourcePatched:414]: 	at cpw.mods.securejarhandler/cpw.mods.cl.ModuleClassLoader.loadFromModule(ModuleClassLoader.java:229)
[30Jul2025 16:15:23.773] [Server thread/INFO] [STDERR/]: [optifine.OptiFineTransformer:getOptiFineResourcePatched:414]: 	at cpw.mods.securejarhandler/cpw.mods.cl.ModuleClassLoader.findClass(ModuleClassLoader.java:219)
[30Jul2025 16:15:23.773] [Server thread/INFO] [STDERR/]: [optifine.OptiFineTransformer:getOptiFineResourcePatched:414]: 	at cpw.mods.securejarhandler/cpw.mods.cl.ModuleClassLoader.loadClass(ModuleClassLoader.java:135)
[30Jul2025 16:15:23.773] [Server thread/INFO] [STDERR/]: [optifine.OptiFineTransformer:getOptiFineResourcePatched:414]: 	at java.base/java.lang.ClassLoader.loadClass(ClassLoader.java:525)
[30Jul2025 16:15:23.774] [Server thread/INFO] [STDERR/]: [optifine.OptiFineTransformer:getOptiFineResourcePatched:414]: 	at TRANSFORMER/minecraft@1.20.1/net.minecraft.world.level.entity.PersistentEntitySectionManager.<init>(PersistentEntitySectionManager.java:46)
[30Jul2025 16:15:23.774] [Server thread/INFO] [STDERR/]: [optifine.OptiFineTransformer:getOptiFineResourcePatched:414]: 	at TRANSFORMER/minecraft@1.20.1/net.minecraft.server.level.ServerLevel.<init>(ServerLevel.java:208)
[30Jul2025 16:15:23.774] [Server thread/INFO] [STDERR/]: [optifine.OptiFineTransformer:getOptiFineResourcePatched:414]: 	at TRANSFORMER/minecraft@1.20.1/net.minecraft.server.MinecraftServer.m_129815_(MinecraftServer.java:337)
[30Jul2025 16:15:23.774] [Server thread/INFO] [STDERR/]: [optifine.OptiFineTransformer:getOptiFineResourcePatched:414]: 	at TRANSFORMER/minecraft@1.20.1/net.minecraft.server.MinecraftServer.m_130006_(MinecraftServer.java:308)
[30Jul2025 16:15:23.775] [Server thread/INFO] [STDERR/]: [optifine.OptiFineTransformer:getOptiFineResourcePatched:414]: 	at TRANSFORMER/minecraft@1.20.1/net.minecraft.server.dedicated.DedicatedServer.m_7038_(DedicatedServer.java:164)
[30Jul2025 16:15:23.775] [Server thread/INFO] [STDERR/]: [optifine.OptiFineTransformer:getOptiFineResourcePatched:414]: 	at TRANSFORMER/minecraft@1.20.1/net.minecraft.server.MinecraftServer.m_130011_(MinecraftServer.java:634)
[30Jul2025 16:15:23.775] [Server thread/INFO] [STDERR/]: [optifine.OptiFineTransformer:getOptiFineResourcePatched:414]: 	at TRANSFORMER/minecraft@1.20.1/net.minecraft.server.MinecraftServer.m_206580_(MinecraftServer.java:251)
[30Jul2025 16:15:23.776] [Server thread/INFO] [STDERR/]: [optifine.OptiFineTransformer:getOptiFineResourcePatched:414]: 	at java.base/java.lang.Thread.run(Thread.java:840)
[30Jul2025 16:15:23.788] [Server thread/INFO] [STDERR/]: [optifine.OptiFineTransformer:getOptiFineResourcePatched:414]: java.io.IOException: Base resource not found: ahr.class
[30Jul2025 16:15:23.788] [Server thread/INFO] [STDERR/]: [optifine.OptiFineTransformer:getOptiFineResourcePatched:414]: 	at LAYER SERVICE/optifine/optifine.Patcher.applyPatch(Patcher.java:146)
[30Jul2025 16:15:23.788] [Server thread/INFO] [STDERR/]: [optifine.OptiFineTransformer:getOptiFineResourcePatched:414]: 	at LAYER SERVICE/optifine/optifine.OptiFineTransformer.getOptiFineResourcePatched(OptiFineTransformer.java:396)
[30Jul2025 16:15:23.789] [Server thread/INFO] [STDERR/]: [optifine.OptiFineTransformer:getOptiFineResourcePatched:414]: 	at LAYER SERVICE/optifine/optifine.OptiFineTransformer.getOptiFineResourceStreamPatched(OptiFineTransformer.java:368)
[30Jul2025 16:15:23.789] [Server thread/INFO] [STDERR/]: [optifine.OptiFineTransformer:getOptiFineResourcePatched:414]: 	at LAYER SERVICE/optifine/optifine.OptiFineTransformer.getOptiFineResourceStream(OptiFineTransformer.java:291)
[30Jul2025 16:15:23.789] [Server thread/INFO] [STDERR/]: [optifine.OptiFineTransformer:getOptiFineResourcePatched:414]: 	at LAYER SERVICE/optifine/optifine.OptiFineTransformer.getOptiFineResource(OptiFineTransformer.java:260)
[30Jul2025 16:15:23.789] [Server thread/INFO] [STDERR/]: [optifine.OptiFineTransformer:getOptiFineResourcePatched:414]: 	at LAYER SERVICE/optifine/optifine.OptiFineTransformer.transform(OptiFineTransformer.java:171)
[30Jul2025 16:15:23.790] [Server thread/INFO] [STDERR/]: [optifine.OptiFineTransformer:getOptiFineResourcePatched:414]: 	at LAYER SERVICE/optifine/optifine.OptiFineTransformer.transform(OptiFineTransformer.java:1)
[30Jul2025 16:15:23.790] [Server thread/INFO] [STDERR/]: [optifine.OptiFineTransformer:getOptiFineResourcePatched:414]: 	at MC-BOOTSTRAP/cpw.mods.modlauncher@10.0.9/cpw.mods.modlauncher.TransformerHolder.transform(TransformerHolder.java:41)
[30Jul2025 16:15:23.790] [Server thread/INFO] [STDERR/]: [optifine.OptiFineTransformer:getOptiFineResourcePatched:414]: 	at MC-BOOTSTRAP/cpw.mods.modlauncher@10.0.9/cpw.mods.modlauncher.ClassTransformer.performVote(ClassTransformer.java:179)
[30Jul2025 16:15:23.790] [Server thread/INFO] [STDERR/]: [optifine.OptiFineTransformer:getOptiFineResourcePatched:414]: 	at MC-BOOTSTRAP/cpw.mods.modlauncher@10.0.9/cpw.mods.modlauncher.ClassTransformer.transform(ClassTransformer.java:98)
[30Jul2025 16:15:23.791] [Server thread/INFO] [STDERR/]: [optifine.OptiFineTransformer:getOptiFineResourcePatched:414]: 	at MC-BOOTSTRAP/cpw.mods.modlauncher@10.0.9/cpw.mods.modlauncher.TransformingClassLoader.maybeTransformClassBytes(TransformingClassLoader.java:50)
[30Jul2025 16:15:23.791] [Server thread/INFO] [STDERR/]: [optifine.OptiFineTransformer:getOptiFineResourcePatched:414]: 	at cpw.mods.securejarhandler/cpw.mods.cl.ModuleClassLoader.readerToClass(ModuleClassLoader.java:113)
[30Jul2025 16:15:23.791] [Server thread/INFO] [STDERR/]: [optifine.OptiFineTransformer:getOptiFineResourcePatched:414]: 	at cpw.mods.securejarhandler/cpw.mods.cl.ModuleClassLoader.lambda$findClass$15(ModuleClassLoader.java:219)
[30Jul2025 16:15:23.791] [Server thread/INFO] [STDERR/]: [optifine.OptiFineTransformer:getOptiFineResourcePatched:414]: 	at cpw.mods.securejarhandler/cpw.mods.cl.ModuleClassLoader.loadFromModule(ModuleClassLoader.java:229)
[30Jul2025 16:15:23.792] [Server thread/INFO] [STDERR/]: [optifine.OptiFineTransformer:getOptiFineResourcePatched:414]: 	at cpw.mods.securejarhandler/cpw.mods.cl.ModuleClassLoader.findClass(ModuleClassLoader.java:219)
[30Jul2025 16:15:23.792] [Server thread/INFO] [STDERR/]: [optifine.OptiFineTransformer:getOptiFineResourcePatched:414]: 	at cpw.mods.securejarhandler/cpw.mods.cl.ModuleClassLoader.loadClass(ModuleClassLoader.java:135)
[30Jul2025 16:15:23.792] [Server thread/INFO] [STDERR/]: [optifine.OptiFineTransformer:getOptiFineResourcePatched:414]: 	at java.base/java.lang.ClassLoader.loadClass(ClassLoader.java:525)
[30Jul2025 16:15:23.792] [Server thread/INFO] [STDERR/]: [optifine.OptiFineTransformer:getOptiFineResourcePatched:414]: 	at TRANSFORMER/minecraft@1.20.1/net.minecraft.server.level.ServerChunkCache.<init>(ServerChunkCache.java:77)
[30Jul2025 16:15:23.793] [Server thread/INFO] [STDERR/]: [optifine.OptiFineTransformer:getOptiFineResourcePatched:414]: 	at TRANSFORMER/minecraft@1.20.1/net.minecraft.server.level.ServerLevel.<init>(ServerLevel.java:209)
[30Jul2025 16:15:23.793] [Server thread/INFO] [STDERR/]: [optifine.OptiFineTransformer:getOptiFineResourcePatched:414]: 	at TRANSFORMER/minecraft@1.20.1/net.minecraft.server.MinecraftServer.m_129815_(MinecraftServer.java:337)
[30Jul2025 16:15:23.793] [Server thread/INFO] [STDERR/]: [optifine.OptiFineTransformer:getOptiFineResourcePatched:414]: 	at TRANSFORMER/minecraft@1.20.1/net.minecraft.server.MinecraftServer.m_130006_(MinecraftServer.java:308)
[30Jul2025 16:15:23.793] [Server thread/INFO] [STDERR/]: [optifine.OptiFineTransformer:getOptiFineResourcePatched:414]: 	at TRANSFORMER/minecraft@1.20.1/net.minecraft.server.dedicated.DedicatedServer.m_7038_(DedicatedServer.java:164)
[30Jul2025 16:15:23.794] [Server thread/INFO] [STDERR/]: [optifine.OptiFineTransformer:getOptiFineResourcePatched:414]: 	at TRANSFORMER/minecraft@1.20.1/net.minecraft.server.MinecraftServer.m_130011_(MinecraftServer.java:634)
[30Jul2025 16:15:23.794] [Server thread/INFO] [STDERR/]: [optifine.OptiFineTransformer:getOptiFineResourcePatched:414]: 	at TRANSFORMER/minecraft@1.20.1/net.minecraft.server.MinecraftServer.m_206580_(MinecraftServer.java:251)
[30Jul2025 16:15:23.794] [Server thread/INFO] [STDERR/]: [optifine.OptiFineTransformer:getOptiFineResourcePatched:414]: 	at java.base/java.lang.Thread.run(Thread.java:840)
[30Jul2025 16:15:23.798] [Server thread/INFO] [STDERR/]: [optifine.OptiFineTransformer:getOptiFineResourcePatched:414]: java.io.IOException: Base resource not found: ahx.class
[30Jul2025 16:15:23.798] [Server thread/INFO] [STDERR/]: [optifine.OptiFineTransformer:getOptiFineResourcePatched:414]: 	at LAYER SERVICE/optifine/optifine.Patcher.applyPatch(Patcher.java:146)
[30Jul2025 16:15:23.798] [Server thread/INFO] [STDERR/]: [optifine.OptiFineTransformer:getOptiFineResourcePatched:414]: 	at LAYER SERVICE/optifine/optifine.OptiFineTransformer.getOptiFineResourcePatched(OptiFineTransformer.java:396)
[30Jul2025 16:15:23.799] [Server thread/INFO] [STDERR/]: [optifine.OptiFineTransformer:getOptiFineResourcePatched:414]: 	at LAYER SERVICE/optifine/optifine.OptiFineTransformer.getOptiFineResourceStreamPatched(OptiFineTransformer.java:368)
[30Jul2025 16:15:23.799] [Server thread/INFO] [STDERR/]: [optifine.OptiFineTransformer:getOptiFineResourcePatched:414]: 	at LAYER SERVICE/optifine/optifine.OptiFineTransformer.getOptiFineResourceStream(OptiFineTransformer.java:291)
[30Jul2025 16:15:23.799] [Server thread/INFO] [STDERR/]: [optifine.OptiFineTransformer:getOptiFineResourcePatched:414]: 	at LAYER SERVICE/optifine/optifine.OptiFineTransformer.getOptiFineResource(OptiFineTransformer.java:260)
[30Jul2025 16:15:23.800] [Server thread/INFO] [STDERR/]: [optifine.OptiFineTransformer:getOptiFineResourcePatched:414]: 	at LAYER SERVICE/optifine/optifine.OptiFineTransformer.transform(OptiFineTransformer.java:171)
[30Jul2025 16:15:23.800] [Server thread/INFO] [STDERR/]: [optifine.OptiFineTransformer:getOptiFineResourcePatched:414]: 	at LAYER SERVICE/optifine/optifine.OptiFineTransformer.transform(OptiFineTransformer.java:1)
[30Jul2025 16:15:23.800] [Server thread/INFO] [STDERR/]: [optifine.OptiFineTransformer:getOptiFineResourcePatched:414]: 	at MC-BOOTSTRAP/cpw.mods.modlauncher@10.0.9/cpw.mods.modlauncher.TransformerHolder.transform(TransformerHolder.java:41)
[30Jul2025 16:15:23.801] [Server thread/INFO] [STDERR/]: [optifine.OptiFineTransformer:getOptiFineResourcePatched:414]: 	at MC-BOOTSTRAP/cpw.mods.modlauncher@10.0.9/cpw.mods.modlauncher.ClassTransformer.performVote(ClassTransformer.java:179)
[30Jul2025 16:15:23.801] [Server thread/INFO] [STDERR/]: [optifine.OptiFineTransformer:getOptiFineResourcePatched:414]: 	at MC-BOOTSTRAP/cpw.mods.modlauncher@10.0.9/cpw.mods.modlauncher.ClassTransformer.transform(ClassTransformer.java:98)
[30Jul2025 16:15:23.801] [Server thread/INFO] [STDERR/]: [optifine.OptiFineTransformer:getOptiFineResourcePatched:414]: 	at MC-BOOTSTRAP/cpw.mods.modlauncher@10.0.9/cpw.mods.modlauncher.TransformingClassLoader.maybeTransformClassBytes(TransformingClassLoader.java:50)
[30Jul2025 16:15:23.801] [Server thread/INFO] [STDERR/]: [optifine.OptiFineTransformer:getOptiFineResourcePatched:414]: 	at cpw.mods.securejarhandler/cpw.mods.cl.ModuleClassLoader.getMaybeTransformedClassBytes(ModuleClassLoader.java:250)
[30Jul2025 16:15:23.802] [Server thread/INFO] [STDERR/]: [optifine.OptiFineTransformer:getOptiFineResourcePatched:414]: 	at MC-BOOTSTRAP/cpw.mods.modlauncher@10.0.9/cpw.mods.modlauncher.TransformingClassLoader.buildTransformedClassNodeFor(TransformingClassLoader.java:58)
[30Jul2025 16:15:23.802] [Server thread/INFO] [STDERR/]: [optifine.OptiFineTransformer:getOptiFineResourcePatched:414]: 	at MC-BOOTSTRAP/cpw.mods.modlauncher@10.0.9/cpw.mods.modlauncher.LaunchPluginHandler.lambda$announceLaunch$10(LaunchPluginHandler.java:100)
[30Jul2025 16:15:23.802] [Server thread/INFO] [STDERR/]: [optifine.OptiFineTransformer:getOptiFineResourcePatched:414]: 	at MC-BOOTSTRAP/org.spongepowered.mixin/org.spongepowered.asm.launch.MixinLaunchPluginLegacy.getClassNode(MixinLaunchPluginLegacy.java:222)
[30Jul2025 16:15:23.802] [Server thread/INFO] [STDERR/]: [optifine.OptiFineTransformer:getOptiFineResourcePatched:414]: 	at MC-BOOTSTRAP/org.spongepowered.mixin/org.spongepowered.asm.launch.MixinLaunchPluginLegacy.getClassNode(MixinLaunchPluginLegacy.java:207)
[30Jul2025 16:15:23.803] [Server thread/INFO] [STDERR/]: [optifine.OptiFineTransformer:getOptiFineResourcePatched:414]: 	at MC-BOOTSTRAP/org.spongepowered.mixin/org.spongepowered.asm.mixin.transformer.ClassInfo.forName(ClassInfo.java:2005)
[30Jul2025 16:15:23.803] [Server thread/INFO] [STDERR/]: [optifine.OptiFineTransformer:getOptiFineResourcePatched:414]: 	at MC-BOOTSTRAP/org.spongepowered.mixin/org.spongepowered.asm.mixin.transformer.ClassInfo.getSuperClass(ClassInfo.java:1106)
[30Jul2025 16:15:23.803] [Server thread/INFO] [STDERR/]: [optifine.OptiFineTransformer:getOptiFineResourcePatched:414]: 	at MC-BOOTSTRAP/org.spongepowered.mixin/org.spongepowered.asm.mixin.transformer.ClassInfo.findInHierarchy(ClassInfo.java:1789)
[30Jul2025 16:15:23.803] [Server thread/INFO] [STDERR/]: [optifine.OptiFineTransformer:getOptiFineResourcePatched:414]: 	at MC-BOOTSTRAP/org.spongepowered.mixin/org.spongepowered.asm.mixin.transformer.ClassInfo.findMethodInHierarchy(ClassInfo.java:1671)
[30Jul2025 16:15:23.804] [Server thread/INFO] [STDERR/]: [optifine.OptiFineTransformer:getOptiFineResourcePatched:414]: 	at MC-BOOTSTRAP/org.spongepowered.mixin/org.spongepowered.asm.mixin.transformer.ClassInfo.findMethodInHierarchy(ClassInfo.java:1632)
[30Jul2025 16:15:23.804] [Server thread/INFO] [STDERR/]: [optifine.OptiFineTransformer:getOptiFineResourcePatched:414]: 	at MC-BOOTSTRAP/org.spongepowered.mixin/org.spongepowered.asm.mixin.transformer.MixinPreProcessorStandard.transformMethod(MixinPreProcessorStandard.java:757)
[30Jul2025 16:15:23.804] [Server thread/INFO] [STDERR/]: [optifine.OptiFineTransformer:getOptiFineResourcePatched:414]: 	at MC-BOOTSTRAP/org.spongepowered.mixin/org.spongepowered.asm.mixin.transformer.MixinPreProcessorStandard.transform(MixinPreProcessorStandard.java:739)
[30Jul2025 16:15:23.804] [Server thread/INFO] [STDERR/]: [optifine.OptiFineTransformer:getOptiFineResourcePatched:414]: 	at MC-BOOTSTRAP/org.spongepowered.mixin/org.spongepowered.asm.mixin.transformer.MixinPreProcessorStandard.attach(MixinPreProcessorStandard.java:310)
[30Jul2025 16:15:23.805] [Server thread/INFO] [STDERR/]: [optifine.OptiFineTransformer:getOptiFineResourcePatched:414]: 	at MC-BOOTSTRAP/org.spongepowered.mixin/org.spongepowered.asm.mixin.transformer.MixinPreProcessorStandard.createContextFor(MixinPreProcessorStandard.java:280)
[30Jul2025 16:15:23.805] [Server thread/INFO] [STDERR/]: [optifine.OptiFineTransformer:getOptiFineResourcePatched:414]: 	at MC-BOOTSTRAP/org.spongepowered.mixin/org.spongepowered.asm.mixin.transformer.MixinInfo.createContextFor(MixinInfo.java:1288)
[30Jul2025 16:15:23.805] [Server thread/INFO] [STDERR/]: [optifine.OptiFineTransformer:getOptiFineResourcePatched:414]: 	at MC-BOOTSTRAP/org.spongepowered.mixin/org.spongepowered.asm.mixin.transformer.MixinApplicatorStandard.apply(MixinApplicatorStandard.java:292)
[30Jul2025 16:15:23.806] [Server thread/INFO] [STDERR/]: [optifine.OptiFineTransformer:getOptiFineResourcePatched:414]: 	at MC-BOOTSTRAP/org.spongepowered.mixin/org.spongepowered.asm.mixin.transformer.TargetClassContext.apply(TargetClassContext.java:383)
[30Jul2025 16:15:23.806] [Server thread/INFO] [STDERR/]: [optifine.OptiFineTransformer:getOptiFineResourcePatched:414]: 	at MC-BOOTSTRAP/org.spongepowered.mixin/org.spongepowered.asm.mixin.transformer.TargetClassContext.applyMixins(TargetClassContext.java:365)
[30Jul2025 16:15:23.806] [Server thread/INFO] [STDERR/]: [optifine.OptiFineTransformer:getOptiFineResourcePatched:414]: 	at MC-BOOTSTRAP/org.spongepowered.mixin/org.spongepowered.asm.mixin.transformer.MixinProcessor.applyMixins(MixinProcessor.java:363)
[30Jul2025 16:15:23.806] [Server thread/INFO] [STDERR/]: [optifine.OptiFineTransformer:getOptiFineResourcePatched:414]: 	at MC-BOOTSTRAP/org.spongepowered.mixin/org.spongepowered.asm.mixin.transformer.MixinTransformer.transformClass(MixinTransformer.java:250)
[30Jul2025 16:15:23.807] [Server thread/INFO] [STDERR/]: [optifine.OptiFineTransformer:getOptiFineResourcePatched:414]: 	at MC-BOOTSTRAP/org.spongepowered.mixin/org.spongepowered.asm.service.modlauncher.MixinTransformationHandler.processClass(MixinTransformationHandler.java:131)
[30Jul2025 16:15:23.807] [Server thread/INFO] [STDERR/]: [optifine.OptiFineTransformer:getOptiFineResourcePatched:414]: 	at MC-BOOTSTRAP/org.spongepowered.mixin/org.spongepowered.asm.launch.MixinLaunchPluginLegacy.processClass(MixinLaunchPluginLegacy.java:131)
[30Jul2025 16:15:23.807] [Server thread/INFO] [STDERR/]: [optifine.OptiFineTransformer:getOptiFineResourcePatched:414]: 	at MC-BOOTSTRAP/cpw.mods.modlauncher@10.0.9/cpw.mods.modlauncher.serviceapi.ILaunchPluginService.processClassWithFlags(ILaunchPluginService.java:156)
[30Jul2025 16:15:23.808] [Server thread/INFO] [STDERR/]: [optifine.OptiFineTransformer:getOptiFineResourcePatched:414]: 	at MC-BOOTSTRAP/cpw.mods.modlauncher@10.0.9/cpw.mods.modlauncher.LaunchPluginHandler.offerClassNodeToPlugins(LaunchPluginHandler.java:88)
[30Jul2025 16:15:23.808] [Server thread/INFO] [STDERR/]: [optifine.OptiFineTransformer:getOptiFineResourcePatched:414]: 	at MC-BOOTSTRAP/cpw.mods.modlauncher@10.0.9/cpw.mods.modlauncher.ClassTransformer.transform(ClassTransformer.java:120)
[30Jul2025 16:15:23.808] [Server thread/INFO] [STDERR/]: [optifine.OptiFineTransformer:getOptiFineResourcePatched:414]: 	at MC-BOOTSTRAP/cpw.mods.modlauncher@10.0.9/cpw.mods.modlauncher.TransformingClassLoader.maybeTransformClassBytes(TransformingClassLoader.java:50)
[30Jul2025 16:15:23.808] [Server thread/INFO] [STDERR/]: [optifine.OptiFineTransformer:getOptiFineResourcePatched:414]: 	at cpw.mods.securejarhandler/cpw.mods.cl.ModuleClassLoader.readerToClass(ModuleClassLoader.java:113)
[30Jul2025 16:15:23.808] [Server thread/INFO] [STDERR/]: [optifine.OptiFineTransformer:getOptiFineResourcePatched:414]: 	at cpw.mods.securejarhandler/cpw.mods.cl.ModuleClassLoader.lambda$findClass$15(ModuleClassLoader.java:219)
[30Jul2025 16:15:23.809] [Server thread/INFO] [STDERR/]: [optifine.OptiFineTransformer:getOptiFineResourcePatched:414]: 	at cpw.mods.securejarhandler/cpw.mods.cl.ModuleClassLoader.loadFromModule(ModuleClassLoader.java:229)
[30Jul2025 16:15:23.809] [Server thread/INFO] [STDERR/]: [optifine.OptiFineTransformer:getOptiFineResourcePatched:414]: 	at cpw.mods.securejarhandler/cpw.mods.cl.ModuleClassLoader.findClass(ModuleClassLoader.java:219)
[30Jul2025 16:15:23.809] [Server thread/INFO] [STDERR/]: [optifine.OptiFineTransformer:getOptiFineResourcePatched:414]: 	at cpw.mods.securejarhandler/cpw.mods.cl.ModuleClassLoader.loadClass(ModuleClassLoader.java:135)
[30Jul2025 16:15:23.810] [Server thread/INFO] [STDERR/]: [optifine.OptiFineTransformer:getOptiFineResourcePatched:414]: 	at java.base/java.lang.ClassLoader.loadClass(ClassLoader.java:525)
[30Jul2025 16:15:23.810] [Server thread/INFO] [STDERR/]: [optifine.OptiFineTransformer:getOptiFineResourcePatched:414]: 	at TRANSFORMER/minecraft@1.20.1/net.minecraft.server.level.ServerChunkCache.<init>(ServerChunkCache.java:77)
[30Jul2025 16:15:23.810] [Server thread/INFO] [STDERR/]: [optifine.OptiFineTransformer:getOptiFineResourcePatched:414]: 	at TRANSFORMER/minecraft@1.20.1/net.minecraft.server.level.ServerLevel.<init>(ServerLevel.java:209)
[30Jul2025 16:15:23.810] [Server thread/INFO] [STDERR/]: [optifine.OptiFineTransformer:getOptiFineResourcePatched:414]: 	at TRANSFORMER/minecraft@1.20.1/net.minecraft.server.MinecraftServer.m_129815_(MinecraftServer.java:337)
[30Jul2025 16:15:23.811] [Server thread/INFO] [STDERR/]: [optifine.OptiFineTransformer:getOptiFineResourcePatched:414]: 	at TRANSFORMER/minecraft@1.20.1/net.minecraft.server.MinecraftServer.m_130006_(MinecraftServer.java:308)
[30Jul2025 16:15:23.811] [Server thread/INFO] [STDERR/]: [optifine.OptiFineTransformer:getOptiFineResourcePatched:414]: 	at TRANSFORMER/minecraft@1.20.1/net.minecraft.server.dedicated.DedicatedServer.m_7038_(DedicatedServer.java:164)
[30Jul2025 16:15:23.811] [Server thread/INFO] [STDERR/]: [optifine.OptiFineTransformer:getOptiFineResourcePatched:414]: 	at TRANSFORMER/minecraft@1.20.1/net.minecraft.server.MinecraftServer.m_130011_(MinecraftServer.java:634)
[30Jul2025 16:15:23.811] [Server thread/INFO] [STDERR/]: [optifine.OptiFineTransformer:getOptiFineResourcePatched:414]: 	at TRANSFORMER/minecraft@1.20.1/net.minecraft.server.MinecraftServer.m_206580_(MinecraftServer.java:251)
[30Jul2025 16:15:23.812] [Server thread/INFO] [STDERR/]: [optifine.OptiFineTransformer:getOptiFineResourcePatched:414]: 	at java.base/java.lang.Thread.run(Thread.java:840)
[30Jul2025 16:15:23.830] [Server thread/INFO] [STDERR/]: [optifine.OptiFineTransformer:getOptiFineResourcePatched:414]: java.io.IOException: Base resource not found: ahx.class
[30Jul2025 16:15:23.830] [Server thread/INFO] [STDERR/]: [optifine.OptiFineTransformer:getOptiFineResourcePatched:414]: 	at LAYER SERVICE/optifine/optifine.Patcher.applyPatch(Patcher.java:146)
[30Jul2025 16:15:23.831] [Server thread/INFO] [STDERR/]: [optifine.OptiFineTransformer:getOptiFineResourcePatched:414]: 	at LAYER SERVICE/optifine/optifine.OptiFineTransformer.getOptiFineResourcePatched(OptiFineTransformer.java:396)
[30Jul2025 16:15:23.831] [Server thread/INFO] [STDERR/]: [optifine.OptiFineTransformer:getOptiFineResourcePatched:414]: 	at LAYER SERVICE/optifine/optifine.OptiFineTransformer.getOptiFineResourceStreamPatched(OptiFineTransformer.java:368)
[30Jul2025 16:15:23.831] [Server thread/INFO] [STDERR/]: [optifine.OptiFineTransformer:getOptiFineResourcePatched:414]: 	at LAYER SERVICE/optifine/optifine.OptiFineTransformer.getOptiFineResourceStream(OptiFineTransformer.java:291)
[30Jul2025 16:15:23.832] [Server thread/INFO] [STDERR/]: [optifine.OptiFineTransformer:getOptiFineResourcePatched:414]: 	at LAYER SERVICE/optifine/optifine.OptiFineTransformer.getOptiFineResource(OptiFineTransformer.java:260)
[30Jul2025 16:15:23.832] [Server thread/INFO] [STDERR/]: [optifine.OptiFineTransformer:getOptiFineResourcePatched:414]: 	at LAYER SERVICE/optifine/optifine.OptiFineTransformer.transform(OptiFineTransformer.java:171)
[30Jul2025 16:15:23.832] [Server thread/INFO] [STDERR/]: [optifine.OptiFineTransformer:getOptiFineResourcePatched:414]: 	at LAYER SERVICE/optifine/optifine.OptiFineTransformer.transform(OptiFineTransformer.java:1)
[30Jul2025 16:15:23.832] [Server thread/INFO] [STDERR/]: [optifine.OptiFineTransformer:getOptiFineResourcePatched:414]: 	at MC-BOOTSTRAP/cpw.mods.modlauncher@10.0.9/cpw.mods.modlauncher.TransformerHolder.transform(TransformerHolder.java:41)
[30Jul2025 16:15:23.832] [Server thread/INFO] [STDERR/]: [optifine.OptiFineTransformer:getOptiFineResourcePatched:414]: 	at MC-BOOTSTRAP/cpw.mods.modlauncher@10.0.9/cpw.mods.modlauncher.ClassTransformer.performVote(ClassTransformer.java:179)
[30Jul2025 16:15:23.833] [Server thread/INFO] [STDERR/]: [optifine.OptiFineTransformer:getOptiFineResourcePatched:414]: 	at MC-BOOTSTRAP/cpw.mods.modlauncher@10.0.9/cpw.mods.modlauncher.ClassTransformer.transform(ClassTransformer.java:98)
[30Jul2025 16:15:23.833] [Server thread/INFO] [STDERR/]: [optifine.OptiFineTransformer:getOptiFineResourcePatched:414]: 	at MC-BOOTSTRAP/cpw.mods.modlauncher@10.0.9/cpw.mods.modlauncher.TransformingClassLoader.maybeTransformClassBytes(TransformingClassLoader.java:50)
[30Jul2025 16:15:23.833] [Server thread/INFO] [STDERR/]: [optifine.OptiFineTransformer:getOptiFineResourcePatched:414]: 	at cpw.mods.securejarhandler/cpw.mods.cl.ModuleClassLoader.readerToClass(ModuleClassLoader.java:113)
[30Jul2025 16:15:23.833] [Server thread/INFO] [STDERR/]: [optifine.OptiFineTransformer:getOptiFineResourcePatched:414]: 	at cpw.mods.securejarhandler/cpw.mods.cl.ModuleClassLoader.lambda$findClass$15(ModuleClassLoader.java:219)
[30Jul2025 16:15:23.834] [Server thread/INFO] [STDERR/]: [optifine.OptiFineTransformer:getOptiFineResourcePatched:414]: 	at cpw.mods.securejarhandler/cpw.mods.cl.ModuleClassLoader.loadFromModule(ModuleClassLoader.java:229)
[30Jul2025 16:15:23.834] [Server thread/INFO] [STDERR/]: [optifine.OptiFineTransformer:getOptiFineResourcePatched:414]: 	at cpw.mods.securejarhandler/cpw.mods.cl.ModuleClassLoader.findClass(ModuleClassLoader.java:219)
[30Jul2025 16:15:23.834] [Server thread/INFO] [STDERR/]: [optifine.OptiFineTransformer:getOptiFineResourcePatched:414]: 	at cpw.mods.securejarhandler/cpw.mods.cl.ModuleClassLoader.loadClass(ModuleClassLoader.java:135)
[30Jul2025 16:15:23.834] [Server thread/INFO] [STDERR/]: [optifine.OptiFineTransformer:getOptiFineResourcePatched:414]: 	at java.base/java.lang.ClassLoader.loadClass(ClassLoader.java:525)
[30Jul2025 16:15:23.835] [Server thread/INFO] [STDERR/]: [optifine.OptiFineTransformer:getOptiFineResourcePatched:414]: 	at TRANSFORMER/minecraft@1.20.1/net.minecraft.server.level.ServerChunkCache.<init>(ServerChunkCache.java:77)
[30Jul2025 16:15:23.835] [Server thread/INFO] [STDERR/]: [optifine.OptiFineTransformer:getOptiFineResourcePatched:414]: 	at TRANSFORMER/minecraft@1.20.1/net.minecraft.server.level.ServerLevel.<init>(ServerLevel.java:209)
[30Jul2025 16:15:23.835] [Server thread/INFO] [STDERR/]: [optifine.OptiFineTransformer:getOptiFineResourcePatched:414]: 	at TRANSFORMER/minecraft@1.20.1/net.minecraft.server.MinecraftServer.m_129815_(MinecraftServer.java:337)
[30Jul2025 16:15:23.835] [Server thread/INFO] [STDERR/]: [optifine.OptiFineTransformer:getOptiFineResourcePatched:414]: 	at TRANSFORMER/minecraft@1.20.1/net.minecraft.server.MinecraftServer.m_130006_(MinecraftServer.java:308)
[30Jul2025 16:15:23.836] [Server thread/INFO] [STDERR/]: [optifine.OptiFineTransformer:getOptiFineResourcePatched:414]: 	at TRANSFORMER/minecraft@1.20.1/net.minecraft.server.dedicated.DedicatedServer.m_7038_(DedicatedServer.java:164)
[30Jul2025 16:15:23.836] [Server thread/INFO] [STDERR/]: [optifine.OptiFineTransformer:getOptiFineResourcePatched:414]: 	at TRANSFORMER/minecraft@1.20.1/net.minecraft.server.MinecraftServer.m_130011_(MinecraftServer.java:634)
[30Jul2025 16:15:23.836] [Server thread/INFO] [STDERR/]: [optifine.OptiFineTransformer:getOptiFineResourcePatched:414]: 	at TRANSFORMER/minecraft@1.20.1/net.minecraft.server.MinecraftServer.m_206580_(MinecraftServer.java:251)
[30Jul2025 16:15:23.836] [Server thread/INFO] [STDERR/]: [optifine.OptiFineTransformer:getOptiFineResourcePatched:414]: 	at java.base/java.lang.Thread.run(Thread.java:840)
[30Jul2025 16:15:23.838] [Server thread/INFO] [STDERR/]: [optifine.OptiFineTransformer:getOptiFineResourcePatched:414]: java.io.IOException: Base resource not found: ahr$a.class
[30Jul2025 16:15:23.838] [Server thread/INFO] [STDERR/]: [optifine.OptiFineTransformer:getOptiFineResourcePatched:414]: 	at LAYER SERVICE/optifine/optifine.Patcher.applyPatch(Patcher.java:146)
[30Jul2025 16:15:23.839] [Server thread/INFO] [STDERR/]: [optifine.OptiFineTransformer:getOptiFineResourcePatched:414]: 	at LAYER SERVICE/optifine/optifine.OptiFineTransformer.getOptiFineResourcePatched(OptiFineTransformer.java:396)
[30Jul2025 16:15:23.839] [Server thread/INFO] [STDERR/]: [optifine.OptiFineTransformer:getOptiFineResourcePatched:414]: 	at LAYER SERVICE/optifine/optifine.OptiFineTransformer.getOptiFineResourceStreamPatched(OptiFineTransformer.java:368)
[30Jul2025 16:15:23.839] [Server thread/INFO] [STDERR/]: [optifine.OptiFineTransformer:getOptiFineResourcePatched:414]: 	at LAYER SERVICE/optifine/optifine.OptiFineTransformer.getOptiFineResourceStream(OptiFineTransformer.java:291)
[30Jul2025 16:15:23.839] [Server thread/INFO] [STDERR/]: [optifine.OptiFineTransformer:getOptiFineResourcePatched:414]: 	at LAYER SERVICE/optifine/optifine.OptiFineTransformer.getOptiFineResource(OptiFineTransformer.java:260)
[30Jul2025 16:15:23.839] [Server thread/INFO] [STDERR/]: [optifine.OptiFineTransformer:getOptiFineResourcePatched:414]: 	at LAYER SERVICE/optifine/optifine.OptiFineTransformer.transform(OptiFineTransformer.java:171)
[30Jul2025 16:15:23.840] [Server thread/INFO] [STDERR/]: [optifine.OptiFineTransformer:getOptiFineResourcePatched:414]: 	at LAYER SERVICE/optifine/optifine.OptiFineTransformer.transform(OptiFineTransformer.java:1)
[30Jul2025 16:15:23.840] [Server thread/INFO] [STDERR/]: [optifine.OptiFineTransformer:getOptiFineResourcePatched:414]: 	at MC-BOOTSTRAP/cpw.mods.modlauncher@10.0.9/cpw.mods.modlauncher.TransformerHolder.transform(TransformerHolder.java:41)
[30Jul2025 16:15:23.840] [Server thread/INFO] [STDERR/]: [optifine.OptiFineTransformer:getOptiFineResourcePatched:414]: 	at MC-BOOTSTRAP/cpw.mods.modlauncher@10.0.9/cpw.mods.modlauncher.ClassTransformer.performVote(ClassTransformer.java:179)
[30Jul2025 16:15:23.840] [Server thread/INFO] [STDERR/]: [optifine.OptiFineTransformer:getOptiFineResourcePatched:414]: 	at MC-BOOTSTRAP/cpw.mods.modlauncher@10.0.9/cpw.mods.modlauncher.ClassTransformer.transform(ClassTransformer.java:98)
[30Jul2025 16:15:23.840] [Server thread/INFO] [STDERR/]: [optifine.OptiFineTransformer:getOptiFineResourcePatched:414]: 	at MC-BOOTSTRAP/cpw.mods.modlauncher@10.0.9/cpw.mods.modlauncher.TransformingClassLoader.maybeTransformClassBytes(TransformingClassLoader.java:50)
[30Jul2025 16:15:23.841] [Server thread/INFO] [STDERR/]: [optifine.OptiFineTransformer:getOptiFineResourcePatched:414]: 	at cpw.mods.securejarhandler/cpw.mods.cl.ModuleClassLoader.readerToClass(ModuleClassLoader.java:113)
[30Jul2025 16:15:23.841] [Server thread/INFO] [STDERR/]: [optifine.OptiFineTransformer:getOptiFineResourcePatched:414]: 	at cpw.mods.securejarhandler/cpw.mods.cl.ModuleClassLoader.lambda$findClass$15(ModuleClassLoader.java:219)
[30Jul2025 16:15:23.841] [Server thread/INFO] [STDERR/]: [optifine.OptiFineTransformer:getOptiFineResourcePatched:414]: 	at cpw.mods.securejarhandler/cpw.mods.cl.ModuleClassLoader.loadFromModule(ModuleClassLoader.java:229)
[30Jul2025 16:15:23.841] [Server thread/INFO] [STDERR/]: [optifine.OptiFineTransformer:getOptiFineResourcePatched:414]: 	at cpw.mods.securejarhandler/cpw.mods.cl.ModuleClassLoader.findClass(ModuleClassLoader.java:219)
[30Jul2025 16:15:23.841] [Server thread/INFO] [STDERR/]: [optifine.OptiFineTransformer:getOptiFineResourcePatched:414]: 	at cpw.mods.securejarhandler/cpw.mods.cl.ModuleClassLoader.loadClass(ModuleClassLoader.java:135)
[30Jul2025 16:15:23.841] [Server thread/INFO] [STDERR/]: [optifine.OptiFineTransformer:getOptiFineResourcePatched:414]: 	at java.base/java.lang.ClassLoader.loadClass(ClassLoader.java:525)
[30Jul2025 16:15:23.842] [Server thread/INFO] [STDERR/]: [optifine.OptiFineTransformer:getOptiFineResourcePatched:414]: 	at TRANSFORMER/minecraft@1.20.1/net.minecraft.server.level.ServerChunkCache.<init>(ServerChunkCache.java:77)
[30Jul2025 16:15:23.842] [Server thread/INFO] [STDERR/]: [optifine.OptiFineTransformer:getOptiFineResourcePatched:414]: 	at TRANSFORMER/minecraft@1.20.1/net.minecraft.server.level.ServerLevel.<init>(ServerLevel.java:209)
[30Jul2025 16:15:23.842] [Server thread/INFO] [STDERR/]: [optifine.OptiFineTransformer:getOptiFineResourcePatched:414]: 	at TRANSFORMER/minecraft@1.20.1/net.minecraft.server.MinecraftServer.m_129815_(MinecraftServer.java:337)
[30Jul2025 16:15:23.842] [Server thread/INFO] [STDERR/]: [optifine.OptiFineTransformer:getOptiFineResourcePatched:414]: 	at TRANSFORMER/minecraft@1.20.1/net.minecraft.server.MinecraftServer.m_130006_(MinecraftServer.java:308)
[30Jul2025 16:15:23.842] [Server thread/INFO] [STDERR/]: [optifine.OptiFineTransformer:getOptiFineResourcePatched:414]: 	at TRANSFORMER/minecraft@1.20.1/net.minecraft.server.dedicated.DedicatedServer.m_7038_(DedicatedServer.java:164)
[30Jul2025 16:15:23.843] [Server thread/INFO] [STDERR/]: [optifine.OptiFineTransformer:getOptiFineResourcePatched:414]: 	at TRANSFORMER/minecraft@1.20.1/net.minecraft.server.MinecraftServer.m_130011_(MinecraftServer.java:634)
[30Jul2025 16:15:23.843] [Server thread/INFO] [STDERR/]: [optifine.OptiFineTransformer:getOptiFineResourcePatched:414]: 	at TRANSFORMER/minecraft@1.20.1/net.minecraft.server.MinecraftServer.m_206580_(MinecraftServer.java:251)
[30Jul2025 16:15:23.843] [Server thread/INFO] [STDERR/]: [optifine.OptiFineTransformer:getOptiFineResourcePatched:414]: 	at java.base/java.lang.Thread.run(Thread.java:840)
[30Jul2025 16:15:23.844] [Server thread/INFO] [STDERR/]: [optifine.OptiFineTransformer:getOptiFineResourcePatched:414]: java.io.IOException: Base resource not found: ahq.class
[30Jul2025 16:15:23.844] [Server thread/INFO] [STDERR/]: [optifine.OptiFineTransformer:getOptiFineResourcePatched:414]: 	at LAYER SERVICE/optifine/optifine.Patcher.applyPatch(Patcher.java:146)
[30Jul2025 16:15:23.845] [Server thread/INFO] [STDERR/]: [optifine.OptiFineTransformer:getOptiFineResourcePatched:414]: 	at LAYER SERVICE/optifine/optifine.OptiFineTransformer.getOptiFineResourcePatched(OptiFineTransformer.java:396)
[30Jul2025 16:15:23.845] [Server thread/INFO] [STDERR/]: [optifine.OptiFineTransformer:getOptiFineResourcePatched:414]: 	at LAYER SERVICE/optifine/optifine.OptiFineTransformer.getOptiFineResourceStreamPatched(OptiFineTransformer.java:368)
[30Jul2025 16:15:23.845] [Server thread/INFO] [STDERR/]: [optifine.OptiFineTransformer:getOptiFineResourcePatched:414]: 	at LAYER SERVICE/optifine/optifine.OptiFineTransformer.getOptiFineResourceStream(OptiFineTransformer.java:291)
[30Jul2025 16:15:23.845] [Server thread/INFO] [STDERR/]: [optifine.OptiFineTransformer:getOptiFineResourcePatched:414]: 	at LAYER SERVICE/optifine/optifine.OptiFineTransformer.getOptiFineResource(OptiFineTransformer.java:260)
[30Jul2025 16:15:23.845] [Server thread/INFO] [STDERR/]: [optifine.OptiFineTransformer:getOptiFineResourcePatched:414]: 	at LAYER SERVICE/optifine/optifine.OptiFineTransformer.transform(OptiFineTransformer.java:171)
[30Jul2025 16:15:23.846] [Server thread/INFO] [STDERR/]: [optifine.OptiFineTransformer:getOptiFineResourcePatched:414]: 	at LAYER SERVICE/optifine/optifine.OptiFineTransformer.transform(OptiFineTransformer.java:1)
[30Jul2025 16:15:23.846] [Server thread/INFO] [STDERR/]: [optifine.OptiFineTransformer:getOptiFineResourcePatched:414]: 	at MC-BOOTSTRAP/cpw.mods.modlauncher@10.0.9/cpw.mods.modlauncher.TransformerHolder.transform(TransformerHolder.java:41)
[30Jul2025 16:15:23.846] [Server thread/INFO] [STDERR/]: [optifine.OptiFineTransformer:getOptiFineResourcePatched:414]: 	at MC-BOOTSTRAP/cpw.mods.modlauncher@10.0.9/cpw.mods.modlauncher.ClassTransformer.performVote(ClassTransformer.java:179)
[30Jul2025 16:15:23.846] [Server thread/INFO] [STDERR/]: [optifine.OptiFineTransformer:getOptiFineResourcePatched:414]: 	at MC-BOOTSTRAP/cpw.mods.modlauncher@10.0.9/cpw.mods.modlauncher.ClassTransformer.transform(ClassTransformer.java:98)
[30Jul2025 16:15:23.846] [Server thread/INFO] [STDERR/]: [optifine.OptiFineTransformer:getOptiFineResourcePatched:414]: 	at MC-BOOTSTRAP/cpw.mods.modlauncher@10.0.9/cpw.mods.modlauncher.TransformingClassLoader.maybeTransformClassBytes(TransformingClassLoader.java:50)
[30Jul2025 16:15:23.846] [Server thread/INFO] [STDERR/]: [optifine.OptiFineTransformer:getOptiFineResourcePatched:414]: 	at cpw.mods.securejarhandler/cpw.mods.cl.ModuleClassLoader.readerToClass(ModuleClassLoader.java:113)
[30Jul2025 16:15:23.847] [Server thread/INFO] [STDERR/]: [optifine.OptiFineTransformer:getOptiFineResourcePatched:414]: 	at cpw.mods.securejarhandler/cpw.mods.cl.ModuleClassLoader.lambda$findClass$15(ModuleClassLoader.java:219)
[30Jul2025 16:15:23.847] [Server thread/INFO] [STDERR/]: [optifine.OptiFineTransformer:getOptiFineResourcePatched:414]: 	at cpw.mods.securejarhandler/cpw.mods.cl.ModuleClassLoader.loadFromModule(ModuleClassLoader.java:229)
[30Jul2025 16:15:23.847] [Server thread/INFO] [STDERR/]: [optifine.OptiFineTransformer:getOptiFineResourcePatched:414]: 	at cpw.mods.securejarhandler/cpw.mods.cl.ModuleClassLoader.findClass(ModuleClassLoader.java:219)
[30Jul2025 16:15:23.847] [Server thread/INFO] [STDERR/]: [optifine.OptiFineTransformer:getOptiFineResourcePatched:414]: 	at cpw.mods.securejarhandler/cpw.mods.cl.ModuleClassLoader.loadClass(ModuleClassLoader.java:135)
[30Jul2025 16:15:23.847] [Server thread/INFO] [STDERR/]: [optifine.OptiFineTransformer:getOptiFineResourcePatched:414]: 	at java.base/java.lang.ClassLoader.loadClass(ClassLoader.java:525)
[30Jul2025 16:15:23.848] [Server thread/INFO] [STDERR/]: [optifine.OptiFineTransformer:getOptiFineResourcePatched:414]: 	at TRANSFORMER/minecraft@1.20.1/net.minecraft.server.level.ChunkMap.<clinit>(ChunkMap.java:116)
[30Jul2025 16:15:23.848] [Server thread/INFO] [STDERR/]: [optifine.OptiFineTransformer:getOptiFineResourcePatched:414]: 	at TRANSFORMER/minecraft@1.20.1/net.minecraft.server.level.ServerChunkCache.<init>(ServerChunkCache.java:77)
[30Jul2025 16:15:23.848] [Server thread/INFO] [STDERR/]: [optifine.OptiFineTransformer:getOptiFineResourcePatched:414]: 	at TRANSFORMER/minecraft@1.20.1/net.minecraft.server.level.ServerLevel.<init>(ServerLevel.java:209)
[30Jul2025 16:15:23.848] [Server thread/INFO] [STDERR/]: [optifine.OptiFineTransformer:getOptiFineResourcePatched:414]: 	at TRANSFORMER/minecraft@1.20.1/net.minecraft.server.MinecraftServer.m_129815_(MinecraftServer.java:337)
[30Jul2025 16:15:23.848] [Server thread/INFO] [STDERR/]: [optifine.OptiFineTransformer:getOptiFineResourcePatched:414]: 	at TRANSFORMER/minecraft@1.20.1/net.minecraft.server.MinecraftServer.m_130006_(MinecraftServer.java:308)
[30Jul2025 16:15:23.848] [Server thread/INFO] [STDERR/]: [optifine.OptiFineTransformer:getOptiFineResourcePatched:414]: 	at TRANSFORMER/minecraft@1.20.1/net.minecraft.server.dedicated.DedicatedServer.m_7038_(DedicatedServer.java:164)
[30Jul2025 16:15:23.849] [Server thread/INFO] [STDERR/]: [optifine.OptiFineTransformer:getOptiFineResourcePatched:414]: 	at TRANSFORMER/minecraft@1.20.1/net.minecraft.server.MinecraftServer.m_130011_(MinecraftServer.java:634)
[30Jul2025 16:15:23.849] [Server thread/INFO] [STDERR/]: [optifine.OptiFineTransformer:getOptiFineResourcePatched:414]: 	at TRANSFORMER/minecraft@1.20.1/net.minecraft.server.MinecraftServer.m_206580_(MinecraftServer.java:251)
[30Jul2025 16:15:23.849] [Server thread/INFO] [STDERR/]: [optifine.OptiFineTransformer:getOptiFineResourcePatched:414]: 	at java.base/java.lang.Thread.run(Thread.java:840)
[30Jul2025 16:15:23.850] [Server thread/INFO] [STDERR/]: [optifine.OptiFineTransformer:getOptiFineResourcePatched:414]: java.io.IOException: Base resource not found: ahq$1.class
[30Jul2025 16:15:23.850] [Server thread/INFO] [STDERR/]: [optifine.OptiFineTransformer:getOptiFineResourcePatched:414]: 	at LAYER SERVICE/optifine/optifine.Patcher.applyPatch(Patcher.java:146)
[30Jul2025 16:15:23.850] [Server thread/INFO] [STDERR/]: [optifine.OptiFineTransformer:getOptiFineResourcePatched:414]: 	at LAYER SERVICE/optifine/optifine.OptiFineTransformer.getOptiFineResourcePatched(OptiFineTransformer.java:396)
[30Jul2025 16:15:23.850] [Server thread/INFO] [STDERR/]: [optifine.OptiFineTransformer:getOptiFineResourcePatched:414]: 	at LAYER SERVICE/optifine/optifine.OptiFineTransformer.getOptiFineResourceStreamPatched(OptiFineTransformer.java:368)
[30Jul2025 16:15:23.851] [Server thread/INFO] [STDERR/]: [optifine.OptiFineTransformer:getOptiFineResourcePatched:414]: 	at LAYER SERVICE/optifine/optifine.OptiFineTransformer.getOptiFineResourceStream(OptiFineTransformer.java:291)
[30Jul2025 16:15:23.851] [Server thread/INFO] [STDERR/]: [optifine.OptiFineTransformer:getOptiFineResourcePatched:414]: 	at LAYER SERVICE/optifine/optifine.OptiFineTransformer.getOptiFineResource(OptiFineTransformer.java:260)
[30Jul2025 16:15:23.851] [Server thread/INFO] [STDERR/]: [optifine.OptiFineTransformer:getOptiFineResourcePatched:414]: 	at LAYER SERVICE/optifine/optifine.OptiFineTransformer.transform(OptiFineTransformer.java:171)
[30Jul2025 16:15:23.851] [Server thread/INFO] [STDERR/]: [optifine.OptiFineTransformer:getOptiFineResourcePatched:414]: 	at LAYER SERVICE/optifine/optifine.OptiFineTransformer.transform(OptiFineTransformer.java:1)
[30Jul2025 16:15:23.851] [Server thread/INFO] [STDERR/]: [optifine.OptiFineTransformer:getOptiFineResourcePatched:414]: 	at MC-BOOTSTRAP/cpw.mods.modlauncher@10.0.9/cpw.mods.modlauncher.TransformerHolder.transform(TransformerHolder.java:41)
[30Jul2025 16:15:23.852] [Server thread/INFO] [STDERR/]: [optifine.OptiFineTransformer:getOptiFineResourcePatched:414]: 	at MC-BOOTSTRAP/cpw.mods.modlauncher@10.0.9/cpw.mods.modlauncher.ClassTransformer.performVote(ClassTransformer.java:179)
[30Jul2025 16:15:23.852] [Server thread/INFO] [STDERR/]: [optifine.OptiFineTransformer:getOptiFineResourcePatched:414]: 	at MC-BOOTSTRAP/cpw.mods.modlauncher@10.0.9/cpw.mods.modlauncher.ClassTransformer.transform(ClassTransformer.java:98)
[30Jul2025 16:15:23.855] [Server thread/INFO] [STDERR/]: [optifine.OptiFineTransformer:getOptiFineResourcePatched:414]: 	at MC-BOOTSTRAP/cpw.mods.modlauncher@10.0.9/cpw.mods.modlauncher.TransformingClassLoader.maybeTransformClassBytes(TransformingClassLoader.java:50)
[30Jul2025 16:15:23.855] [Server thread/INFO] [STDERR/]: [optifine.OptiFineTransformer:getOptiFineResourcePatched:414]: 	at cpw.mods.securejarhandler/cpw.mods.cl.ModuleClassLoader.readerToClass(ModuleClassLoader.java:113)
[30Jul2025 16:15:23.855] [Server thread/INFO] [STDERR/]: [optifine.OptiFineTransformer:getOptiFineResourcePatched:414]: 	at cpw.mods.securejarhandler/cpw.mods.cl.ModuleClassLoader.lambda$findClass$15(ModuleClassLoader.java:219)
[30Jul2025 16:15:23.856] [Server thread/INFO] [STDERR/]: [optifine.OptiFineTransformer:getOptiFineResourcePatched:414]: 	at cpw.mods.securejarhandler/cpw.mods.cl.ModuleClassLoader.loadFromModule(ModuleClassLoader.java:229)
[30Jul2025 16:15:23.856] [Server thread/INFO] [STDERR/]: [optifine.OptiFineTransformer:getOptiFineResourcePatched:414]: 	at cpw.mods.securejarhandler/cpw.mods.cl.ModuleClassLoader.findClass(ModuleClassLoader.java:219)
[30Jul2025 16:15:23.856] [Server thread/INFO] [STDERR/]: [optifine.OptiFineTransformer:getOptiFineResourcePatched:414]: 	at cpw.mods.securejarhandler/cpw.mods.cl.ModuleClassLoader.loadClass(ModuleClassLoader.java:135)
[30Jul2025 16:15:23.856] [Server thread/INFO] [STDERR/]: [optifine.OptiFineTransformer:getOptiFineResourcePatched:414]: 	at java.base/java.lang.ClassLoader.loadClass(ClassLoader.java:525)
[30Jul2025 16:15:23.856] [Server thread/INFO] [STDERR/]: [optifine.OptiFineTransformer:getOptiFineResourcePatched:414]: 	at TRANSFORMER/minecraft@1.20.1/net.minecraft.server.level.ChunkLevel.m_287154_(ChunkLevel.java:37)
[30Jul2025 16:15:23.856] [Server thread/INFO] [STDERR/]: [optifine.OptiFineTransformer:getOptiFineResourcePatched:414]: 	at TRANSFORMER/minecraft@1.20.1/net.minecraft.server.level.ChunkMap.<clinit>(ChunkMap.java:116)
[30Jul2025 16:15:23.857] [Server thread/INFO] [STDERR/]: [optifine.OptiFineTransformer:getOptiFineResourcePatched:414]: 	at TRANSFORMER/minecraft@1.20.1/net.minecraft.server.level.ServerChunkCache.<init>(ServerChunkCache.java:77)
[30Jul2025 16:15:23.857] [Server thread/INFO] [STDERR/]: [optifine.OptiFineTransformer:getOptiFineResourcePatched:414]: 	at TRANSFORMER/minecraft@1.20.1/net.minecraft.server.level.ServerLevel.<init>(ServerLevel.java:209)
[30Jul2025 16:15:23.857] [Server thread/INFO] [STDERR/]: [optifine.OptiFineTransformer:getOptiFineResourcePatched:414]: 	at TRANSFORMER/minecraft@1.20.1/net.minecraft.server.MinecraftServer.m_129815_(MinecraftServer.java:337)
[30Jul2025 16:15:23.857] [Server thread/INFO] [STDERR/]: [optifine.OptiFineTransformer:getOptiFineResourcePatched:414]: 	at TRANSFORMER/minecraft@1.20.1/net.minecraft.server.MinecraftServer.m_130006_(MinecraftServer.java:308)
[30Jul2025 16:15:23.857] [Server thread/INFO] [STDERR/]: [optifine.OptiFineTransformer:getOptiFineResourcePatched:414]: 	at TRANSFORMER/minecraft@1.20.1/net.minecraft.server.dedicated.DedicatedServer.m_7038_(DedicatedServer.java:164)
[30Jul2025 16:15:23.857] [Server thread/INFO] [STDERR/]: [optifine.OptiFineTransformer:getOptiFineResourcePatched:414]: 	at TRANSFORMER/minecraft@1.20.1/net.minecraft.server.MinecraftServer.m_130011_(MinecraftServer.java:634)
[30Jul2025 16:15:23.858] [Server thread/INFO] [STDERR/]: [optifine.OptiFineTransformer:getOptiFineResourcePatched:414]: 	at TRANSFORMER/minecraft@1.20.1/net.minecraft.server.MinecraftServer.m_206580_(MinecraftServer.java:251)
[30Jul2025 16:15:23.861] [Server thread/INFO] [STDERR/]: [optifine.OptiFineTransformer:getOptiFineResourcePatched:414]: 	at java.base/java.lang.Thread.run(Thread.java:840)
[30Jul2025 16:15:23.878] [Thread-0/INFO] [ModernFix/]: Please use /mfsrc to reload any changed mod config files
[30Jul2025 16:15:24.095] [Server thread/INFO] [STDERR/]: [optifine.OptiFineTransformer:getOptiFineResourcePatched:414]: java.io.IOException: Base resource not found: apl.class
[30Jul2025 16:15:24.096] [Server thread/INFO] [STDERR/]: [optifine.OptiFineTransformer:getOptiFineResourcePatched:414]: 	at LAYER SERVICE/optifine/optifine.Patcher.applyPatch(Patcher.java:146)
[30Jul2025 16:15:24.096] [Server thread/INFO] [STDERR/]: [optifine.OptiFineTransformer:getOptiFineResourcePatched:414]: 	at LAYER SERVICE/optifine/optifine.OptiFineTransformer.getOptiFineResourcePatched(OptiFineTransformer.java:396)
[30Jul2025 16:15:24.096] [Server thread/INFO] [STDERR/]: [optifine.OptiFineTransformer:getOptiFineResourcePatched:414]: 	at LAYER SERVICE/optifine/optifine.OptiFineTransformer.getOptiFineResourceStreamPatched(OptiFineTransformer.java:368)
[30Jul2025 16:15:24.096] [Server thread/INFO] [STDERR/]: [optifine.OptiFineTransformer:getOptiFineResourcePatched:414]: 	at LAYER SERVICE/optifine/optifine.OptiFineTransformer.getOptiFineResourceStream(OptiFineTransformer.java:291)
[30Jul2025 16:15:24.096] [Server thread/INFO] [STDERR/]: [optifine.OptiFineTransformer:getOptiFineResourcePatched:414]: 	at LAYER SERVICE/optifine/optifine.OptiFineTransformer.getOptiFineResource(OptiFineTransformer.java:260)
[30Jul2025 16:15:24.096] [Server thread/INFO] [STDERR/]: [optifine.OptiFineTransformer:getOptiFineResourcePatched:414]: 	at LAYER SERVICE/optifine/optifine.OptiFineTransformer.transform(OptiFineTransformer.java:171)
[30Jul2025 16:15:24.097] [Server thread/INFO] [STDERR/]: [optifine.OptiFineTransformer:getOptiFineResourcePatched:414]: 	at LAYER SERVICE/optifine/optifine.OptiFineTransformer.transform(OptiFineTransformer.java:1)
[30Jul2025 16:15:24.097] [Server thread/INFO] [STDERR/]: [optifine.OptiFineTransformer:getOptiFineResourcePatched:414]: 	at MC-BOOTSTRAP/cpw.mods.modlauncher@10.0.9/cpw.mods.modlauncher.TransformerHolder.transform(TransformerHolder.java:41)
[30Jul2025 16:15:24.097] [Server thread/INFO] [STDERR/]: [optifine.OptiFineTransformer:getOptiFineResourcePatched:414]: 	at MC-BOOTSTRAP/cpw.mods.modlauncher@10.0.9/cpw.mods.modlauncher.ClassTransformer.performVote(ClassTransformer.java:179)
[30Jul2025 16:15:24.097] [Server thread/INFO] [STDERR/]: [optifine.OptiFineTransformer:getOptiFineResourcePatched:414]: 	at MC-BOOTSTRAP/cpw.mods.modlauncher@10.0.9/cpw.mods.modlauncher.ClassTransformer.transform(ClassTransformer.java:98)
[30Jul2025 16:15:24.097] [Server thread/INFO] [STDERR/]: [optifine.OptiFineTransformer:getOptiFineResourcePatched:414]: 	at MC-BOOTSTRAP/cpw.mods.modlauncher@10.0.9/cpw.mods.modlauncher.TransformingClassLoader.maybeTransformClassBytes(TransformingClassLoader.java:50)
[30Jul2025 16:15:24.097] [Server thread/INFO] [STDERR/]: [optifine.OptiFineTransformer:getOptiFineResourcePatched:414]: 	at cpw.mods.securejarhandler/cpw.mods.cl.ModuleClassLoader.readerToClass(ModuleClassLoader.java:113)
[30Jul2025 16:15:24.098] [Server thread/INFO] [STDERR/]: [optifine.OptiFineTransformer:getOptiFineResourcePatched:414]: 	at cpw.mods.securejarhandler/cpw.mods.cl.ModuleClassLoader.lambda$findClass$15(ModuleClassLoader.java:219)
[30Jul2025 16:15:24.098] [Server thread/INFO] [STDERR/]: [optifine.OptiFineTransformer:getOptiFineResourcePatched:414]: 	at cpw.mods.securejarhandler/cpw.mods.cl.ModuleClassLoader.loadFromModule(ModuleClassLoader.java:229)
[30Jul2025 16:15:24.098] [Server thread/INFO] [STDERR/]: [optifine.OptiFineTransformer:getOptiFineResourcePatched:414]: 	at cpw.mods.securejarhandler/cpw.mods.cl.ModuleClassLoader.findClass(ModuleClassLoader.java:219)
[30Jul2025 16:15:24.098] [Server thread/INFO] [STDERR/]: [optifine.OptiFineTransformer:getOptiFineResourcePatched:414]: 	at cpw.mods.securejarhandler/cpw.mods.cl.ModuleClassLoader.loadClass(ModuleClassLoader.java:135)
[30Jul2025 16:15:24.098] [Server thread/INFO] [STDERR/]: [optifine.OptiFineTransformer:getOptiFineResourcePatched:414]: 	at java.base/java.lang.ClassLoader.loadClass(ClassLoader.java:525)
[30Jul2025 16:15:24.099] [Server thread/INFO] [STDERR/]: [optifine.OptiFineTransformer:getOptiFineResourcePatched:414]: 	at TRANSFORMER/minecraft@1.20.1/net.minecraft.world.level.lighting.ChunkSkyLightSources.<init>(ChunkSkyLightSources.java:34)
[30Jul2025 16:15:24.099] [Server thread/INFO] [STDERR/]: [optifine.OptiFineTransformer:getOptiFineResourcePatched:414]: 	at TRANSFORMER/minecraft@1.20.1/net.minecraft.world.level.lighting.SkyLightEngine.<init>(SkyLightEngine.java:33)
[30Jul2025 16:15:24.099] [Server thread/INFO] [STDERR/]: [optifine.OptiFineTransformer:getOptiFineResourcePatched:414]: 	at TRANSFORMER/minecraft@1.20.1/net.minecraft.world.level.lighting.SkyLightEngine.<init>(SkyLightEngine.java:27)
[30Jul2025 16:15:24.099] [Server thread/INFO] [STDERR/]: [optifine.OptiFineTransformer:getOptiFineResourcePatched:414]: 	at TRANSFORMER/minecraft@1.20.1/net.minecraft.world.level.lighting.LevelLightEngine.<init>(LevelLightEngine.java:25)
[30Jul2025 16:15:24.099] [Server thread/INFO] [STDERR/]: [optifine.OptiFineTransformer:getOptiFineResourcePatched:414]: 	at TRANSFORMER/minecraft@1.20.1/net.minecraft.server.level.ThreadedLevelLightEngine.<init>(ThreadedLevelLightEngine.java:40)
[30Jul2025 16:15:24.099] [Server thread/INFO] [STDERR/]: [optifine.OptiFineTransformer:getOptiFineResourcePatched:414]: 	at TRANSFORMER/minecraft@1.20.1/net.minecraft.server.level.ChunkMap.<init>(ChunkMap.java:172)
[30Jul2025 16:15:24.100] [Server thread/INFO] [STDERR/]: [optifine.OptiFineTransformer:getOptiFineResourcePatched:414]: 	at TRANSFORMER/minecraft@1.20.1/net.minecraft.server.level.ServerChunkCache.<init>(ServerChunkCache.java:77)
[30Jul2025 16:15:24.100] [Server thread/INFO] [STDERR/]: [optifine.OptiFineTransformer:getOptiFineResourcePatched:414]: 	at TRANSFORMER/minecraft@1.20.1/net.minecraft.server.level.ServerLevel.<init>(ServerLevel.java:209)
[30Jul2025 16:15:24.100] [Server thread/INFO] [STDERR/]: [optifine.OptiFineTransformer:getOptiFineResourcePatched:414]: 	at TRANSFORMER/minecraft@1.20.1/net.minecraft.server.MinecraftServer.m_129815_(MinecraftServer.java:337)
[30Jul2025 16:15:24.100] [Server thread/INFO] [STDERR/]: [optifine.OptiFineTransformer:getOptiFineResourcePatched:414]: 	at TRANSFORMER/minecraft@1.20.1/net.minecraft.server.MinecraftServer.m_130006_(MinecraftServer.java:308)
[30Jul2025 16:15:24.100] [Server thread/INFO] [STDERR/]: [optifine.OptiFineTransformer:getOptiFineResourcePatched:414]: 	at TRANSFORMER/minecraft@1.20.1/net.minecraft.server.dedicated.DedicatedServer.m_7038_(DedicatedServer.java:164)
[30Jul2025 16:15:24.101] [Server thread/INFO] [STDERR/]: [optifine.OptiFineTransformer:getOptiFineResourcePatched:414]: 	at TRANSFORMER/minecraft@1.20.1/net.minecraft.server.MinecraftServer.m_130011_(MinecraftServer.java:634)
[30Jul2025 16:15:24.101] [Server thread/INFO] [STDERR/]: [optifine.OptiFineTransformer:getOptiFineResourcePatched:414]: 	at TRANSFORMER/minecraft@1.20.1/net.minecraft.server.MinecraftServer.m_206580_(MinecraftServer.java:251)
[30Jul2025 16:15:24.102] [Server thread/INFO] [STDERR/]: [optifine.OptiFineTransformer:getOptiFineResourcePatched:414]: 	at java.base/java.lang.Thread.run(Thread.java:840)
[30Jul2025 16:15:24.103] [Server thread/INFO] [STDERR/]: [optifine.OptiFineTransformer:getOptiFineResourcePatched:414]: java.io.IOException: Base resource not found: apl$a.class
[30Jul2025 16:15:24.103] [Server thread/INFO] [STDERR/]: [optifine.OptiFineTransformer:getOptiFineResourcePatched:414]: 	at LAYER SERVICE/optifine/optifine.Patcher.applyPatch(Patcher.java:146)
[30Jul2025 16:15:24.104] [Server thread/INFO] [STDERR/]: [optifine.OptiFineTransformer:getOptiFineResourcePatched:414]: 	at LAYER SERVICE/optifine/optifine.OptiFineTransformer.getOptiFineResourcePatched(OptiFineTransformer.java:396)
[30Jul2025 16:15:24.104] [Server thread/INFO] [STDERR/]: [optifine.OptiFineTransformer:getOptiFineResourcePatched:414]: 	at LAYER SERVICE/optifine/optifine.OptiFineTransformer.getOptiFineResourceStreamPatched(OptiFineTransformer.java:368)
[30Jul2025 16:15:24.106] [Server thread/INFO] [STDERR/]: [optifine.OptiFineTransformer:getOptiFineResourcePatched:414]: 	at LAYER SERVICE/optifine/optifine.OptiFineTransformer.getOptiFineResourceStream(OptiFineTransformer.java:291)
[30Jul2025 16:15:24.107] [Server thread/INFO] [STDERR/]: [optifine.OptiFineTransformer:getOptiFineResourcePatched:414]: 	at LAYER SERVICE/optifine/optifine.OptiFineTransformer.getOptiFineResource(OptiFineTransformer.java:260)
[30Jul2025 16:15:24.107] [Server thread/INFO] [STDERR/]: [optifine.OptiFineTransformer:getOptiFineResourcePatched:414]: 	at LAYER SERVICE/optifine/optifine.OptiFineTransformer.transform(OptiFineTransformer.java:171)
[30Jul2025 16:15:24.107] [Server thread/INFO] [STDERR/]: [optifine.OptiFineTransformer:getOptiFineResourcePatched:414]: 	at LAYER SERVICE/optifine/optifine.OptiFineTransformer.transform(OptiFineTransformer.java:1)
[30Jul2025 16:15:24.108] [Server thread/INFO] [STDERR/]: [optifine.OptiFineTransformer:getOptiFineResourcePatched:414]: 	at MC-BOOTSTRAP/cpw.mods.modlauncher@10.0.9/cpw.mods.modlauncher.TransformerHolder.transform(TransformerHolder.java:41)
[30Jul2025 16:15:24.108] [Server thread/INFO] [STDERR/]: [optifine.OptiFineTransformer:getOptiFineResourcePatched:414]: 	at MC-BOOTSTRAP/cpw.mods.modlauncher@10.0.9/cpw.mods.modlauncher.ClassTransformer.performVote(ClassTransformer.java:179)
[30Jul2025 16:15:24.108] [Server thread/INFO] [STDERR/]: [optifine.OptiFineTransformer:getOptiFineResourcePatched:414]: 	at MC-BOOTSTRAP/cpw.mods.modlauncher@10.0.9/cpw.mods.modlauncher.ClassTransformer.transform(ClassTransformer.java:98)
[30Jul2025 16:15:24.109] [Server thread/INFO] [STDERR/]: [optifine.OptiFineTransformer:getOptiFineResourcePatched:414]: 	at MC-BOOTSTRAP/cpw.mods.modlauncher@10.0.9/cpw.mods.modlauncher.TransformingClassLoader.maybeTransformClassBytes(TransformingClassLoader.java:50)
[30Jul2025 16:15:24.109] [Server thread/INFO] [STDERR/]: [optifine.OptiFineTransformer:getOptiFineResourcePatched:414]: 	at cpw.mods.securejarhandler/cpw.mods.cl.ModuleClassLoader.readerToClass(ModuleClassLoader.java:113)
[30Jul2025 16:15:24.110] [Server thread/INFO] [STDERR/]: [optifine.OptiFineTransformer:getOptiFineResourcePatched:414]: 	at cpw.mods.securejarhandler/cpw.mods.cl.ModuleClassLoader.lambda$findClass$15(ModuleClassLoader.java:219)
[30Jul2025 16:15:24.110] [Server thread/INFO] [STDERR/]: [optifine.OptiFineTransformer:getOptiFineResourcePatched:414]: 	at cpw.mods.securejarhandler/cpw.mods.cl.ModuleClassLoader.loadFromModule(ModuleClassLoader.java:229)
[30Jul2025 16:15:24.110] [Server thread/INFO] [STDERR/]: [optifine.OptiFineTransformer:getOptiFineResourcePatched:414]: 	at cpw.mods.securejarhandler/cpw.mods.cl.ModuleClassLoader.findClass(ModuleClassLoader.java:219)
[30Jul2025 16:15:24.110] [Server thread/INFO] [STDERR/]: [optifine.OptiFineTransformer:getOptiFineResourcePatched:414]: 	at cpw.mods.securejarhandler/cpw.mods.cl.ModuleClassLoader.loadClass(ModuleClassLoader.java:135)
[30Jul2025 16:15:24.111] [Server thread/INFO] [STDERR/]: [optifine.OptiFineTransformer:getOptiFineResourcePatched:414]: 	at java.base/java.lang.ClassLoader.loadClass(ClassLoader.java:525)
[30Jul2025 16:15:24.111] [Server thread/INFO] [STDERR/]: [optifine.OptiFineTransformer:getOptiFineResourcePatched:414]: 	at TRANSFORMER/minecraft@1.20.1/net.minecraft.world.level.lighting.ChunkSkyLightSources.<init>(ChunkSkyLightSources.java:34)
[30Jul2025 16:15:24.111] [Server thread/INFO] [STDERR/]: [optifine.OptiFineTransformer:getOptiFineResourcePatched:414]: 	at TRANSFORMER/minecraft@1.20.1/net.minecraft.world.level.lighting.SkyLightEngine.<init>(SkyLightEngine.java:33)
[30Jul2025 16:15:24.112] [Server thread/INFO] [STDERR/]: [optifine.OptiFineTransformer:getOptiFineResourcePatched:414]: 	at TRANSFORMER/minecraft@1.20.1/net.minecraft.world.level.lighting.SkyLightEngine.<init>(SkyLightEngine.java:27)
[30Jul2025 16:15:24.112] [Server thread/INFO] [STDERR/]: [optifine.OptiFineTransformer:getOptiFineResourcePatched:414]: 	at TRANSFORMER/minecraft@1.20.1/net.minecraft.world.level.lighting.LevelLightEngine.<init>(LevelLightEngine.java:25)
[30Jul2025 16:15:24.113] [Server thread/INFO] [STDERR/]: [optifine.OptiFineTransformer:getOptiFineResourcePatched:414]: 	at TRANSFORMER/minecraft@1.20.1/net.minecraft.server.level.ThreadedLevelLightEngine.<init>(ThreadedLevelLightEngine.java:40)
[30Jul2025 16:15:24.113] [Server thread/INFO] [STDERR/]: [optifine.OptiFineTransformer:getOptiFineResourcePatched:414]: 	at TRANSFORMER/minecraft@1.20.1/net.minecraft.server.level.ChunkMap.<init>(ChunkMap.java:172)
[30Jul2025 16:15:24.113] [Server thread/INFO] [STDERR/]: [optifine.OptiFineTransformer:getOptiFineResourcePatched:414]: 	at TRANSFORMER/minecraft@1.20.1/net.minecraft.server.level.ServerChunkCache.<init>(ServerChunkCache.java:77)
[30Jul2025 16:15:24.114] [Server thread/INFO] [STDERR/]: [optifine.OptiFineTransformer:getOptiFineResourcePatched:414]: 	at TRANSFORMER/minecraft@1.20.1/net.minecraft.server.level.ServerLevel.<init>(ServerLevel.java:209)
[30Jul2025 16:15:24.114] [Server thread/INFO] [STDERR/]: [optifine.OptiFineTransformer:getOptiFineResourcePatched:414]: 	at TRANSFORMER/minecraft@1.20.1/net.minecraft.server.MinecraftServer.m_129815_(MinecraftServer.java:337)
[30Jul2025 16:15:24.114] [Server thread/INFO] [STDERR/]: [optifine.OptiFineTransformer:getOptiFineResourcePatched:414]: 	at TRANSFORMER/minecraft@1.20.1/net.minecraft.server.MinecraftServer.m_130006_(MinecraftServer.java:308)
[30Jul2025 16:15:24.115] [Server thread/INFO] [STDERR/]: [optifine.OptiFineTransformer:getOptiFineResourcePatched:414]: 	at TRANSFORMER/minecraft@1.20.1/net.minecraft.server.dedicated.DedicatedServer.m_7038_(DedicatedServer.java:164)
[30Jul2025 16:15:24.115] [Server thread/INFO] [STDERR/]: [optifine.OptiFineTransformer:getOptiFineResourcePatched:414]: 	at TRANSFORMER/minecraft@1.20.1/net.minecraft.server.MinecraftServer.m_130011_(MinecraftServer.java:634)
[30Jul2025 16:15:24.115] [Server thread/INFO] [STDERR/]: [optifine.OptiFineTransformer:getOptiFineResourcePatched:414]: 	at TRANSFORMER/minecraft@1.20.1/net.minecraft.server.MinecraftServer.m_206580_(MinecraftServer.java:251)
[30Jul2025 16:15:24.115] [Server thread/INFO] [STDERR/]: [optifine.OptiFineTransformer:getOptiFineResourcePatched:414]: 	at java.base/java.lang.Thread.run(Thread.java:840)
[30Jul2025 16:15:24.117] [Server thread/INFO] [STDERR/]: [optifine.OptiFineTransformer:getOptiFineResourcePatched:414]: java.io.IOException: Base resource not found: ahx$a.class
[30Jul2025 16:15:24.117] [Server thread/INFO] [STDERR/]: [optifine.OptiFineTransformer:getOptiFineResourcePatched:414]: 	at LAYER SERVICE/optifine/optifine.Patcher.applyPatch(Patcher.java:146)
[30Jul2025 16:15:24.117] [Server thread/INFO] [STDERR/]: [optifine.OptiFineTransformer:getOptiFineResourcePatched:414]: 	at LAYER SERVICE/optifine/optifine.OptiFineTransformer.getOptiFineResourcePatched(OptiFineTransformer.java:396)
[30Jul2025 16:15:24.118] [Server thread/INFO] [STDERR/]: [optifine.OptiFineTransformer:getOptiFineResourcePatched:414]: 	at LAYER SERVICE/optifine/optifine.OptiFineTransformer.getOptiFineResourceStreamPatched(OptiFineTransformer.java:368)
[30Jul2025 16:15:24.118] [Server thread/INFO] [STDERR/]: [optifine.OptiFineTransformer:getOptiFineResourcePatched:414]: 	at LAYER SERVICE/optifine/optifine.OptiFineTransformer.getOptiFineResourceStream(OptiFineTransformer.java:291)
[30Jul2025 16:15:24.118] [Server thread/INFO] [STDERR/]: [optifine.OptiFineTransformer:getOptiFineResourcePatched:414]: 	at LAYER SERVICE/optifine/optifine.OptiFineTransformer.getOptiFineResource(OptiFineTransformer.java:260)
[30Jul2025 16:15:24.118] [Server thread/INFO] [STDERR/]: [optifine.OptiFineTransformer:getOptiFineResourcePatched:414]: 	at LAYER SERVICE/optifine/optifine.OptiFineTransformer.transform(OptiFineTransformer.java:171)
[30Jul2025 16:15:24.119] [Server thread/INFO] [STDERR/]: [optifine.OptiFineTransformer:getOptiFineResourcePatched:414]: 	at LAYER SERVICE/optifine/optifine.OptiFineTransformer.transform(OptiFineTransformer.java:1)
[30Jul2025 16:15:24.119] [Server thread/INFO] [STDERR/]: [optifine.OptiFineTransformer:getOptiFineResourcePatched:414]: 	at MC-BOOTSTRAP/cpw.mods.modlauncher@10.0.9/cpw.mods.modlauncher.TransformerHolder.transform(TransformerHolder.java:41)
[30Jul2025 16:15:24.119] [Server thread/INFO] [STDERR/]: [optifine.OptiFineTransformer:getOptiFineResourcePatched:414]: 	at MC-BOOTSTRAP/cpw.mods.modlauncher@10.0.9/cpw.mods.modlauncher.ClassTransformer.performVote(ClassTransformer.java:179)
[30Jul2025 16:15:24.119] [Server thread/INFO] [STDERR/]: [optifine.OptiFineTransformer:getOptiFineResourcePatched:414]: 	at MC-BOOTSTRAP/cpw.mods.modlauncher@10.0.9/cpw.mods.modlauncher.ClassTransformer.transform(ClassTransformer.java:98)
[30Jul2025 16:15:24.119] [Server thread/INFO] [STDERR/]: [optifine.OptiFineTransformer:getOptiFineResourcePatched:414]: 	at MC-BOOTSTRAP/cpw.mods.modlauncher@10.0.9/cpw.mods.modlauncher.TransformingClassLoader.maybeTransformClassBytes(TransformingClassLoader.java:50)
[30Jul2025 16:15:24.119] [Server thread/INFO] [STDERR/]: [optifine.OptiFineTransformer:getOptiFineResourcePatched:414]: 	at cpw.mods.securejarhandler/cpw.mods.cl.ModuleClassLoader.readerToClass(ModuleClassLoader.java:113)
[30Jul2025 16:15:24.120] [Server thread/INFO] [STDERR/]: [optifine.OptiFineTransformer:getOptiFineResourcePatched:414]: 	at cpw.mods.securejarhandler/cpw.mods.cl.ModuleClassLoader.lambda$findClass$15(ModuleClassLoader.java:219)
[30Jul2025 16:15:24.120] [Server thread/INFO] [STDERR/]: [optifine.OptiFineTransformer:getOptiFineResourcePatched:414]: 	at cpw.mods.securejarhandler/cpw.mods.cl.ModuleClassLoader.loadFromModule(ModuleClassLoader.java:229)
[30Jul2025 16:15:24.120] [Server thread/INFO] [STDERR/]: [optifine.OptiFineTransformer:getOptiFineResourcePatched:414]: 	at cpw.mods.securejarhandler/cpw.mods.cl.ModuleClassLoader.findClass(ModuleClassLoader.java:219)
[30Jul2025 16:15:24.120] [Server thread/INFO] [STDERR/]: [optifine.OptiFineTransformer:getOptiFineResourcePatched:414]: 	at cpw.mods.securejarhandler/cpw.mods.cl.ModuleClassLoader.loadClass(ModuleClassLoader.java:135)
[30Jul2025 16:15:24.120] [Server thread/INFO] [STDERR/]: [optifine.OptiFineTransformer:getOptiFineResourcePatched:414]: 	at java.base/java.lang.ClassLoader.loadClass(ClassLoader.java:525)
[30Jul2025 16:15:24.120] [Server thread/INFO] [STDERR/]: [optifine.OptiFineTransformer:getOptiFineResourcePatched:414]: 	at TRANSFORMER/minecraft@1.20.1/net.minecraft.server.level.DistanceManager.<init>(DistanceManager.java:44)
[30Jul2025 16:15:24.121] [Server thread/INFO] [STDERR/]: [optifine.OptiFineTransformer:getOptiFineResourcePatched:414]: 	at TRANSFORMER/minecraft@1.20.1/net.minecraft.server.level.ChunkMap$DistanceManager.<init>(ChunkMap.java:1312)
[30Jul2025 16:15:24.121] [Server thread/INFO] [STDERR/]: [optifine.OptiFineTransformer:getOptiFineResourcePatched:414]: 	at TRANSFORMER/minecraft@1.20.1/net.minecraft.server.level.ChunkMap.<init>(ChunkMap.java:173)
[30Jul2025 16:15:24.121] [Server thread/INFO] [STDERR/]: [optifine.OptiFineTransformer:getOptiFineResourcePatched:414]: 	at TRANSFORMER/minecraft@1.20.1/net.minecraft.server.level.ServerChunkCache.<init>(ServerChunkCache.java:77)
[30Jul2025 16:15:24.121] [Server thread/INFO] [STDERR/]: [optifine.OptiFineTransformer:getOptiFineResourcePatched:414]: 	at TRANSFORMER/minecraft@1.20.1/net.minecraft.server.level.ServerLevel.<init>(ServerLevel.java:209)
[30Jul2025 16:15:24.121] [Server thread/INFO] [STDERR/]: [optifine.OptiFineTransformer:getOptiFineResourcePatched:414]: 	at TRANSFORMER/minecraft@1.20.1/net.minecraft.server.MinecraftServer.m_129815_(MinecraftServer.java:337)
[30Jul2025 16:15:24.122] [Server thread/INFO] [STDERR/]: [optifine.OptiFineTransformer:getOptiFineResourcePatched:414]: 	at TRANSFORMER/minecraft@1.20.1/net.minecraft.server.MinecraftServer.m_130006_(MinecraftServer.java:308)
[30Jul2025 16:15:24.122] [Server thread/INFO] [STDERR/]: [optifine.OptiFineTransformer:getOptiFineResourcePatched:414]: 	at TRANSFORMER/minecraft@1.20.1/net.minecraft.server.dedicated.DedicatedServer.m_7038_(DedicatedServer.java:164)
[30Jul2025 16:15:24.122] [Server thread/INFO] [STDERR/]: [optifine.OptiFineTransformer:getOptiFineResourcePatched:414]: 	at TRANSFORMER/minecraft@1.20.1/net.minecraft.server.MinecraftServer.m_130011_(MinecraftServer.java:634)
[30Jul2025 16:15:24.122] [Server thread/INFO] [STDERR/]: [optifine.OptiFineTransformer:getOptiFineResourcePatched:414]: 	at TRANSFORMER/minecraft@1.20.1/net.minecraft.server.MinecraftServer.m_206580_(MinecraftServer.java:251)
[30Jul2025 16:15:24.122] [Server thread/INFO] [STDERR/]: [optifine.OptiFineTransformer:getOptiFineResourcePatched:414]: 	at java.base/java.lang.Thread.run(Thread.java:840)
[30Jul2025 16:15:24.129] [Server thread/INFO] [STDERR/]: [optifine.OptiFineTransformer:getOptiFineResourcePatched:414]: java.io.IOException: Base resource not found: ahx$b.class
[30Jul2025 16:15:24.129] [Server thread/INFO] [STDERR/]: [optifine.OptiFineTransformer:getOptiFineResourcePatched:414]: 	at LAYER SERVICE/optifine/optifine.Patcher.applyPatch(Patcher.java:146)
[30Jul2025 16:15:24.130] [Server thread/INFO] [STDERR/]: [optifine.OptiFineTransformer:getOptiFineResourcePatched:414]: 	at LAYER SERVICE/optifine/optifine.OptiFineTransformer.getOptiFineResourcePatched(OptiFineTransformer.java:396)
[30Jul2025 16:15:24.130] [Server thread/INFO] [STDERR/]: [optifine.OptiFineTransformer:getOptiFineResourcePatched:414]: 	at LAYER SERVICE/optifine/optifine.OptiFineTransformer.getOptiFineResourceStreamPatched(OptiFineTransformer.java:368)
[30Jul2025 16:15:24.130] [Server thread/INFO] [STDERR/]: [optifine.OptiFineTransformer:getOptiFineResourcePatched:414]: 	at LAYER SERVICE/optifine/optifine.OptiFineTransformer.getOptiFineResourceStream(OptiFineTransformer.java:291)
[30Jul2025 16:15:24.131] [Server thread/INFO] [STDERR/]: [optifine.OptiFineTransformer:getOptiFineResourcePatched:414]: 	at LAYER SERVICE/optifine/optifine.OptiFineTransformer.getOptiFineResource(OptiFineTransformer.java:260)
[30Jul2025 16:15:24.131] [Server thread/INFO] [STDERR/]: [optifine.OptiFineTransformer:getOptiFineResourcePatched:414]: 	at LAYER SERVICE/optifine/optifine.OptiFineTransformer.transform(OptiFineTransformer.java:171)
[30Jul2025 16:15:24.132] [Server thread/INFO] [STDERR/]: [optifine.OptiFineTransformer:getOptiFineResourcePatched:414]: 	at LAYER SERVICE/optifine/optifine.OptiFineTransformer.transform(OptiFineTransformer.java:1)
[30Jul2025 16:15:24.132] [Server thread/INFO] [STDERR/]: [optifine.OptiFineTransformer:getOptiFineResourcePatched:414]: 	at MC-BOOTSTRAP/cpw.mods.modlauncher@10.0.9/cpw.mods.modlauncher.TransformerHolder.transform(TransformerHolder.java:41)
[30Jul2025 16:15:24.132] [Server thread/INFO] [STDERR/]: [optifine.OptiFineTransformer:getOptiFineResourcePatched:414]: 	at MC-BOOTSTRAP/cpw.mods.modlauncher@10.0.9/cpw.mods.modlauncher.ClassTransformer.performVote(ClassTransformer.java:179)
[30Jul2025 16:15:24.133] [Server thread/INFO] [STDERR/]: [optifine.OptiFineTransformer:getOptiFineResourcePatched:414]: 	at MC-BOOTSTRAP/cpw.mods.modlauncher@10.0.9/cpw.mods.modlauncher.ClassTransformer.transform(ClassTransformer.java:98)
[30Jul2025 16:15:24.133] [Server thread/INFO] [STDERR/]: [optifine.OptiFineTransformer:getOptiFineResourcePatched:414]: 	at MC-BOOTSTRAP/cpw.mods.modlauncher@10.0.9/cpw.mods.modlauncher.TransformingClassLoader.maybeTransformClassBytes(TransformingClassLoader.java:50)
[30Jul2025 16:15:24.133] [Server thread/INFO] [STDERR/]: [optifine.OptiFineTransformer:getOptiFineResourcePatched:414]: 	at cpw.mods.securejarhandler/cpw.mods.cl.ModuleClassLoader.readerToClass(ModuleClassLoader.java:113)
[30Jul2025 16:15:24.134] [Server thread/INFO] [STDERR/]: [optifine.OptiFineTransformer:getOptiFineResourcePatched:414]: 	at cpw.mods.securejarhandler/cpw.mods.cl.ModuleClassLoader.lambda$findClass$15(ModuleClassLoader.java:219)
[30Jul2025 16:15:24.134] [Server thread/INFO] [STDERR/]: [optifine.OptiFineTransformer:getOptiFineResourcePatched:414]: 	at cpw.mods.securejarhandler/cpw.mods.cl.ModuleClassLoader.loadFromModule(ModuleClassLoader.java:229)
[30Jul2025 16:15:24.134] [Server thread/INFO] [STDERR/]: [optifine.OptiFineTransformer:getOptiFineResourcePatched:414]: 	at cpw.mods.securejarhandler/cpw.mods.cl.ModuleClassLoader.findClass(ModuleClassLoader.java:219)
[30Jul2025 16:15:24.134] [Server thread/INFO] [STDERR/]: [optifine.OptiFineTransformer:getOptiFineResourcePatched:414]: 	at cpw.mods.securejarhandler/cpw.mods.cl.ModuleClassLoader.loadClass(ModuleClassLoader.java:135)
[30Jul2025 16:15:24.134] [Server thread/INFO] [STDERR/]: [optifine.OptiFineTransformer:getOptiFineResourcePatched:414]: 	at java.base/java.lang.ClassLoader.loadClass(ClassLoader.java:525)
[30Jul2025 16:15:24.135] [Server thread/INFO] [STDERR/]: [optifine.OptiFineTransformer:getOptiFineResourcePatched:414]: 	at TRANSFORMER/minecraft@1.20.1/net.minecraft.server.level.DistanceManager.<init>(DistanceManager.java:45)
[30Jul2025 16:15:24.135] [Server thread/INFO] [STDERR/]: [optifine.OptiFineTransformer:getOptiFineResourcePatched:414]: 	at TRANSFORMER/minecraft@1.20.1/net.minecraft.server.level.ChunkMap$DistanceManager.<init>(ChunkMap.java:1312)
[30Jul2025 16:15:24.136] [Server thread/INFO] [STDERR/]: [optifine.OptiFineTransformer:getOptiFineResourcePatched:414]: 	at TRANSFORMER/minecraft@1.20.1/net.minecraft.server.level.ChunkMap.<init>(ChunkMap.java:173)
[30Jul2025 16:15:24.136] [Server thread/INFO] [STDERR/]: [optifine.OptiFineTransformer:getOptiFineResourcePatched:414]: 	at TRANSFORMER/minecraft@1.20.1/net.minecraft.server.level.ServerChunkCache.<init>(ServerChunkCache.java:77)
[30Jul2025 16:15:24.137] [Server thread/INFO] [STDERR/]: [optifine.OptiFineTransformer:getOptiFineResourcePatched:414]: 	at TRANSFORMER/minecraft@1.20.1/net.minecraft.server.level.ServerLevel.<init>(ServerLevel.java:209)
[30Jul2025 16:15:24.137] [Server thread/INFO] [STDERR/]: [optifine.OptiFineTransformer:getOptiFineResourcePatched:414]: 	at TRANSFORMER/minecraft@1.20.1/net.minecraft.server.MinecraftServer.m_129815_(MinecraftServer.java:337)
[30Jul2025 16:15:24.137] [Server thread/INFO] [STDERR/]: [optifine.OptiFineTransformer:getOptiFineResourcePatched:414]: 	at TRANSFORMER/minecraft@1.20.1/net.minecraft.server.MinecraftServer.m_130006_(MinecraftServer.java:308)
[30Jul2025 16:15:24.138] [Server thread/INFO] [STDERR/]: [optifine.OptiFineTransformer:getOptiFineResourcePatched:414]: 	at TRANSFORMER/minecraft@1.20.1/net.minecraft.server.dedicated.DedicatedServer.m_7038_(DedicatedServer.java:164)
[30Jul2025 16:15:24.138] [Server thread/INFO] [STDERR/]: [optifine.OptiFineTransformer:getOptiFineResourcePatched:414]: 	at TRANSFORMER/minecraft@1.20.1/net.minecraft.server.MinecraftServer.m_130011_(MinecraftServer.java:634)
[30Jul2025 16:15:24.138] [Server thread/INFO] [STDERR/]: [optifine.OptiFineTransformer:getOptiFineResourcePatched:414]: 	at TRANSFORMER/minecraft@1.20.1/net.minecraft.server.MinecraftServer.m_206580_(MinecraftServer.java:251)
[30Jul2025 16:15:24.139] [Server thread/INFO] [STDERR/]: [optifine.OptiFineTransformer:getOptiFineResourcePatched:414]: 	at java.base/java.lang.Thread.run(Thread.java:840)
[30Jul2025 16:15:24.141] [Server thread/INFO] [STDERR/]: [optifine.OptiFineTransformer:getOptiFineResourcePatched:414]: java.io.IOException: Base resource not found: ahx$c.class
[30Jul2025 16:15:24.141] [Server thread/INFO] [STDERR/]: [optifine.OptiFineTransformer:getOptiFineResourcePatched:414]: 	at LAYER SERVICE/optifine/optifine.Patcher.applyPatch(Patcher.java:146)
[30Jul2025 16:15:24.142] [Server thread/INFO] [STDERR/]: [optifine.OptiFineTransformer:getOptiFineResourcePatched:414]: 	at LAYER SERVICE/optifine/optifine.OptiFineTransformer.getOptiFineResourcePatched(OptiFineTransformer.java:396)
[30Jul2025 16:15:24.142] [Server thread/INFO] [STDERR/]: [optifine.OptiFineTransformer:getOptiFineResourcePatched:414]: 	at LAYER SERVICE/optifine/optifine.OptiFineTransformer.getOptiFineResourceStreamPatched(OptiFineTransformer.java:368)
[30Jul2025 16:15:24.142] [Server thread/INFO] [STDERR/]: [optifine.OptiFineTransformer:getOptiFineResourcePatched:414]: 	at LAYER SERVICE/optifine/optifine.OptiFineTransformer.getOptiFineResourceStream(OptiFineTransformer.java:291)
[30Jul2025 16:15:24.142] [Server thread/INFO] [STDERR/]: [optifine.OptiFineTransformer:getOptiFineResourcePatched:414]: 	at LAYER SERVICE/optifine/optifine.OptiFineTransformer.getOptiFineResource(OptiFineTransformer.java:260)
[30Jul2025 16:15:24.143] [Server thread/INFO] [STDERR/]: [optifine.OptiFineTransformer:getOptiFineResourcePatched:414]: 	at LAYER SERVICE/optifine/optifine.OptiFineTransformer.transform(OptiFineTransformer.java:171)
[30Jul2025 16:15:24.143] [Server thread/INFO] [STDERR/]: [optifine.OptiFineTransformer:getOptiFineResourcePatched:414]: 	at LAYER SERVICE/optifine/optifine.OptiFineTransformer.transform(OptiFineTransformer.java:1)
[30Jul2025 16:15:24.143] [Server thread/INFO] [STDERR/]: [optifine.OptiFineTransformer:getOptiFineResourcePatched:414]: 	at MC-BOOTSTRAP/cpw.mods.modlauncher@10.0.9/cpw.mods.modlauncher.TransformerHolder.transform(TransformerHolder.java:41)
[30Jul2025 16:15:24.144] [Server thread/INFO] [STDERR/]: [optifine.OptiFineTransformer:getOptiFineResourcePatched:414]: 	at MC-BOOTSTRAP/cpw.mods.modlauncher@10.0.9/cpw.mods.modlauncher.ClassTransformer.performVote(ClassTransformer.java:179)
[30Jul2025 16:15:24.144] [Server thread/INFO] [STDERR/]: [optifine.OptiFineTransformer:getOptiFineResourcePatched:414]: 	at MC-BOOTSTRAP/cpw.mods.modlauncher@10.0.9/cpw.mods.modlauncher.ClassTransformer.transform(ClassTransformer.java:98)
[30Jul2025 16:15:24.145] [Server thread/INFO] [STDERR/]: [optifine.OptiFineTransformer:getOptiFineResourcePatched:414]: 	at MC-BOOTSTRAP/cpw.mods.modlauncher@10.0.9/cpw.mods.modlauncher.TransformingClassLoader.maybeTransformClassBytes(TransformingClassLoader.java:50)
[30Jul2025 16:15:24.145] [Server thread/INFO] [STDERR/]: [optifine.OptiFineTransformer:getOptiFineResourcePatched:414]: 	at cpw.mods.securejarhandler/cpw.mods.cl.ModuleClassLoader.readerToClass(ModuleClassLoader.java:113)
[30Jul2025 16:15:24.145] [Server thread/INFO] [STDERR/]: [optifine.OptiFineTransformer:getOptiFineResourcePatched:414]: 	at cpw.mods.securejarhandler/cpw.mods.cl.ModuleClassLoader.lambda$findClass$15(ModuleClassLoader.java:219)
[30Jul2025 16:15:24.146] [Server thread/INFO] [STDERR/]: [optifine.OptiFineTransformer:getOptiFineResourcePatched:414]: 	at cpw.mods.securejarhandler/cpw.mods.cl.ModuleClassLoader.loadFromModule(ModuleClassLoader.java:229)
[30Jul2025 16:15:24.146] [Server thread/INFO] [STDERR/]: [optifine.OptiFineTransformer:getOptiFineResourcePatched:414]: 	at cpw.mods.securejarhandler/cpw.mods.cl.ModuleClassLoader.findClass(ModuleClassLoader.java:219)
[30Jul2025 16:15:24.147] [Server thread/INFO] [STDERR/]: [optifine.OptiFineTransformer:getOptiFineResourcePatched:414]: 	at cpw.mods.securejarhandler/cpw.mods.cl.ModuleClassLoader.loadClass(ModuleClassLoader.java:135)
[30Jul2025 16:15:24.147] [Server thread/INFO] [STDERR/]: [optifine.OptiFineTransformer:getOptiFineResourcePatched:414]: 	at java.base/java.lang.ClassLoader.loadClass(ClassLoader.java:525)
[30Jul2025 16:15:24.148] [Server thread/INFO] [STDERR/]: [optifine.OptiFineTransformer:getOptiFineResourcePatched:414]: 	at TRANSFORMER/minecraft@1.20.1/net.minecraft.server.level.DistanceManager.<init>(DistanceManager.java:47)
[30Jul2025 16:15:24.148] [Server thread/INFO] [STDERR/]: [optifine.OptiFineTransformer:getOptiFineResourcePatched:414]: 	at TRANSFORMER/minecraft@1.20.1/net.minecraft.server.level.ChunkMap$DistanceManager.<init>(ChunkMap.java:1312)
[30Jul2025 16:15:24.149] [Server thread/INFO] [STDERR/]: [optifine.OptiFineTransformer:getOptiFineResourcePatched:414]: 	at TRANSFORMER/minecraft@1.20.1/net.minecraft.server.level.ChunkMap.<init>(ChunkMap.java:173)
[30Jul2025 16:15:24.149] [Server thread/INFO] [STDERR/]: [optifine.OptiFineTransformer:getOptiFineResourcePatched:414]: 	at TRANSFORMER/minecraft@1.20.1/net.minecraft.server.level.ServerChunkCache.<init>(ServerChunkCache.java:77)
[30Jul2025 16:15:24.149] [Server thread/INFO] [STDERR/]: [optifine.OptiFineTransformer:getOptiFineResourcePatched:414]: 	at TRANSFORMER/minecraft@1.20.1/net.minecraft.server.level.ServerLevel.<init>(ServerLevel.java:209)
[30Jul2025 16:15:24.150] [Server thread/INFO] [STDERR/]: [optifine.OptiFineTransformer:getOptiFineResourcePatched:414]: 	at TRANSFORMER/minecraft@1.20.1/net.minecraft.server.MinecraftServer.m_129815_(MinecraftServer.java:337)
[30Jul2025 16:15:24.150] [Server thread/INFO] [STDERR/]: [optifine.OptiFineTransformer:getOptiFineResourcePatched:414]: 	at TRANSFORMER/minecraft@1.20.1/net.minecraft.server.MinecraftServer.m_130006_(MinecraftServer.java:308)
[30Jul2025 16:15:24.150] [Server thread/INFO] [STDERR/]: [optifine.OptiFineTransformer:getOptiFineResourcePatched:414]: 	at TRANSFORMER/minecraft@1.20.1/net.minecraft.server.dedicated.DedicatedServer.m_7038_(DedicatedServer.java:164)
[30Jul2025 16:15:24.151] [Server thread/INFO] [STDERR/]: [optifine.OptiFineTransformer:getOptiFineResourcePatched:414]: 	at TRANSFORMER/minecraft@1.20.1/net.minecraft.server.MinecraftServer.m_130011_(MinecraftServer.java:634)
[30Jul2025 16:15:24.151] [Server thread/INFO] [STDERR/]: [optifine.OptiFineTransformer:getOptiFineResourcePatched:414]: 	at TRANSFORMER/minecraft@1.20.1/net.minecraft.server.MinecraftServer.m_206580_(MinecraftServer.java:251)
[30Jul2025 16:15:24.152] [Server thread/INFO] [STDERR/]: [optifine.OptiFineTransformer:getOptiFineResourcePatched:414]: 	at java.base/java.lang.Thread.run(Thread.java:840)
[30Jul2025 16:15:24.246] [Server thread/INFO] [net.minecraft.server.MinecraftServer/]: Preparing start region for dimension minecraft:overworld
[30Jul2025 16:15:24.367] [Server thread/INFO] [STDERR/]: [optifine.OptiFineTransformer:getOptiFineResourcePatched:414]: java.io.IOException: Base resource not found: deq$d.class
[30Jul2025 16:15:24.367] [Server thread/INFO] [STDERR/]: [optifine.OptiFineTransformer:getOptiFineResourcePatched:414]: 	at LAYER SERVICE/optifine/optifine.Patcher.applyPatch(Patcher.java:146)
[30Jul2025 16:15:24.367] [Server thread/INFO] [STDERR/]: [optifine.OptiFineTransformer:getOptiFineResourcePatched:414]: 	at LAYER SERVICE/optifine/optifine.OptiFineTransformer.getOptiFineResourcePatched(OptiFineTransformer.java:396)
[30Jul2025 16:15:24.368] [Server thread/INFO] [STDERR/]: [optifine.OptiFineTransformer:getOptiFineResourcePatched:414]: 	at LAYER SERVICE/optifine/optifine.OptiFineTransformer.getOptiFineResourceStreamPatched(OptiFineTransformer.java:368)
[30Jul2025 16:15:24.368] [Server thread/INFO] [STDERR/]: [optifine.OptiFineTransformer:getOptiFineResourcePatched:414]: 	at LAYER SERVICE/optifine/optifine.OptiFineTransformer.getOptiFineResourceStream(OptiFineTransformer.java:291)
[30Jul2025 16:15:24.368] [Server thread/INFO] [STDERR/]: [optifine.OptiFineTransformer:getOptiFineResourcePatched:414]: 	at LAYER SERVICE/optifine/optifine.OptiFineTransformer.getOptiFineResource(OptiFineTransformer.java:260)
[30Jul2025 16:15:24.368] [Server thread/INFO] [STDERR/]: [optifine.OptiFineTransformer:getOptiFineResourcePatched:414]: 	at LAYER SERVICE/optifine/optifine.OptiFineTransformer.transform(OptiFineTransformer.java:171)
[30Jul2025 16:15:24.368] [Server thread/INFO] [STDERR/]: [optifine.OptiFineTransformer:getOptiFineResourcePatched:414]: 	at LAYER SERVICE/optifine/optifine.OptiFineTransformer.transform(OptiFineTransformer.java:1)
[30Jul2025 16:15:24.368] [Server thread/INFO] [STDERR/]: [optifine.OptiFineTransformer:getOptiFineResourcePatched:414]: 	at MC-BOOTSTRAP/cpw.mods.modlauncher@10.0.9/cpw.mods.modlauncher.TransformerHolder.transform(TransformerHolder.java:41)
[30Jul2025 16:15:24.369] [Server thread/INFO] [STDERR/]: [optifine.OptiFineTransformer:getOptiFineResourcePatched:414]: 	at MC-BOOTSTRAP/cpw.mods.modlauncher@10.0.9/cpw.mods.modlauncher.ClassTransformer.performVote(ClassTransformer.java:179)
[30Jul2025 16:15:24.369] [Server thread/INFO] [STDERR/]: [optifine.OptiFineTransformer:getOptiFineResourcePatched:414]: 	at MC-BOOTSTRAP/cpw.mods.modlauncher@10.0.9/cpw.mods.modlauncher.ClassTransformer.transform(ClassTransformer.java:98)
[30Jul2025 16:15:24.369] [Server thread/INFO] [STDERR/]: [optifine.OptiFineTransformer:getOptiFineResourcePatched:414]: 	at MC-BOOTSTRAP/cpw.mods.modlauncher@10.0.9/cpw.mods.modlauncher.TransformingClassLoader.maybeTransformClassBytes(TransformingClassLoader.java:50)
[30Jul2025 16:15:24.369] [Server thread/INFO] [STDERR/]: [optifine.OptiFineTransformer:getOptiFineResourcePatched:414]: 	at cpw.mods.securejarhandler/cpw.mods.cl.ModuleClassLoader.readerToClass(ModuleClassLoader.java:113)
[30Jul2025 16:15:24.369] [Server thread/INFO] [STDERR/]: [optifine.OptiFineTransformer:getOptiFineResourcePatched:414]: 	at cpw.mods.securejarhandler/cpw.mods.cl.ModuleClassLoader.lambda$findClass$15(ModuleClassLoader.java:219)
[30Jul2025 16:15:24.370] [Server thread/INFO] [STDERR/]: [optifine.OptiFineTransformer:getOptiFineResourcePatched:414]: 	at cpw.mods.securejarhandler/cpw.mods.cl.ModuleClassLoader.loadFromModule(ModuleClassLoader.java:229)
[30Jul2025 16:15:24.370] [Server thread/INFO] [STDERR/]: [optifine.OptiFineTransformer:getOptiFineResourcePatched:414]: 	at cpw.mods.securejarhandler/cpw.mods.cl.ModuleClassLoader.findClass(ModuleClassLoader.java:219)
[30Jul2025 16:15:24.370] [Server thread/INFO] [STDERR/]: [optifine.OptiFineTransformer:getOptiFineResourcePatched:414]: 	at cpw.mods.securejarhandler/cpw.mods.cl.ModuleClassLoader.loadClass(ModuleClassLoader.java:135)
[30Jul2025 16:15:24.370] [Server thread/INFO] [STDERR/]: [optifine.OptiFineTransformer:getOptiFineResourcePatched:414]: 	at java.base/java.lang.ClassLoader.loadClass(ClassLoader.java:525)
[30Jul2025 16:15:24.370] [Server thread/INFO] [STDERR/]: [optifine.OptiFineTransformer:getOptiFineResourcePatched:414]: 	at TRANSFORMER/minecraft@1.20.1/net.minecraft.world.level.chunk.storage.ChunkSerializer.<clinit>(ChunkSerializer.java:66)
[30Jul2025 16:15:24.370] [Server thread/INFO] [STDERR/]: [optifine.OptiFineTransformer:getOptiFineResourcePatched:414]: 	at TRANSFORMER/minecraft@1.20.1/net.minecraft.server.level.ChunkMap.m_288112_(ChunkMap.java:578)
[30Jul2025 16:15:24.371] [Server thread/INFO] [STDERR/]: [optifine.OptiFineTransformer:getOptiFineResourcePatched:414]: 	at java.base/java.util.concurrent.CompletableFuture$UniApply.tryFire(CompletableFuture.java:646)
[30Jul2025 16:15:24.371] [Server thread/INFO] [STDERR/]: [optifine.OptiFineTransformer:getOptiFineResourcePatched:414]: 	at java.base/java.util.concurrent.CompletableFuture$Completion.run(CompletableFuture.java:482)
[30Jul2025 16:15:24.371] [Server thread/INFO] [STDERR/]: [optifine.OptiFineTransformer:getOptiFineResourcePatched:414]: 	at TRANSFORMER/minecraft@1.20.1/net.minecraft.util.thread.BlockableEventLoop.m_6367_(BlockableEventLoop.java:156)
[30Jul2025 16:15:24.371] [Server thread/INFO] [STDERR/]: [optifine.OptiFineTransformer:getOptiFineResourcePatched:414]: 	at TRANSFORMER/minecraft@1.20.1/net.minecraft.server.level.ServerChunkCache$MainThreadExecutor.m_6367_(ServerChunkCache.java:541)
[30Jul2025 16:15:24.371] [Server thread/INFO] [STDERR/]: [optifine.OptiFineTransformer:getOptiFineResourcePatched:414]: 	at TRANSFORMER/minecraft@1.20.1/net.minecraft.util.thread.BlockableEventLoop.m_7245_(BlockableEventLoop.java:130)
[30Jul2025 16:15:24.372] [Server thread/INFO] [STDERR/]: [optifine.OptiFineTransformer:getOptiFineResourcePatched:414]: 	at TRANSFORMER/minecraft@1.20.1/net.minecraft.server.level.ServerChunkCache$MainThreadExecutor.m_7245_(ServerChunkCache.java:549)
[30Jul2025 16:15:24.372] [Server thread/INFO] [STDERR/]: [optifine.OptiFineTransformer:getOptiFineResourcePatched:414]: 	at TRANSFORMER/minecraft@1.20.1/net.minecraft.server.level.ServerChunkCache.m_8466_(ServerChunkCache.java:269)
[30Jul2025 16:15:24.372] [Server thread/INFO] [STDERR/]: [optifine.OptiFineTransformer:getOptiFineResourcePatched:414]: 	at TRANSFORMER/minecraft@1.20.1/net.minecraft.server.MinecraftServer.m_129961_(MinecraftServer.java:758)
[30Jul2025 16:15:24.372] [Server thread/INFO] [STDERR/]: [optifine.OptiFineTransformer:getOptiFineResourcePatched:414]: 	at TRANSFORMER/minecraft@1.20.1/net.minecraft.server.MinecraftServer.m_7245_(MinecraftServer.java:747)
[30Jul2025 16:15:24.372] [Server thread/INFO] [STDERR/]: [optifine.OptiFineTransformer:getOptiFineResourcePatched:414]: 	at TRANSFORMER/minecraft@1.20.1/net.minecraft.util.thread.BlockableEventLoop.m_18699_(BlockableEventLoop.java:115)
[30Jul2025 16:15:24.373] [Server thread/INFO] [STDERR/]: [optifine.OptiFineTransformer:getOptiFineResourcePatched:414]: 	at TRANSFORMER/minecraft@1.20.1/net.minecraft.server.MinecraftServer.m_130012_(MinecraftServer.java:732)
[30Jul2025 16:15:24.373] [Server thread/INFO] [STDERR/]: [optifine.OptiFineTransformer:getOptiFineResourcePatched:414]: 	at TRANSFORMER/minecraft@1.20.1/net.minecraft.server.MinecraftServer.m_129940_(MinecraftServer.java:459)
[30Jul2025 16:15:24.374] [Server thread/INFO] [STDERR/]: [optifine.OptiFineTransformer:getOptiFineResourcePatched:414]: 	at TRANSFORMER/minecraft@1.20.1/net.minecraft.server.MinecraftServer.m_130006_(MinecraftServer.java:310)
[30Jul2025 16:15:24.374] [Server thread/INFO] [STDERR/]: [optifine.OptiFineTransformer:getOptiFineResourcePatched:414]: 	at TRANSFORMER/minecraft@1.20.1/net.minecraft.server.dedicated.DedicatedServer.m_7038_(DedicatedServer.java:164)
[30Jul2025 16:15:24.374] [Server thread/INFO] [STDERR/]: [optifine.OptiFineTransformer:getOptiFineResourcePatched:414]: 	at TRANSFORMER/minecraft@1.20.1/net.minecraft.server.MinecraftServer.m_130011_(MinecraftServer.java:634)
[30Jul2025 16:15:24.374] [Server thread/INFO] [STDERR/]: [optifine.OptiFineTransformer:getOptiFineResourcePatched:414]: 	at TRANSFORMER/minecraft@1.20.1/net.minecraft.server.MinecraftServer.m_206580_(MinecraftServer.java:251)
[30Jul2025 16:15:24.374] [Server thread/INFO] [STDERR/]: [optifine.OptiFineTransformer:getOptiFineResourcePatched:414]: 	at java.base/java.lang.Thread.run(Thread.java:840)
[30Jul2025 16:15:24.376] [Server thread/INFO] [STDERR/]: [optifine.OptiFineTransformer:getOptiFineResourcePatched:414]: java.io.IOException: Base resource not found: deq$d$1.class
[30Jul2025 16:15:24.377] [Server thread/INFO] [STDERR/]: [optifine.OptiFineTransformer:getOptiFineResourcePatched:414]: 	at LAYER SERVICE/optifine/optifine.Patcher.applyPatch(Patcher.java:146)
[30Jul2025 16:15:24.377] [Server thread/INFO] [STDERR/]: [optifine.OptiFineTransformer:getOptiFineResourcePatched:414]: 	at LAYER SERVICE/optifine/optifine.OptiFineTransformer.getOptiFineResourcePatched(OptiFineTransformer.java:396)
[30Jul2025 16:15:24.378] [Server thread/INFO] [STDERR/]: [optifine.OptiFineTransformer:getOptiFineResourcePatched:414]: 	at LAYER SERVICE/optifine/optifine.OptiFineTransformer.getOptiFineResourceStreamPatched(OptiFineTransformer.java:368)
[30Jul2025 16:15:24.378] [Server thread/INFO] [STDERR/]: [optifine.OptiFineTransformer:getOptiFineResourcePatched:414]: 	at LAYER SERVICE/optifine/optifine.OptiFineTransformer.getOptiFineResourceStream(OptiFineTransformer.java:291)
[30Jul2025 16:15:24.378] [Server thread/INFO] [STDERR/]: [optifine.OptiFineTransformer:getOptiFineResourcePatched:414]: 	at LAYER SERVICE/optifine/optifine.OptiFineTransformer.getOptiFineResource(OptiFineTransformer.java:260)
[30Jul2025 16:15:24.379] [Server thread/INFO] [STDERR/]: [optifine.OptiFineTransformer:getOptiFineResourcePatched:414]: 	at LAYER SERVICE/optifine/optifine.OptiFineTransformer.transform(OptiFineTransformer.java:171)
[30Jul2025 16:15:24.379] [Server thread/INFO] [STDERR/]: [optifine.OptiFineTransformer:getOptiFineResourcePatched:414]: 	at LAYER SERVICE/optifine/optifine.OptiFineTransformer.transform(OptiFineTransformer.java:1)
[30Jul2025 16:15:24.379] [Server thread/INFO] [STDERR/]: [optifine.OptiFineTransformer:getOptiFineResourcePatched:414]: 	at MC-BOOTSTRAP/cpw.mods.modlauncher@10.0.9/cpw.mods.modlauncher.TransformerHolder.transform(TransformerHolder.java:41)
[30Jul2025 16:15:24.379] [Server thread/INFO] [STDERR/]: [optifine.OptiFineTransformer:getOptiFineResourcePatched:414]: 	at MC-BOOTSTRAP/cpw.mods.modlauncher@10.0.9/cpw.mods.modlauncher.ClassTransformer.performVote(ClassTransformer.java:179)
[30Jul2025 16:15:24.380] [Server thread/INFO] [STDERR/]: [optifine.OptiFineTransformer:getOptiFineResourcePatched:414]: 	at MC-BOOTSTRAP/cpw.mods.modlauncher@10.0.9/cpw.mods.modlauncher.ClassTransformer.transform(ClassTransformer.java:98)
[30Jul2025 16:15:24.380] [Server thread/INFO] [STDERR/]: [optifine.OptiFineTransformer:getOptiFineResourcePatched:414]: 	at MC-BOOTSTRAP/cpw.mods.modlauncher@10.0.9/cpw.mods.modlauncher.TransformingClassLoader.maybeTransformClassBytes(TransformingClassLoader.java:50)
[30Jul2025 16:15:24.380] [Server thread/INFO] [STDERR/]: [optifine.OptiFineTransformer:getOptiFineResourcePatched:414]: 	at cpw.mods.securejarhandler/cpw.mods.cl.ModuleClassLoader.readerToClass(ModuleClassLoader.java:113)
[30Jul2025 16:15:24.380] [Server thread/INFO] [STDERR/]: [optifine.OptiFineTransformer:getOptiFineResourcePatched:414]: 	at cpw.mods.securejarhandler/cpw.mods.cl.ModuleClassLoader.lambda$findClass$15(ModuleClassLoader.java:219)
[30Jul2025 16:15:24.380] [Server thread/INFO] [STDERR/]: [optifine.OptiFineTransformer:getOptiFineResourcePatched:414]: 	at cpw.mods.securejarhandler/cpw.mods.cl.ModuleClassLoader.loadFromModule(ModuleClassLoader.java:229)
[30Jul2025 16:15:24.381] [Server thread/INFO] [STDERR/]: [optifine.OptiFineTransformer:getOptiFineResourcePatched:414]: 	at cpw.mods.securejarhandler/cpw.mods.cl.ModuleClassLoader.findClass(ModuleClassLoader.java:219)
[30Jul2025 16:15:24.381] [Server thread/INFO] [STDERR/]: [optifine.OptiFineTransformer:getOptiFineResourcePatched:414]: 	at cpw.mods.securejarhandler/cpw.mods.cl.ModuleClassLoader.loadClass(ModuleClassLoader.java:135)
[30Jul2025 16:15:24.381] [Server thread/INFO] [STDERR/]: [optifine.OptiFineTransformer:getOptiFineResourcePatched:414]: 	at java.base/java.lang.ClassLoader.loadClass(ClassLoader.java:525)
[30Jul2025 16:15:24.381] [Server thread/INFO] [STDERR/]: [optifine.OptiFineTransformer:getOptiFineResourcePatched:414]: 	at TRANSFORMER/minecraft@1.20.1/net.minecraft.world.level.chunk.storage.ChunkSerializer.<clinit>(ChunkSerializer.java:66)
[30Jul2025 16:15:24.381] [Server thread/INFO] [STDERR/]: [optifine.OptiFineTransformer:getOptiFineResourcePatched:414]: 	at TRANSFORMER/minecraft@1.20.1/net.minecraft.server.level.ChunkMap.m_288112_(ChunkMap.java:578)
[30Jul2025 16:15:24.381] [Server thread/INFO] [STDERR/]: [optifine.OptiFineTransformer:getOptiFineResourcePatched:414]: 	at java.base/java.util.concurrent.CompletableFuture$UniApply.tryFire(CompletableFuture.java:646)
[30Jul2025 16:15:24.382] [Server thread/INFO] [STDERR/]: [optifine.OptiFineTransformer:getOptiFineResourcePatched:414]: 	at java.base/java.util.concurrent.CompletableFuture$Completion.run(CompletableFuture.java:482)
[30Jul2025 16:15:24.382] [Server thread/INFO] [STDERR/]: [optifine.OptiFineTransformer:getOptiFineResourcePatched:414]: 	at TRANSFORMER/minecraft@1.20.1/net.minecraft.util.thread.BlockableEventLoop.m_6367_(BlockableEventLoop.java:156)
[30Jul2025 16:15:24.382] [Server thread/INFO] [STDERR/]: [optifine.OptiFineTransformer:getOptiFineResourcePatched:414]: 	at TRANSFORMER/minecraft@1.20.1/net.minecraft.server.level.ServerChunkCache$MainThreadExecutor.m_6367_(ServerChunkCache.java:541)
[30Jul2025 16:15:24.382] [Server thread/INFO] [STDERR/]: [optifine.OptiFineTransformer:getOptiFineResourcePatched:414]: 	at TRANSFORMER/minecraft@1.20.1/net.minecraft.util.thread.BlockableEventLoop.m_7245_(BlockableEventLoop.java:130)
[30Jul2025 16:15:24.382] [Server thread/INFO] [STDERR/]: [optifine.OptiFineTransformer:getOptiFineResourcePatched:414]: 	at TRANSFORMER/minecraft@1.20.1/net.minecraft.server.level.ServerChunkCache$MainThreadExecutor.m_7245_(ServerChunkCache.java:549)
[30Jul2025 16:15:24.382] [Server thread/INFO] [STDERR/]: [optifine.OptiFineTransformer:getOptiFineResourcePatched:414]: 	at TRANSFORMER/minecraft@1.20.1/net.minecraft.server.level.ServerChunkCache.m_8466_(ServerChunkCache.java:269)
[30Jul2025 16:15:24.383] [Server thread/INFO] [STDERR/]: [optifine.OptiFineTransformer:getOptiFineResourcePatched:414]: 	at TRANSFORMER/minecraft@1.20.1/net.minecraft.server.MinecraftServer.m_129961_(MinecraftServer.java:758)
[30Jul2025 16:15:24.383] [Server thread/INFO] [STDERR/]: [optifine.OptiFineTransformer:getOptiFineResourcePatched:414]: 	at TRANSFORMER/minecraft@1.20.1/net.minecraft.server.MinecraftServer.m_7245_(MinecraftServer.java:747)
[30Jul2025 16:15:24.383] [Server thread/INFO] [STDERR/]: [optifine.OptiFineTransformer:getOptiFineResourcePatched:414]: 	at TRANSFORMER/minecraft@1.20.1/net.minecraft.util.thread.BlockableEventLoop.m_18699_(BlockableEventLoop.java:115)
[30Jul2025 16:15:24.383] [Server thread/INFO] [STDERR/]: [optifine.OptiFineTransformer:getOptiFineResourcePatched:414]: 	at TRANSFORMER/minecraft@1.20.1/net.minecraft.server.MinecraftServer.m_130012_(MinecraftServer.java:732)
[30Jul2025 16:15:24.383] [Server thread/INFO] [STDERR/]: [optifine.OptiFineTransformer:getOptiFineResourcePatched:414]: 	at TRANSFORMER/minecraft@1.20.1/net.minecraft.server.MinecraftServer.m_129940_(MinecraftServer.java:459)
[30Jul2025 16:15:24.384] [Server thread/INFO] [STDERR/]: [optifine.OptiFineTransformer:getOptiFineResourcePatched:414]: 	at TRANSFORMER/minecraft@1.20.1/net.minecraft.server.MinecraftServer.m_130006_(MinecraftServer.java:310)
[30Jul2025 16:15:24.384] [Server thread/INFO] [STDERR/]: [optifine.OptiFineTransformer:getOptiFineResourcePatched:414]: 	at TRANSFORMER/minecraft@1.20.1/net.minecraft.server.dedicated.DedicatedServer.m_7038_(DedicatedServer.java:164)
[30Jul2025 16:15:24.384] [Server thread/INFO] [STDERR/]: [optifine.OptiFineTransformer:getOptiFineResourcePatched:414]: 	at TRANSFORMER/minecraft@1.20.1/net.minecraft.server.MinecraftServer.m_130011_(MinecraftServer.java:634)
[30Jul2025 16:15:24.384] [Server thread/INFO] [STDERR/]: [optifine.OptiFineTransformer:getOptiFineResourcePatched:414]: 	at TRANSFORMER/minecraft@1.20.1/net.minecraft.server.MinecraftServer.m_206580_(MinecraftServer.java:251)
[30Jul2025 16:15:24.384] [Server thread/INFO] [STDERR/]: [optifine.OptiFineTransformer:getOptiFineResourcePatched:414]: 	at java.base/java.lang.Thread.run(Thread.java:840)
[30Jul2025 16:15:24.386] [Server thread/INFO] [STDERR/]: [optifine.OptiFineTransformer:getOptiFineResourcePatched:414]: java.io.IOException: Base resource not found: deq$d$2.class
[30Jul2025 16:15:24.386] [Server thread/INFO] [STDERR/]: [optifine.OptiFineTransformer:getOptiFineResourcePatched:414]: 	at LAYER SERVICE/optifine/optifine.Patcher.applyPatch(Patcher.java:146)
[30Jul2025 16:15:24.386] [Server thread/INFO] [STDERR/]: [optifine.OptiFineTransformer:getOptiFineResourcePatched:414]: 	at LAYER SERVICE/optifine/optifine.OptiFineTransformer.getOptiFineResourcePatched(OptiFineTransformer.java:396)
[30Jul2025 16:15:24.387] [Server thread/INFO] [STDERR/]: [optifine.OptiFineTransformer:getOptiFineResourcePatched:414]: 	at LAYER SERVICE/optifine/optifine.OptiFineTransformer.getOptiFineResourceStreamPatched(OptiFineTransformer.java:368)
[30Jul2025 16:15:24.387] [Server thread/INFO] [STDERR/]: [optifine.OptiFineTransformer:getOptiFineResourcePatched:414]: 	at LAYER SERVICE/optifine/optifine.OptiFineTransformer.getOptiFineResourceStream(OptiFineTransformer.java:291)
[30Jul2025 16:15:24.387] [Server thread/INFO] [STDERR/]: [optifine.OptiFineTransformer:getOptiFineResourcePatched:414]: 	at LAYER SERVICE/optifine/optifine.OptiFineTransformer.getOptiFineResource(OptiFineTransformer.java:260)
[30Jul2025 16:15:24.387] [Server thread/INFO] [STDERR/]: [optifine.OptiFineTransformer:getOptiFineResourcePatched:414]: 	at LAYER SERVICE/optifine/optifine.OptiFineTransformer.transform(OptiFineTransformer.java:171)
[30Jul2025 16:15:24.388] [Server thread/INFO] [STDERR/]: [optifine.OptiFineTransformer:getOptiFineResourcePatched:414]: 	at LAYER SERVICE/optifine/optifine.OptiFineTransformer.transform(OptiFineTransformer.java:1)
[30Jul2025 16:15:24.388] [Server thread/INFO] [STDERR/]: [optifine.OptiFineTransformer:getOptiFineResourcePatched:414]: 	at MC-BOOTSTRAP/cpw.mods.modlauncher@10.0.9/cpw.mods.modlauncher.TransformerHolder.transform(TransformerHolder.java:41)
[30Jul2025 16:15:24.388] [Server thread/INFO] [STDERR/]: [optifine.OptiFineTransformer:getOptiFineResourcePatched:414]: 	at MC-BOOTSTRAP/cpw.mods.modlauncher@10.0.9/cpw.mods.modlauncher.ClassTransformer.performVote(ClassTransformer.java:179)
[30Jul2025 16:15:24.388] [Server thread/INFO] [STDERR/]: [optifine.OptiFineTransformer:getOptiFineResourcePatched:414]: 	at MC-BOOTSTRAP/cpw.mods.modlauncher@10.0.9/cpw.mods.modlauncher.ClassTransformer.transform(ClassTransformer.java:98)
[30Jul2025 16:15:24.389] [Server thread/INFO] [STDERR/]: [optifine.OptiFineTransformer:getOptiFineResourcePatched:414]: 	at MC-BOOTSTRAP/cpw.mods.modlauncher@10.0.9/cpw.mods.modlauncher.TransformingClassLoader.maybeTransformClassBytes(TransformingClassLoader.java:50)
[30Jul2025 16:15:24.389] [Server thread/INFO] [STDERR/]: [optifine.OptiFineTransformer:getOptiFineResourcePatched:414]: 	at cpw.mods.securejarhandler/cpw.mods.cl.ModuleClassLoader.readerToClass(ModuleClassLoader.java:113)
[30Jul2025 16:15:24.390] [Server thread/INFO] [STDERR/]: [optifine.OptiFineTransformer:getOptiFineResourcePatched:414]: 	at cpw.mods.securejarhandler/cpw.mods.cl.ModuleClassLoader.lambda$findClass$15(ModuleClassLoader.java:219)
[30Jul2025 16:15:24.390] [Server thread/INFO] [STDERR/]: [optifine.OptiFineTransformer:getOptiFineResourcePatched:414]: 	at cpw.mods.securejarhandler/cpw.mods.cl.ModuleClassLoader.loadFromModule(ModuleClassLoader.java:229)
[30Jul2025 16:15:24.390] [Server thread/INFO] [STDERR/]: [optifine.OptiFineTransformer:getOptiFineResourcePatched:414]: 	at cpw.mods.securejarhandler/cpw.mods.cl.ModuleClassLoader.findClass(ModuleClassLoader.java:219)
[30Jul2025 16:15:24.391] [Server thread/INFO] [STDERR/]: [optifine.OptiFineTransformer:getOptiFineResourcePatched:414]: 	at cpw.mods.securejarhandler/cpw.mods.cl.ModuleClassLoader.loadClass(ModuleClassLoader.java:135)
[30Jul2025 16:15:24.391] [Server thread/INFO] [STDERR/]: [optifine.OptiFineTransformer:getOptiFineResourcePatched:414]: 	at java.base/java.lang.ClassLoader.loadClass(ClassLoader.java:525)
[30Jul2025 16:15:24.391] [Server thread/INFO] [STDERR/]: [optifine.OptiFineTransformer:getOptiFineResourcePatched:414]: 	at TRANSFORMER/minecraft@1.20.1/net.minecraft.world.level.chunk.storage.ChunkSerializer.<clinit>(ChunkSerializer.java:66)
[30Jul2025 16:15:24.391] [Server thread/INFO] [STDERR/]: [optifine.OptiFineTransformer:getOptiFineResourcePatched:414]: 	at TRANSFORMER/minecraft@1.20.1/net.minecraft.server.level.ChunkMap.m_288112_(ChunkMap.java:578)
[30Jul2025 16:15:24.392] [Server thread/INFO] [STDERR/]: [optifine.OptiFineTransformer:getOptiFineResourcePatched:414]: 	at java.base/java.util.concurrent.CompletableFuture$UniApply.tryFire(CompletableFuture.java:646)
[30Jul2025 16:15:24.392] [Server thread/INFO] [STDERR/]: [optifine.OptiFineTransformer:getOptiFineResourcePatched:414]: 	at java.base/java.util.concurrent.CompletableFuture$Completion.run(CompletableFuture.java:482)
[30Jul2025 16:15:24.392] [Server thread/INFO] [STDERR/]: [optifine.OptiFineTransformer:getOptiFineResourcePatched:414]: 	at TRANSFORMER/minecraft@1.20.1/net.minecraft.util.thread.BlockableEventLoop.m_6367_(BlockableEventLoop.java:156)
[30Jul2025 16:15:24.393] [Server thread/INFO] [STDERR/]: [optifine.OptiFineTransformer:getOptiFineResourcePatched:414]: 	at TRANSFORMER/minecraft@1.20.1/net.minecraft.server.level.ServerChunkCache$MainThreadExecutor.m_6367_(ServerChunkCache.java:541)
[30Jul2025 16:15:24.393] [Server thread/INFO] [STDERR/]: [optifine.OptiFineTransformer:getOptiFineResourcePatched:414]: 	at TRANSFORMER/minecraft@1.20.1/net.minecraft.util.thread.BlockableEventLoop.m_7245_(BlockableEventLoop.java:130)
[30Jul2025 16:15:24.393] [Server thread/INFO] [STDERR/]: [optifine.OptiFineTransformer:getOptiFineResourcePatched:414]: 	at TRANSFORMER/minecraft@1.20.1/net.minecraft.server.level.ServerChunkCache$MainThreadExecutor.m_7245_(ServerChunkCache.java:549)
[30Jul2025 16:15:24.393] [Server thread/INFO] [STDERR/]: [optifine.OptiFineTransformer:getOptiFineResourcePatched:414]: 	at TRANSFORMER/minecraft@1.20.1/net.minecraft.server.level.ServerChunkCache.m_8466_(ServerChunkCache.java:269)
[30Jul2025 16:15:24.394] [Server thread/INFO] [STDERR/]: [optifine.OptiFineTransformer:getOptiFineResourcePatched:414]: 	at TRANSFORMER/minecraft@1.20.1/net.minecraft.server.MinecraftServer.m_129961_(MinecraftServer.java:758)
[30Jul2025 16:15:24.394] [Server thread/INFO] [STDERR/]: [optifine.OptiFineTransformer:getOptiFineResourcePatched:414]: 	at TRANSFORMER/minecraft@1.20.1/net.minecraft.server.MinecraftServer.m_7245_(MinecraftServer.java:747)
[30Jul2025 16:15:24.395] [Server thread/INFO] [STDERR/]: [optifine.OptiFineTransformer:getOptiFineResourcePatched:414]: 	at TRANSFORMER/minecraft@1.20.1/net.minecraft.util.thread.BlockableEventLoop.m_18699_(BlockableEventLoop.java:115)
[30Jul2025 16:15:24.395] [Server thread/INFO] [STDERR/]: [optifine.OptiFineTransformer:getOptiFineResourcePatched:414]: 	at TRANSFORMER/minecraft@1.20.1/net.minecraft.server.MinecraftServer.m_130012_(MinecraftServer.java:732)
[30Jul2025 16:15:24.395] [Server thread/INFO] [STDERR/]: [optifine.OptiFineTransformer:getOptiFineResourcePatched:414]: 	at TRANSFORMER/minecraft@1.20.1/net.minecraft.server.MinecraftServer.m_129940_(MinecraftServer.java:459)
[30Jul2025 16:15:24.395] [Server thread/INFO] [STDERR/]: [optifine.OptiFineTransformer:getOptiFineResourcePatched:414]: 	at TRANSFORMER/minecraft@1.20.1/net.minecraft.server.MinecraftServer.m_130006_(MinecraftServer.java:310)
[30Jul2025 16:15:24.395] [Server thread/INFO] [STDERR/]: [optifine.OptiFineTransformer:getOptiFineResourcePatched:414]: 	at TRANSFORMER/minecraft@1.20.1/net.minecraft.server.dedicated.DedicatedServer.m_7038_(DedicatedServer.java:164)
[30Jul2025 16:15:24.396] [Server thread/INFO] [STDERR/]: [optifine.OptiFineTransformer:getOptiFineResourcePatched:414]: 	at TRANSFORMER/minecraft@1.20.1/net.minecraft.server.MinecraftServer.m_130011_(MinecraftServer.java:634)
[30Jul2025 16:15:24.396] [Server thread/INFO] [STDERR/]: [optifine.OptiFineTransformer:getOptiFineResourcePatched:414]: 	at TRANSFORMER/minecraft@1.20.1/net.minecraft.server.MinecraftServer.m_206580_(MinecraftServer.java:251)
[30Jul2025 16:15:24.396] [Server thread/INFO] [STDERR/]: [optifine.OptiFineTransformer:getOptiFineResourcePatched:414]: 	at java.base/java.lang.Thread.run(Thread.java:840)
[30Jul2025 16:15:24.400] [Server thread/INFO] [STDERR/]: [optifine.OptiFineTransformer:getOptiFineResourcePatched:414]: java.io.IOException: Base resource not found: deq.class
[30Jul2025 16:15:24.400] [Server thread/INFO] [STDERR/]: [optifine.OptiFineTransformer:getOptiFineResourcePatched:414]: 	at LAYER SERVICE/optifine/optifine.Patcher.applyPatch(Patcher.java:146)
[30Jul2025 16:15:24.400] [Server thread/INFO] [STDERR/]: [optifine.OptiFineTransformer:getOptiFineResourcePatched:414]: 	at LAYER SERVICE/optifine/optifine.OptiFineTransformer.getOptiFineResourcePatched(OptiFineTransformer.java:396)
[30Jul2025 16:15:24.400] [Server thread/INFO] [STDERR/]: [optifine.OptiFineTransformer:getOptiFineResourcePatched:414]: 	at LAYER SERVICE/optifine/optifine.OptiFineTransformer.getOptiFineResourceStreamPatched(OptiFineTransformer.java:368)
[30Jul2025 16:15:24.401] [Server thread/INFO] [STDERR/]: [optifine.OptiFineTransformer:getOptiFineResourcePatched:414]: 	at LAYER SERVICE/optifine/optifine.OptiFineTransformer.getOptiFineResourceStream(OptiFineTransformer.java:291)
[30Jul2025 16:15:24.401] [Server thread/INFO] [STDERR/]: [optifine.OptiFineTransformer:getOptiFineResourcePatched:414]: 	at LAYER SERVICE/optifine/optifine.OptiFineTransformer.getOptiFineResource(OptiFineTransformer.java:260)
[30Jul2025 16:15:24.401] [Server thread/INFO] [STDERR/]: [optifine.OptiFineTransformer:getOptiFineResourcePatched:414]: 	at LAYER SERVICE/optifine/optifine.OptiFineTransformer.transform(OptiFineTransformer.java:171)
[30Jul2025 16:15:24.401] [Server thread/INFO] [STDERR/]: [optifine.OptiFineTransformer:getOptiFineResourcePatched:414]: 	at LAYER SERVICE/optifine/optifine.OptiFineTransformer.transform(OptiFineTransformer.java:1)
[30Jul2025 16:15:24.401] [Server thread/INFO] [STDERR/]: [optifine.OptiFineTransformer:getOptiFineResourcePatched:414]: 	at MC-BOOTSTRAP/cpw.mods.modlauncher@10.0.9/cpw.mods.modlauncher.TransformerHolder.transform(TransformerHolder.java:41)
[30Jul2025 16:15:24.402] [Server thread/INFO] [STDERR/]: [optifine.OptiFineTransformer:getOptiFineResourcePatched:414]: 	at MC-BOOTSTRAP/cpw.mods.modlauncher@10.0.9/cpw.mods.modlauncher.ClassTransformer.performVote(ClassTransformer.java:179)
[30Jul2025 16:15:24.402] [Server thread/INFO] [STDERR/]: [optifine.OptiFineTransformer:getOptiFineResourcePatched:414]: 	at MC-BOOTSTRAP/cpw.mods.modlauncher@10.0.9/cpw.mods.modlauncher.ClassTransformer.transform(ClassTransformer.java:98)
[30Jul2025 16:15:24.402] [Server thread/INFO] [STDERR/]: [optifine.OptiFineTransformer:getOptiFineResourcePatched:414]: 	at MC-BOOTSTRAP/cpw.mods.modlauncher@10.0.9/cpw.mods.modlauncher.TransformingClassLoader.maybeTransformClassBytes(TransformingClassLoader.java:50)
[30Jul2025 16:15:24.402] [Server thread/INFO] [STDERR/]: [optifine.OptiFineTransformer:getOptiFineResourcePatched:414]: 	at cpw.mods.securejarhandler/cpw.mods.cl.ModuleClassLoader.readerToClass(ModuleClassLoader.java:113)
[30Jul2025 16:15:24.402] [Server thread/INFO] [STDERR/]: [optifine.OptiFineTransformer:getOptiFineResourcePatched:414]: 	at cpw.mods.securejarhandler/cpw.mods.cl.ModuleClassLoader.lambda$findClass$15(ModuleClassLoader.java:219)
[30Jul2025 16:15:24.403] [Server thread/INFO] [STDERR/]: [optifine.OptiFineTransformer:getOptiFineResourcePatched:414]: 	at cpw.mods.securejarhandler/cpw.mods.cl.ModuleClassLoader.loadFromModule(ModuleClassLoader.java:229)
[30Jul2025 16:15:24.403] [Server thread/INFO] [STDERR/]: [optifine.OptiFineTransformer:getOptiFineResourcePatched:414]: 	at cpw.mods.securejarhandler/cpw.mods.cl.ModuleClassLoader.findClass(ModuleClassLoader.java:219)
[30Jul2025 16:15:24.403] [Server thread/INFO] [STDERR/]: [optifine.OptiFineTransformer:getOptiFineResourcePatched:414]: 	at cpw.mods.securejarhandler/cpw.mods.cl.ModuleClassLoader.loadClass(ModuleClassLoader.java:135)
[30Jul2025 16:15:24.403] [Server thread/INFO] [STDERR/]: [optifine.OptiFineTransformer:getOptiFineResourcePatched:414]: 	at java.base/java.lang.ClassLoader.loadClass(ClassLoader.java:525)
[30Jul2025 16:15:24.404] [Server thread/INFO] [STDERR/]: [optifine.OptiFineTransformer:getOptiFineResourcePatched:414]: 	at java.base/java.lang.ClassLoader.defineClass0(Native Method)
[30Jul2025 16:15:24.404] [Server thread/INFO] [STDERR/]: [optifine.OptiFineTransformer:getOptiFineResourcePatched:414]: 	at java.base/java.lang.System$2.defineClass(System.java:2324)
[30Jul2025 16:15:24.404] [Server thread/INFO] [STDERR/]: [optifine.OptiFineTransformer:getOptiFineResourcePatched:414]: 	at java.base/java.lang.invoke.MethodHandles$Lookup$ClassDefiner.defineClass(MethodHandles.java:2439)
[30Jul2025 16:15:24.404] [Server thread/INFO] [STDERR/]: [optifine.OptiFineTransformer:getOptiFineResourcePatched:414]: 	at java.base/java.lang.invoke.MethodHandles$Lookup$ClassDefiner.defineClassAsLookup(MethodHandles.java:2420)
[30Jul2025 16:15:24.404] [Server thread/INFO] [STDERR/]: [optifine.OptiFineTransformer:getOptiFineResourcePatched:414]: 	at java.base/java.lang.invoke.MethodHandles$Lookup.defineHiddenClass(MethodHandles.java:2127)
[30Jul2025 16:15:24.404] [Server thread/INFO] [STDERR/]: [optifine.OptiFineTransformer:getOptiFineResourcePatched:414]: 	at java.base/java.lang.invoke.InnerClassLambdaMetafactory.generateInnerClass(InnerClassLambdaMetafactory.java:407)
[30Jul2025 16:15:24.405] [Server thread/INFO] [STDERR/]: [optifine.OptiFineTransformer:getOptiFineResourcePatched:414]: 	at java.base/java.lang.invoke.InnerClassLambdaMetafactory.spinInnerClass(InnerClassLambdaMetafactory.java:315)
[30Jul2025 16:15:24.405] [Server thread/INFO] [STDERR/]: [optifine.OptiFineTransformer:getOptiFineResourcePatched:414]: 	at java.base/java.lang.invoke.InnerClassLambdaMetafactory.buildCallSite(InnerClassLambdaMetafactory.java:228)
[30Jul2025 16:15:24.405] [Server thread/INFO] [STDERR/]: [optifine.OptiFineTransformer:getOptiFineResourcePatched:414]: 	at java.base/java.lang.invoke.LambdaMetafactory.metafactory(LambdaMetafactory.java:341)
[30Jul2025 16:15:24.406] [Server thread/INFO] [STDERR/]: [optifine.OptiFineTransformer:getOptiFineResourcePatched:414]: 	at java.base/java.lang.invoke.BootstrapMethodInvoker.invoke(BootstrapMethodInvoker.java:134)
[30Jul2025 16:15:24.406] [Server thread/INFO] [STDERR/]: [optifine.OptiFineTransformer:getOptiFineResourcePatched:414]: 	at java.base/java.lang.invoke.CallSite.makeSite(CallSite.java:315)
[30Jul2025 16:15:24.406] [Server thread/INFO] [STDERR/]: [optifine.OptiFineTransformer:getOptiFineResourcePatched:414]: 	at java.base/java.lang.invoke.MethodHandleNatives.linkCallSiteImpl(MethodHandleNatives.java:281)
[30Jul2025 16:15:24.406] [Server thread/INFO] [STDERR/]: [optifine.OptiFineTransformer:getOptiFineResourcePatched:414]: 	at java.base/java.lang.invoke.MethodHandleNatives.linkCallSite(MethodHandleNatives.java:271)
[30Jul2025 16:15:24.407] [Server thread/INFO] [STDERR/]: [optifine.OptiFineTransformer:getOptiFineResourcePatched:414]: 	at TRANSFORMER/minecraft@1.20.1/net.minecraft.world.level.chunk.PalettedContainer$Strategy.<clinit>(PalettedContainer.java:340)
[30Jul2025 16:15:24.407] [Server thread/INFO] [STDERR/]: [optifine.OptiFineTransformer:getOptiFineResourcePatched:414]: 	at TRANSFORMER/minecraft@1.20.1/net.minecraft.world.level.chunk.storage.ChunkSerializer.<clinit>(ChunkSerializer.java:66)
[30Jul2025 16:15:24.407] [Server thread/INFO] [STDERR/]: [optifine.OptiFineTransformer:getOptiFineResourcePatched:414]: 	at TRANSFORMER/minecraft@1.20.1/net.minecraft.server.level.ChunkMap.m_288112_(ChunkMap.java:578)
[30Jul2025 16:15:24.407] [Server thread/INFO] [STDERR/]: [optifine.OptiFineTransformer:getOptiFineResourcePatched:414]: 	at java.base/java.util.concurrent.CompletableFuture$UniApply.tryFire(CompletableFuture.java:646)
[30Jul2025 16:15:24.407] [Server thread/INFO] [STDERR/]: [optifine.OptiFineTransformer:getOptiFineResourcePatched:414]: 	at java.base/java.util.concurrent.CompletableFuture$Completion.run(CompletableFuture.java:482)
[30Jul2025 16:15:24.408] [Server thread/INFO] [STDERR/]: [optifine.OptiFineTransformer:getOptiFineResourcePatched:414]: 	at TRANSFORMER/minecraft@1.20.1/net.minecraft.util.thread.BlockableEventLoop.m_6367_(BlockableEventLoop.java:156)
[30Jul2025 16:15:24.408] [Server thread/INFO] [STDERR/]: [optifine.OptiFineTransformer:getOptiFineResourcePatched:414]: 	at TRANSFORMER/minecraft@1.20.1/net.minecraft.server.level.ServerChunkCache$MainThreadExecutor.m_6367_(ServerChunkCache.java:541)
[30Jul2025 16:15:24.408] [Server thread/INFO] [STDERR/]: [optifine.OptiFineTransformer:getOptiFineResourcePatched:414]: 	at TRANSFORMER/minecraft@1.20.1/net.minecraft.util.thread.BlockableEventLoop.m_7245_(BlockableEventLoop.java:130)
[30Jul2025 16:15:24.408] [Server thread/INFO] [STDERR/]: [optifine.OptiFineTransformer:getOptiFineResourcePatched:414]: 	at TRANSFORMER/minecraft@1.20.1/net.minecraft.server.level.ServerChunkCache$MainThreadExecutor.m_7245_(ServerChunkCache.java:549)
[30Jul2025 16:15:24.408] [Server thread/INFO] [STDERR/]: [optifine.OptiFineTransformer:getOptiFineResourcePatched:414]: 	at TRANSFORMER/minecraft@1.20.1/net.minecraft.server.level.ServerChunkCache.m_8466_(ServerChunkCache.java:269)
[30Jul2025 16:15:24.408] [Server thread/INFO] [STDERR/]: [optifine.OptiFineTransformer:getOptiFineResourcePatched:414]: 	at TRANSFORMER/minecraft@1.20.1/net.minecraft.server.MinecraftServer.m_129961_(MinecraftServer.java:758)
[30Jul2025 16:15:24.409] [Server thread/INFO] [STDERR/]: [optifine.OptiFineTransformer:getOptiFineResourcePatched:414]: 	at TRANSFORMER/minecraft@1.20.1/net.minecraft.server.MinecraftServer.m_7245_(MinecraftServer.java:747)
[30Jul2025 16:15:24.409] [Server thread/INFO] [STDERR/]: [optifine.OptiFineTransformer:getOptiFineResourcePatched:414]: 	at TRANSFORMER/minecraft@1.20.1/net.minecraft.util.thread.BlockableEventLoop.m_18699_(BlockableEventLoop.java:115)
[30Jul2025 16:15:24.411] [Server thread/INFO] [STDERR/]: [optifine.OptiFineTransformer:getOptiFineResourcePatched:414]: 	at TRANSFORMER/minecraft@1.20.1/net.minecraft.server.MinecraftServer.m_130012_(MinecraftServer.java:732)
[30Jul2025 16:15:24.411] [Server thread/INFO] [STDERR/]: [optifine.OptiFineTransformer:getOptiFineResourcePatched:414]: 	at TRANSFORMER/minecraft@1.20.1/net.minecraft.server.MinecraftServer.m_129940_(MinecraftServer.java:459)
[30Jul2025 16:15:24.411] [Server thread/INFO] [STDERR/]: [optifine.OptiFineTransformer:getOptiFineResourcePatched:414]: 	at TRANSFORMER/minecraft@1.20.1/net.minecraft.server.MinecraftServer.m_130006_(MinecraftServer.java:310)
[30Jul2025 16:15:24.412] [Server thread/INFO] [STDERR/]: [optifine.OptiFineTransformer:getOptiFineResourcePatched:414]: 	at TRANSFORMER/minecraft@1.20.1/net.minecraft.server.dedicated.DedicatedServer.m_7038_(DedicatedServer.java:164)
[30Jul2025 16:15:24.412] [Server thread/INFO] [STDERR/]: [optifine.OptiFineTransformer:getOptiFineResourcePatched:414]: 	at TRANSFORMER/minecraft@1.20.1/net.minecraft.server.MinecraftServer.m_130011_(MinecraftServer.java:634)
[30Jul2025 16:15:24.412] [Server thread/INFO] [STDERR/]: [optifine.OptiFineTransformer:getOptiFineResourcePatched:414]: 	at TRANSFORMER/minecraft@1.20.1/net.minecraft.server.MinecraftServer.m_206580_(MinecraftServer.java:251)
[30Jul2025 16:15:24.413] [Server thread/INFO] [STDERR/]: [optifine.OptiFineTransformer:getOptiFineResourcePatched:414]: 	at java.base/java.lang.Thread.run(Thread.java:840)
[30Jul2025 16:15:24.415] [Server thread/INFO] [STDERR/]: [optifine.OptiFineTransformer:getOptiFineResourcePatched:414]: java.io.IOException: Base resource not found: ans.class
[30Jul2025 16:15:24.415] [Server thread/INFO] [STDERR/]: [optifine.OptiFineTransformer:getOptiFineResourcePatched:414]: 	at LAYER SERVICE/optifine/optifine.Patcher.applyPatch(Patcher.java:146)
[30Jul2025 16:15:24.415] [Server thread/INFO] [STDERR/]: [optifine.OptiFineTransformer:getOptiFineResourcePatched:414]: 	at LAYER SERVICE/optifine/optifine.OptiFineTransformer.getOptiFineResourcePatched(OptiFineTransformer.java:396)
[30Jul2025 16:15:24.416] [Server thread/INFO] [STDERR/]: [optifine.OptiFineTransformer:getOptiFineResourcePatched:414]: 	at LAYER SERVICE/optifine/optifine.OptiFineTransformer.getOptiFineResourceStreamPatched(OptiFineTransformer.java:368)
[30Jul2025 16:15:24.416] [Server thread/INFO] [STDERR/]: [optifine.OptiFineTransformer:getOptiFineResourcePatched:414]: 	at LAYER SERVICE/optifine/optifine.OptiFineTransformer.getOptiFineResourceStream(OptiFineTransformer.java:291)
[30Jul2025 16:15:24.417] [Server thread/INFO] [STDERR/]: [optifine.OptiFineTransformer:getOptiFineResourcePatched:414]: 	at LAYER SERVICE/optifine/optifine.OptiFineTransformer.getOptiFineResource(OptiFineTransformer.java:260)
[30Jul2025 16:15:24.417] [Server thread/INFO] [STDERR/]: [optifine.OptiFineTransformer:getOptiFineResourcePatched:414]: 	at LAYER SERVICE/optifine/optifine.OptiFineTransformer.transform(OptiFineTransformer.java:171)
[30Jul2025 16:15:24.417] [Server thread/INFO] [STDERR/]: [optifine.OptiFineTransformer:getOptiFineResourcePatched:414]: 	at LAYER SERVICE/optifine/optifine.OptiFineTransformer.transform(OptiFineTransformer.java:1)
[30Jul2025 16:15:24.418] [Server thread/INFO] [STDERR/]: [optifine.OptiFineTransformer:getOptiFineResourcePatched:414]: 	at MC-BOOTSTRAP/cpw.mods.modlauncher@10.0.9/cpw.mods.modlauncher.TransformerHolder.transform(TransformerHolder.java:41)
[30Jul2025 16:15:24.420] [Server thread/INFO] [STDERR/]: [optifine.OptiFineTransformer:getOptiFineResourcePatched:414]: 	at MC-BOOTSTRAP/cpw.mods.modlauncher@10.0.9/cpw.mods.modlauncher.ClassTransformer.performVote(ClassTransformer.java:179)
[30Jul2025 16:15:24.421] [Server thread/INFO] [STDERR/]: [optifine.OptiFineTransformer:getOptiFineResourcePatched:414]: 	at MC-BOOTSTRAP/cpw.mods.modlauncher@10.0.9/cpw.mods.modlauncher.ClassTransformer.transform(ClassTransformer.java:98)
[30Jul2025 16:15:24.421] [Server thread/INFO] [STDERR/]: [optifine.OptiFineTransformer:getOptiFineResourcePatched:414]: 	at MC-BOOTSTRAP/cpw.mods.modlauncher@10.0.9/cpw.mods.modlauncher.TransformingClassLoader.maybeTransformClassBytes(TransformingClassLoader.java:50)
[30Jul2025 16:15:24.421] [Server thread/INFO] [STDERR/]: [optifine.OptiFineTransformer:getOptiFineResourcePatched:414]: 	at cpw.mods.securejarhandler/cpw.mods.cl.ModuleClassLoader.getMaybeTransformedClassBytes(ModuleClassLoader.java:250)
[30Jul2025 16:15:24.421] [Server thread/INFO] [STDERR/]: [optifine.OptiFineTransformer:getOptiFineResourcePatched:414]: 	at MC-BOOTSTRAP/cpw.mods.modlauncher@10.0.9/cpw.mods.modlauncher.TransformingClassLoader.buildTransformedClassNodeFor(TransformingClassLoader.java:58)
[30Jul2025 16:15:24.422] [Server thread/INFO] [STDERR/]: [optifine.OptiFineTransformer:getOptiFineResourcePatched:414]: 	at MC-BOOTSTRAP/cpw.mods.modlauncher@10.0.9/cpw.mods.modlauncher.LaunchPluginHandler.lambda$announceLaunch$10(LaunchPluginHandler.java:100)
[30Jul2025 16:15:24.422] [Server thread/INFO] [STDERR/]: [optifine.OptiFineTransformer:getOptiFineResourcePatched:414]: 	at MC-BOOTSTRAP/org.spongepowered.mixin/org.spongepowered.asm.launch.MixinLaunchPluginLegacy.getClassNode(MixinLaunchPluginLegacy.java:222)
[30Jul2025 16:15:24.422] [Server thread/INFO] [STDERR/]: [optifine.OptiFineTransformer:getOptiFineResourcePatched:414]: 	at MC-BOOTSTRAP/org.spongepowered.mixin/org.spongepowered.asm.launch.MixinLaunchPluginLegacy.getClassNode(MixinLaunchPluginLegacy.java:207)
[30Jul2025 16:15:24.423] [Server thread/INFO] [STDERR/]: [optifine.OptiFineTransformer:getOptiFineResourcePatched:414]: 	at MC-BOOTSTRAP/org.spongepowered.mixin/org.spongepowered.asm.mixin.transformer.ClassInfo.forName(ClassInfo.java:2005)
[30Jul2025 16:15:24.424] [Server thread/INFO] [STDERR/]: [optifine.OptiFineTransformer:getOptiFineResourcePatched:414]: 	at MC-BOOTSTRAP/org.spongepowered.mixin/org.spongepowered.asm.mixin.transformer.ClassInfo.forType(ClassInfo.java:2059)
[30Jul2025 16:15:24.424] [Server thread/INFO] [STDERR/]: [optifine.OptiFineTransformer:getOptiFineResourcePatched:414]: 	at MC-BOOTSTRAP/org.spongepowered.mixin/org.spongepowered.asm.mixin.transformer.ClassInfo.forDescriptor(ClassInfo.java:2038)
[30Jul2025 16:15:24.424] [Server thread/INFO] [STDERR/]: [optifine.OptiFineTransformer:getOptiFineResourcePatched:414]: 	at MC-BOOTSTRAP/org.spongepowered.mixin/org.spongepowered.asm.mixin.transformer.MixinPreProcessorStandard.transformMethod(MixinPreProcessorStandard.java:752)
[30Jul2025 16:15:24.425] [Server thread/INFO] [STDERR/]: [optifine.OptiFineTransformer:getOptiFineResourcePatched:414]: 	at MC-BOOTSTRAP/org.spongepowered.mixin/org.spongepowered.asm.mixin.transformer.MixinPreProcessorStandard.transform(MixinPreProcessorStandard.java:739)
[30Jul2025 16:15:24.425] [Server thread/INFO] [STDERR/]: [optifine.OptiFineTransformer:getOptiFineResourcePatched:414]: 	at MC-BOOTSTRAP/org.spongepowered.mixin/org.spongepowered.asm.mixin.transformer.MixinPreProcessorStandard.attach(MixinPreProcessorStandard.java:310)
[30Jul2025 16:15:24.428] [Server thread/INFO] [STDERR/]: [optifine.OptiFineTransformer:getOptiFineResourcePatched:414]: 	at MC-BOOTSTRAP/org.spongepowered.mixin/org.spongepowered.asm.mixin.transformer.MixinPreProcessorStandard.createContextFor(MixinPreProcessorStandard.java:280)
[30Jul2025 16:15:24.428] [Server thread/INFO] [STDERR/]: [optifine.OptiFineTransformer:getOptiFineResourcePatched:414]: 	at MC-BOOTSTRAP/org.spongepowered.mixin/org.spongepowered.asm.mixin.transformer.MixinInfo.createContextFor(MixinInfo.java:1288)
[30Jul2025 16:15:24.428] [Server thread/INFO] [STDERR/]: [optifine.OptiFineTransformer:getOptiFineResourcePatched:414]: 	at MC-BOOTSTRAP/org.spongepowered.mixin/org.spongepowered.asm.mixin.transformer.MixinApplicatorStandard.apply(MixinApplicatorStandard.java:292)
[30Jul2025 16:15:24.429] [Server thread/INFO] [STDERR/]: [optifine.OptiFineTransformer:getOptiFineResourcePatched:414]: 	at MC-BOOTSTRAP/org.spongepowered.mixin/org.spongepowered.asm.mixin.transformer.TargetClassContext.apply(TargetClassContext.java:383)
[30Jul2025 16:15:24.429] [Server thread/INFO] [STDERR/]: [optifine.OptiFineTransformer:getOptiFineResourcePatched:414]: 	at MC-BOOTSTRAP/org.spongepowered.mixin/org.spongepowered.asm.mixin.transformer.TargetClassContext.applyMixins(TargetClassContext.java:365)
[30Jul2025 16:15:24.431] [Server thread/INFO] [STDERR/]: [optifine.OptiFineTransformer:getOptiFineResourcePatched:414]: 	at MC-BOOTSTRAP/org.spongepowered.mixin/org.spongepowered.asm.mixin.transformer.MixinProcessor.applyMixins(MixinProcessor.java:363)
[30Jul2025 16:15:24.432] [Server thread/INFO] [STDERR/]: [optifine.OptiFineTransformer:getOptiFineResourcePatched:414]: 	at MC-BOOTSTRAP/org.spongepowered.mixin/org.spongepowered.asm.mixin.transformer.MixinTransformer.transformClass(MixinTransformer.java:250)
[30Jul2025 16:15:24.432] [Server thread/INFO] [STDERR/]: [optifine.OptiFineTransformer:getOptiFineResourcePatched:414]: 	at MC-BOOTSTRAP/org.spongepowered.mixin/org.spongepowered.asm.service.modlauncher.MixinTransformationHandler.processClass(MixinTransformationHandler.java:131)
[30Jul2025 16:15:24.435] [Server thread/INFO] [STDERR/]: [optifine.OptiFineTransformer:getOptiFineResourcePatched:414]: 	at MC-BOOTSTRAP/org.spongepowered.mixin/org.spongepowered.asm.launch.MixinLaunchPluginLegacy.processClass(MixinLaunchPluginLegacy.java:131)
[30Jul2025 16:15:24.435] [Server thread/INFO] [STDERR/]: [optifine.OptiFineTransformer:getOptiFineResourcePatched:414]: 	at MC-BOOTSTRAP/cpw.mods.modlauncher@10.0.9/cpw.mods.modlauncher.serviceapi.ILaunchPluginService.processClassWithFlags(ILaunchPluginService.java:156)
[30Jul2025 16:15:24.435] [Server thread/INFO] [STDERR/]: [optifine.OptiFineTransformer:getOptiFineResourcePatched:414]: 	at MC-BOOTSTRAP/cpw.mods.modlauncher@10.0.9/cpw.mods.modlauncher.LaunchPluginHandler.offerClassNodeToPlugins(LaunchPluginHandler.java:88)
[30Jul2025 16:15:24.435] [Server thread/INFO] [STDERR/]: [optifine.OptiFineTransformer:getOptiFineResourcePatched:414]: 	at MC-BOOTSTRAP/cpw.mods.modlauncher@10.0.9/cpw.mods.modlauncher.ClassTransformer.transform(ClassTransformer.java:120)
[30Jul2025 16:15:24.436] [Server thread/INFO] [STDERR/]: [optifine.OptiFineTransformer:getOptiFineResourcePatched:414]: 	at MC-BOOTSTRAP/cpw.mods.modlauncher@10.0.9/cpw.mods.modlauncher.TransformingClassLoader.maybeTransformClassBytes(TransformingClassLoader.java:50)
[30Jul2025 16:15:24.436] [Server thread/INFO] [STDERR/]: [optifine.OptiFineTransformer:getOptiFineResourcePatched:414]: 	at cpw.mods.securejarhandler/cpw.mods.cl.ModuleClassLoader.readerToClass(ModuleClassLoader.java:113)
[30Jul2025 16:15:24.436] [Server thread/INFO] [STDERR/]: [optifine.OptiFineTransformer:getOptiFineResourcePatched:414]: 	at cpw.mods.securejarhandler/cpw.mods.cl.ModuleClassLoader.lambda$findClass$15(ModuleClassLoader.java:219)
[30Jul2025 16:15:24.436] [Server thread/INFO] [STDERR/]: [optifine.OptiFineTransformer:getOptiFineResourcePatched:414]: 	at cpw.mods.securejarhandler/cpw.mods.cl.ModuleClassLoader.loadFromModule(ModuleClassLoader.java:229)
[30Jul2025 16:15:24.437] [Server thread/INFO] [STDERR/]: [optifine.OptiFineTransformer:getOptiFineResourcePatched:414]: 	at cpw.mods.securejarhandler/cpw.mods.cl.ModuleClassLoader.findClass(ModuleClassLoader.java:219)
[30Jul2025 16:15:24.437] [Server thread/INFO] [STDERR/]: [optifine.OptiFineTransformer:getOptiFineResourcePatched:414]: 	at cpw.mods.securejarhandler/cpw.mods.cl.ModuleClassLoader.loadClass(ModuleClassLoader.java:135)
[30Jul2025 16:15:24.437] [Server thread/INFO] [STDERR/]: [optifine.OptiFineTransformer:getOptiFineResourcePatched:414]: 	at java.base/java.lang.ClassLoader.loadClass(ClassLoader.java:525)
[30Jul2025 16:15:24.437] [Server thread/INFO] [STDERR/]: [optifine.OptiFineTransformer:getOptiFineResourcePatched:414]: 	at java.base/java.lang.ClassLoader.defineClass0(Native Method)
[30Jul2025 16:15:24.438] [Server thread/INFO] [STDERR/]: [optifine.OptiFineTransformer:getOptiFineResourcePatched:414]: 	at java.base/java.lang.System$2.defineClass(System.java:2324)
[30Jul2025 16:15:24.439] [Server thread/INFO] [STDERR/]: [optifine.OptiFineTransformer:getOptiFineResourcePatched:414]: 	at java.base/java.lang.invoke.MethodHandles$Lookup$ClassDefiner.defineClass(MethodHandles.java:2439)
[30Jul2025 16:15:24.439] [Server thread/INFO] [STDERR/]: [optifine.OptiFineTransformer:getOptiFineResourcePatched:414]: 	at java.base/java.lang.invoke.MethodHandles$Lookup$ClassDefiner.defineClassAsLookup(MethodHandles.java:2420)
[30Jul2025 16:15:24.439] [Server thread/INFO] [STDERR/]: [optifine.OptiFineTransformer:getOptiFineResourcePatched:414]: 	at java.base/java.lang.invoke.MethodHandles$Lookup.defineHiddenClass(MethodHandles.java:2127)
[30Jul2025 16:15:24.439] [Server thread/INFO] [STDERR/]: [optifine.OptiFineTransformer:getOptiFineResourcePatched:414]: 	at java.base/java.lang.invoke.InnerClassLambdaMetafactory.generateInnerClass(InnerClassLambdaMetafactory.java:407)
[30Jul2025 16:15:24.440] [Server thread/INFO] [STDERR/]: [optifine.OptiFineTransformer:getOptiFineResourcePatched:414]: 	at java.base/java.lang.invoke.InnerClassLambdaMetafactory.spinInnerClass(InnerClassLambdaMetafactory.java:315)
[30Jul2025 16:15:24.440] [Server thread/INFO] [STDERR/]: [optifine.OptiFineTransformer:getOptiFineResourcePatched:414]: 	at java.base/java.lang.invoke.InnerClassLambdaMetafactory.buildCallSite(InnerClassLambdaMetafactory.java:228)
[30Jul2025 16:15:24.440] [Server thread/INFO] [STDERR/]: [optifine.OptiFineTransformer:getOptiFineResourcePatched:414]: 	at java.base/java.lang.invoke.LambdaMetafactory.metafactory(LambdaMetafactory.java:341)
[30Jul2025 16:15:24.440] [Server thread/INFO] [STDERR/]: [optifine.OptiFineTransformer:getOptiFineResourcePatched:414]: 	at java.base/java.lang.invoke.BootstrapMethodInvoker.invoke(BootstrapMethodInvoker.java:134)
[30Jul2025 16:15:24.441] [Server thread/INFO] [STDERR/]: [optifine.OptiFineTransformer:getOptiFineResourcePatched:414]: 	at java.base/java.lang.invoke.CallSite.makeSite(CallSite.java:315)
[30Jul2025 16:15:24.441] [Server thread/INFO] [STDERR/]: [optifine.OptiFineTransformer:getOptiFineResourcePatched:414]: 	at java.base/java.lang.invoke.MethodHandleNatives.linkCallSiteImpl(MethodHandleNatives.java:281)
[30Jul2025 16:15:24.441] [Server thread/INFO] [STDERR/]: [optifine.OptiFineTransformer:getOptiFineResourcePatched:414]: 	at java.base/java.lang.invoke.MethodHandleNatives.linkCallSite(MethodHandleNatives.java:271)
[30Jul2025 16:15:24.442] [Server thread/INFO] [STDERR/]: [optifine.OptiFineTransformer:getOptiFineResourcePatched:414]: 	at TRANSFORMER/minecraft@1.20.1/net.minecraft.world.level.chunk.PalettedContainer$Strategy.<clinit>(PalettedContainer.java:340)
[30Jul2025 16:15:24.442] [Server thread/INFO] [STDERR/]: [optifine.OptiFineTransformer:getOptiFineResourcePatched:414]: 	at TRANSFORMER/minecraft@1.20.1/net.minecraft.world.level.chunk.storage.ChunkSerializer.<clinit>(ChunkSerializer.java:66)
[30Jul2025 16:15:24.442] [Server thread/INFO] [STDERR/]: [optifine.OptiFineTransformer:getOptiFineResourcePatched:414]: 	at TRANSFORMER/minecraft@1.20.1/net.minecraft.server.level.ChunkMap.m_288112_(ChunkMap.java:578)
[30Jul2025 16:15:24.442] [Server thread/INFO] [STDERR/]: [optifine.OptiFineTransformer:getOptiFineResourcePatched:414]: 	at java.base/java.util.concurrent.CompletableFuture$UniApply.tryFire(CompletableFuture.java:646)
[30Jul2025 16:15:24.442] [Server thread/INFO] [STDERR/]: [optifine.OptiFineTransformer:getOptiFineResourcePatched:414]: 	at java.base/java.util.concurrent.CompletableFuture$Completion.run(CompletableFuture.java:482)
[30Jul2025 16:15:24.443] [Server thread/INFO] [STDERR/]: [optifine.OptiFineTransformer:getOptiFineResourcePatched:414]: 	at TRANSFORMER/minecraft@1.20.1/net.minecraft.util.thread.BlockableEventLoop.m_6367_(BlockableEventLoop.java:156)
[30Jul2025 16:15:24.443] [Server thread/INFO] [STDERR/]: [optifine.OptiFineTransformer:getOptiFineResourcePatched:414]: 	at TRANSFORMER/minecraft@1.20.1/net.minecraft.server.level.ServerChunkCache$MainThreadExecutor.m_6367_(ServerChunkCache.java:541)
[30Jul2025 16:15:24.443] [Server thread/INFO] [STDERR/]: [optifine.OptiFineTransformer:getOptiFineResourcePatched:414]: 	at TRANSFORMER/minecraft@1.20.1/net.minecraft.util.thread.BlockableEventLoop.m_7245_(BlockableEventLoop.java:130)
[30Jul2025 16:15:24.443] [Server thread/INFO] [STDERR/]: [optifine.OptiFineTransformer:getOptiFineResourcePatched:414]: 	at TRANSFORMER/minecraft@1.20.1/net.minecraft.server.level.ServerChunkCache$MainThreadExecutor.m_7245_(ServerChunkCache.java:549)
[30Jul2025 16:15:24.444] [Server thread/INFO] [STDERR/]: [optifine.OptiFineTransformer:getOptiFineResourcePatched:414]: 	at TRANSFORMER/minecraft@1.20.1/net.minecraft.server.level.ServerChunkCache.m_8466_(ServerChunkCache.java:269)
[30Jul2025 16:15:24.444] [Server thread/INFO] [STDERR/]: [optifine.OptiFineTransformer:getOptiFineResourcePatched:414]: 	at TRANSFORMER/minecraft@1.20.1/net.minecraft.server.MinecraftServer.m_129961_(MinecraftServer.java:758)
[30Jul2025 16:15:24.444] [Server thread/INFO] [STDERR/]: [optifine.OptiFineTransformer:getOptiFineResourcePatched:414]: 	at TRANSFORMER/minecraft@1.20.1/net.minecraft.server.MinecraftServer.m_7245_(MinecraftServer.java:747)
[30Jul2025 16:15:24.444] [Server thread/INFO] [STDERR/]: [optifine.OptiFineTransformer:getOptiFineResourcePatched:414]: 	at TRANSFORMER/minecraft@1.20.1/net.minecraft.util.thread.BlockableEventLoop.m_18699_(BlockableEventLoop.java:115)
[30Jul2025 16:15:24.445] [Server thread/INFO] [STDERR/]: [optifine.OptiFineTransformer:getOptiFineResourcePatched:414]: 	at TRANSFORMER/minecraft@1.20.1/net.minecraft.server.MinecraftServer.m_130012_(MinecraftServer.java:732)
[30Jul2025 16:15:24.445] [Server thread/INFO] [STDERR/]: [optifine.OptiFineTransformer:getOptiFineResourcePatched:414]: 	at TRANSFORMER/minecraft@1.20.1/net.minecraft.server.MinecraftServer.m_129940_(MinecraftServer.java:459)
[30Jul2025 16:15:24.445] [Server thread/INFO] [STDERR/]: [optifine.OptiFineTransformer:getOptiFineResourcePatched:414]: 	at TRANSFORMER/minecraft@1.20.1/net.minecraft.server.MinecraftServer.m_130006_(MinecraftServer.java:310)
[30Jul2025 16:15:24.445] [Server thread/INFO] [STDERR/]: [optifine.OptiFineTransformer:getOptiFineResourcePatched:414]: 	at TRANSFORMER/minecraft@1.20.1/net.minecraft.server.dedicated.DedicatedServer.m_7038_(DedicatedServer.java:164)
[30Jul2025 16:15:24.446] [Server thread/INFO] [STDERR/]: [optifine.OptiFineTransformer:getOptiFineResourcePatched:414]: 	at TRANSFORMER/minecraft@1.20.1/net.minecraft.server.MinecraftServer.m_130011_(MinecraftServer.java:634)
[30Jul2025 16:15:24.447] [Server thread/INFO] [STDERR/]: [optifine.OptiFineTransformer:getOptiFineResourcePatched:414]: 	at TRANSFORMER/minecraft@1.20.1/net.minecraft.server.MinecraftServer.m_206580_(MinecraftServer.java:251)
[30Jul2025 16:15:24.448] [Server thread/INFO] [STDERR/]: [optifine.OptiFineTransformer:getOptiFineResourcePatched:414]: 	at java.base/java.lang.Thread.run(Thread.java:840)
[30Jul2025 16:15:24.466] [Server thread/INFO] [STDERR/]: [optifine.OptiFineTransformer:getOptiFineResourcePatched:414]: java.io.IOException: Base resource not found: dej.class
[30Jul2025 16:15:24.467] [Server thread/INFO] [STDERR/]: [optifine.OptiFineTransformer:getOptiFineResourcePatched:414]: 	at LAYER SERVICE/optifine/optifine.Patcher.applyPatch(Patcher.java:146)
[30Jul2025 16:15:24.467] [Server thread/INFO] [STDERR/]: [optifine.OptiFineTransformer:getOptiFineResourcePatched:414]: 	at LAYER SERVICE/optifine/optifine.OptiFineTransformer.getOptiFineResourcePatched(OptiFineTransformer.java:396)
[30Jul2025 16:15:24.467] [Server thread/INFO] [STDERR/]: [optifine.OptiFineTransformer:getOptiFineResourcePatched:414]: 	at LAYER SERVICE/optifine/optifine.OptiFineTransformer.getOptiFineResourceStreamPatched(OptiFineTransformer.java:368)
[30Jul2025 16:15:24.467] [Server thread/INFO] [STDERR/]: [optifine.OptiFineTransformer:getOptiFineResourcePatched:414]: 	at LAYER SERVICE/optifine/optifine.OptiFineTransformer.getOptiFineResourceStream(OptiFineTransformer.java:291)
[30Jul2025 16:15:24.467] [Server thread/INFO] [STDERR/]: [optifine.OptiFineTransformer:getOptiFineResourcePatched:414]: 	at LAYER SERVICE/optifine/optifine.OptiFineTransformer.getOptiFineResource(OptiFineTransformer.java:260)
[30Jul2025 16:15:24.467] [Server thread/INFO] [STDERR/]: [optifine.OptiFineTransformer:getOptiFineResourcePatched:414]: 	at LAYER SERVICE/optifine/optifine.OptiFineTransformer.transform(OptiFineTransformer.java:171)
[30Jul2025 16:15:24.468] [Server thread/INFO] [STDERR/]: [optifine.OptiFineTransformer:getOptiFineResourcePatched:414]: 	at LAYER SERVICE/optifine/optifine.OptiFineTransformer.transform(OptiFineTransformer.java:1)
[30Jul2025 16:15:24.468] [Server thread/INFO] [STDERR/]: [optifine.OptiFineTransformer:getOptiFineResourcePatched:414]: 	at MC-BOOTSTRAP/cpw.mods.modlauncher@10.0.9/cpw.mods.modlauncher.TransformerHolder.transform(TransformerHolder.java:41)
[30Jul2025 16:15:24.468] [Server thread/INFO] [STDERR/]: [optifine.OptiFineTransformer:getOptiFineResourcePatched:414]: 	at MC-BOOTSTRAP/cpw.mods.modlauncher@10.0.9/cpw.mods.modlauncher.ClassTransformer.performVote(ClassTransformer.java:179)
[30Jul2025 16:15:24.468] [Server thread/INFO] [STDERR/]: [optifine.OptiFineTransformer:getOptiFineResourcePatched:414]: 	at MC-BOOTSTRAP/cpw.mods.modlauncher@10.0.9/cpw.mods.modlauncher.ClassTransformer.transform(ClassTransformer.java:98)
[30Jul2025 16:15:24.468] [Server thread/INFO] [STDERR/]: [optifine.OptiFineTransformer:getOptiFineResourcePatched:414]: 	at MC-BOOTSTRAP/cpw.mods.modlauncher@10.0.9/cpw.mods.modlauncher.TransformingClassLoader.maybeTransformClassBytes(TransformingClassLoader.java:50)
[30Jul2025 16:15:24.468] [Server thread/INFO] [STDERR/]: [optifine.OptiFineTransformer:getOptiFineResourcePatched:414]: 	at cpw.mods.securejarhandler/cpw.mods.cl.ModuleClassLoader.readerToClass(ModuleClassLoader.java:113)
[30Jul2025 16:15:24.468] [Server thread/INFO] [STDERR/]: [optifine.OptiFineTransformer:getOptiFineResourcePatched:414]: 	at cpw.mods.securejarhandler/cpw.mods.cl.ModuleClassLoader.lambda$findClass$15(ModuleClassLoader.java:219)
[30Jul2025 16:15:24.468] [Server thread/INFO] [STDERR/]: [optifine.OptiFineTransformer:getOptiFineResourcePatched:414]: 	at cpw.mods.securejarhandler/cpw.mods.cl.ModuleClassLoader.loadFromModule(ModuleClassLoader.java:229)
[30Jul2025 16:15:24.468] [Server thread/INFO] [STDERR/]: [optifine.OptiFineTransformer:getOptiFineResourcePatched:414]: 	at cpw.mods.securejarhandler/cpw.mods.cl.ModuleClassLoader.findClass(ModuleClassLoader.java:219)
[30Jul2025 16:15:24.468] [Server thread/INFO] [STDERR/]: [optifine.OptiFineTransformer:getOptiFineResourcePatched:414]: 	at cpw.mods.securejarhandler/cpw.mods.cl.ModuleClassLoader.loadClass(ModuleClassLoader.java:135)
[30Jul2025 16:15:24.469] [Server thread/INFO] [STDERR/]: [optifine.OptiFineTransformer:getOptiFineResourcePatched:414]: 	at java.base/java.lang.ClassLoader.loadClass(ClassLoader.java:525)
[30Jul2025 16:15:24.469] [Server thread/INFO] [STDERR/]: [optifine.OptiFineTransformer:getOptiFineResourcePatched:414]: 	at TRANSFORMER/minecraft@1.20.1/net.minecraft.world.level.chunk.storage.ChunkSerializer.m_188230_(ChunkSerializer.java:89)
[30Jul2025 16:15:24.469] [Server thread/INFO] [STDERR/]: [optifine.OptiFineTransformer:getOptiFineResourcePatched:414]: 	at TRANSFORMER/minecraft@1.20.1/net.minecraft.server.level.ChunkMap.m_288112_(ChunkMap.java:578)
[30Jul2025 16:15:24.469] [Server thread/INFO] [STDERR/]: [optifine.OptiFineTransformer:getOptiFineResourcePatched:414]: 	at java.base/java.util.concurrent.CompletableFuture$UniApply.tryFire(CompletableFuture.java:646)
[30Jul2025 16:15:24.469] [Server thread/INFO] [STDERR/]: [optifine.OptiFineTransformer:getOptiFineResourcePatched:414]: 	at java.base/java.util.concurrent.CompletableFuture$Completion.run(CompletableFuture.java:482)
[30Jul2025 16:15:24.469] [Server thread/INFO] [STDERR/]: [optifine.OptiFineTransformer:getOptiFineResourcePatched:414]: 	at TRANSFORMER/minecraft@1.20.1/net.minecraft.util.thread.BlockableEventLoop.m_6367_(BlockableEventLoop.java:156)
[30Jul2025 16:15:24.469] [Server thread/INFO] [STDERR/]: [optifine.OptiFineTransformer:getOptiFineResourcePatched:414]: 	at TRANSFORMER/minecraft@1.20.1/net.minecraft.server.level.ServerChunkCache$MainThreadExecutor.m_6367_(ServerChunkCache.java:541)
[30Jul2025 16:15:24.469] [Server thread/INFO] [STDERR/]: [optifine.OptiFineTransformer:getOptiFineResourcePatched:414]: 	at TRANSFORMER/minecraft@1.20.1/net.minecraft.util.thread.BlockableEventLoop.m_7245_(BlockableEventLoop.java:130)
[30Jul2025 16:15:24.469] [Server thread/INFO] [STDERR/]: [optifine.OptiFineTransformer:getOptiFineResourcePatched:414]: 	at TRANSFORMER/minecraft@1.20.1/net.minecraft.server.level.ServerChunkCache$MainThreadExecutor.m_7245_(ServerChunkCache.java:549)
[30Jul2025 16:15:24.469] [Server thread/INFO] [STDERR/]: [optifine.OptiFineTransformer:getOptiFineResourcePatched:414]: 	at TRANSFORMER/minecraft@1.20.1/net.minecraft.server.level.ServerChunkCache.m_8466_(ServerChunkCache.java:269)
[30Jul2025 16:15:24.469] [Server thread/INFO] [STDERR/]: [optifine.OptiFineTransformer:getOptiFineResourcePatched:414]: 	at TRANSFORMER/minecraft@1.20.1/net.minecraft.server.MinecraftServer.m_129961_(MinecraftServer.java:758)
[30Jul2025 16:15:24.469] [Server thread/INFO] [STDERR/]: [optifine.OptiFineTransformer:getOptiFineResourcePatched:414]: 	at TRANSFORMER/minecraft@1.20.1/net.minecraft.server.MinecraftServer.m_7245_(MinecraftServer.java:747)
[30Jul2025 16:15:24.469] [Server thread/INFO] [STDERR/]: [optifine.OptiFineTransformer:getOptiFineResourcePatched:414]: 	at TRANSFORMER/minecraft@1.20.1/net.minecraft.util.thread.BlockableEventLoop.m_18699_(BlockableEventLoop.java:115)
[30Jul2025 16:15:24.469] [Server thread/INFO] [STDERR/]: [optifine.OptiFineTransformer:getOptiFineResourcePatched:414]: 	at TRANSFORMER/minecraft@1.20.1/net.minecraft.server.MinecraftServer.m_130012_(MinecraftServer.java:732)
[30Jul2025 16:15:24.470] [Server thread/INFO] [STDERR/]: [optifine.OptiFineTransformer:getOptiFineResourcePatched:414]: 	at TRANSFORMER/minecraft@1.20.1/net.minecraft.server.MinecraftServer.m_129940_(MinecraftServer.java:459)
[30Jul2025 16:15:24.470] [Server thread/INFO] [STDERR/]: [optifine.OptiFineTransformer:getOptiFineResourcePatched:414]: 	at TRANSFORMER/minecraft@1.20.1/net.minecraft.server.MinecraftServer.m_130006_(MinecraftServer.java:310)
[30Jul2025 16:15:24.470] [Server thread/INFO] [STDERR/]: [optifine.OptiFineTransformer:getOptiFineResourcePatched:414]: 	at TRANSFORMER/minecraft@1.20.1/net.minecraft.server.dedicated.DedicatedServer.m_7038_(DedicatedServer.java:164)
[30Jul2025 16:15:24.470] [Server thread/INFO] [STDERR/]: [optifine.OptiFineTransformer:getOptiFineResourcePatched:414]: 	at TRANSFORMER/minecraft@1.20.1/net.minecraft.server.MinecraftServer.m_130011_(MinecraftServer.java:634)
[30Jul2025 16:15:24.470] [Server thread/INFO] [STDERR/]: [optifine.OptiFineTransformer:getOptiFineResourcePatched:414]: 	at TRANSFORMER/minecraft@1.20.1/net.minecraft.server.MinecraftServer.m_206580_(MinecraftServer.java:251)
[30Jul2025 16:15:24.470] [Server thread/INFO] [STDERR/]: [optifine.OptiFineTransformer:getOptiFineResourcePatched:414]: 	at java.base/java.lang.Thread.run(Thread.java:840)
[30Jul2025 16:15:24.473] [Server thread/INFO] [STDERR/]: [optifine.OptiFineTransformer:getOptiFineResourcePatched:414]: java.io.IOException: Base resource not found: deq$a.class
[30Jul2025 16:15:24.473] [Server thread/INFO] [STDERR/]: [optifine.OptiFineTransformer:getOptiFineResourcePatched:414]: 	at LAYER SERVICE/optifine/optifine.Patcher.applyPatch(Patcher.java:146)
[30Jul2025 16:15:24.473] [Server thread/INFO] [STDERR/]: [optifine.OptiFineTransformer:getOptiFineResourcePatched:414]: 	at LAYER SERVICE/optifine/optifine.OptiFineTransformer.getOptiFineResourcePatched(OptiFineTransformer.java:396)
[30Jul2025 16:15:24.473] [Server thread/INFO] [STDERR/]: [optifine.OptiFineTransformer:getOptiFineResourcePatched:414]: 	at LAYER SERVICE/optifine/optifine.OptiFineTransformer.getOptiFineResourceStreamPatched(OptiFineTransformer.java:368)
[30Jul2025 16:15:24.473] [Server thread/INFO] [STDERR/]: [optifine.OptiFineTransformer:getOptiFineResourcePatched:414]: 	at LAYER SERVICE/optifine/optifine.OptiFineTransformer.getOptiFineResourceStream(OptiFineTransformer.java:291)
[30Jul2025 16:15:24.473] [Server thread/INFO] [STDERR/]: [optifine.OptiFineTransformer:getOptiFineResourcePatched:414]: 	at LAYER SERVICE/optifine/optifine.OptiFineTransformer.getOptiFineResource(OptiFineTransformer.java:260)
[30Jul2025 16:15:24.474] [Server thread/INFO] [STDERR/]: [optifine.OptiFineTransformer:getOptiFineResourcePatched:414]: 	at LAYER SERVICE/optifine/optifine.OptiFineTransformer.transform(OptiFineTransformer.java:171)
[30Jul2025 16:15:24.474] [Server thread/INFO] [STDERR/]: [optifine.OptiFineTransformer:getOptiFineResourcePatched:414]: 	at LAYER SERVICE/optifine/optifine.OptiFineTransformer.transform(OptiFineTransformer.java:1)
[30Jul2025 16:15:24.474] [Server thread/INFO] [STDERR/]: [optifine.OptiFineTransformer:getOptiFineResourcePatched:414]: 	at MC-BOOTSTRAP/cpw.mods.modlauncher@10.0.9/cpw.mods.modlauncher.TransformerHolder.transform(TransformerHolder.java:41)
[30Jul2025 16:15:24.474] [Server thread/INFO] [STDERR/]: [optifine.OptiFineTransformer:getOptiFineResourcePatched:414]: 	at MC-BOOTSTRAP/cpw.mods.modlauncher@10.0.9/cpw.mods.modlauncher.ClassTransformer.performVote(ClassTransformer.java:179)
[30Jul2025 16:15:24.474] [Server thread/INFO] [STDERR/]: [optifine.OptiFineTransformer:getOptiFineResourcePatched:414]: 	at MC-BOOTSTRAP/cpw.mods.modlauncher@10.0.9/cpw.mods.modlauncher.ClassTransformer.transform(ClassTransformer.java:98)
[30Jul2025 16:15:24.474] [Server thread/INFO] [STDERR/]: [optifine.OptiFineTransformer:getOptiFineResourcePatched:414]: 	at MC-BOOTSTRAP/cpw.mods.modlauncher@10.0.9/cpw.mods.modlauncher.TransformingClassLoader.maybeTransformClassBytes(TransformingClassLoader.java:50)
[30Jul2025 16:15:24.475] [Server thread/INFO] [STDERR/]: [optifine.OptiFineTransformer:getOptiFineResourcePatched:414]: 	at cpw.mods.securejarhandler/cpw.mods.cl.ModuleClassLoader.readerToClass(ModuleClassLoader.java:113)
[30Jul2025 16:15:24.475] [Server thread/INFO] [STDERR/]: [optifine.OptiFineTransformer:getOptiFineResourcePatched:414]: 	at cpw.mods.securejarhandler/cpw.mods.cl.ModuleClassLoader.lambda$findClass$15(ModuleClassLoader.java:219)
[30Jul2025 16:15:24.475] [Server thread/INFO] [STDERR/]: [optifine.OptiFineTransformer:getOptiFineResourcePatched:414]: 	at cpw.mods.securejarhandler/cpw.mods.cl.ModuleClassLoader.loadFromModule(ModuleClassLoader.java:229)
[30Jul2025 16:15:24.475] [Server thread/INFO] [STDERR/]: [optifine.OptiFineTransformer:getOptiFineResourcePatched:414]: 	at cpw.mods.securejarhandler/cpw.mods.cl.ModuleClassLoader.findClass(ModuleClassLoader.java:219)
[30Jul2025 16:15:24.475] [Server thread/INFO] [STDERR/]: [optifine.OptiFineTransformer:getOptiFineResourcePatched:414]: 	at cpw.mods.securejarhandler/cpw.mods.cl.ModuleClassLoader.loadClass(ModuleClassLoader.java:135)
[30Jul2025 16:15:24.475] [Server thread/INFO] [STDERR/]: [optifine.OptiFineTransformer:getOptiFineResourcePatched:414]: 	at java.base/java.lang.ClassLoader.loadClass(ClassLoader.java:525)
[30Jul2025 16:15:24.476] [Server thread/INFO] [STDERR/]: [optifine.OptiFineTransformer:getOptiFineResourcePatched:414]: 	at TRANSFORMER/minecraft@1.20.1/net.minecraft.world.level.chunk.PalettedContainer$Strategy$1.m_183248_(PalettedContainer.java:355)
[30Jul2025 16:15:24.476] [Server thread/INFO] [STDERR/]: [optifine.OptiFineTransformer:getOptiFineResourcePatched:414]: 	at TRANSFORMER/minecraft@1.20.1/net.minecraft.world.level.chunk.PalettedContainer$Strategy.m_188151_(PalettedContainer.java:407)
[30Jul2025 16:15:24.476] [Server thread/INFO] [STDERR/]: [optifine.OptiFineTransformer:getOptiFineResourcePatched:414]: 	at TRANSFORMER/minecraft@1.20.1/net.minecraft.world.level.chunk.PalettedContainer.m_188067_(PalettedContainer.java:187)
[30Jul2025 16:15:24.476] [Server thread/INFO] [STDERR/]: [optifine.OptiFineTransformer:getOptiFineResourcePatched:414]: 	at TRANSFORMER/minecraft@1.20.1/net.minecraft.world.level.chunk.PalettedContainer.m_188078_(PalettedContainer.java:63)
[30Jul2025 16:15:24.476] [Server thread/INFO] [STDERR/]: [optifine.OptiFineTransformer:getOptiFineResourcePatched:414]: 	at MC-BOOTSTRAP/datafixerupper@6.0.8/com.mojang.serialization.Decoder$1.lambda$decode$1(Decoder.java:49)
[30Jul2025 16:15:24.477] [Server thread/INFO] [STDERR/]: [optifine.OptiFineTransformer:getOptiFineResourcePatched:414]: 	at MC-BOOTSTRAP/datafixerupper@6.0.8/com.mojang.serialization.DataResult.lambda$flatMap$11(DataResult.java:139)
[30Jul2025 16:15:24.477] [Server thread/INFO] [STDERR/]: [optifine.OptiFineTransformer:getOptiFineResourcePatched:414]: 	at MC-BOOTSTRAP/datafixerupper@6.0.8/com.mojang.datafixers.util.Either$Left.map(Either.java:38)
[30Jul2025 16:15:24.477] [Server thread/INFO] [STDERR/]: [optifine.OptiFineTransformer:getOptiFineResourcePatched:414]: 	at MC-BOOTSTRAP/datafixerupper@6.0.8/com.mojang.serialization.DataResult.flatMap(DataResult.java:137)
[30Jul2025 16:15:24.477] [Server thread/INFO] [STDERR/]: [optifine.OptiFineTransformer:getOptiFineResourcePatched:414]: 	at MC-BOOTSTRAP/datafixerupper@6.0.8/com.mojang.serialization.Decoder$1.decode(Decoder.java:49)
[30Jul2025 16:15:24.477] [Server thread/INFO] [STDERR/]: [optifine.OptiFineTransformer:getOptiFineResourcePatched:414]: 	at MC-BOOTSTRAP/datafixerupper@6.0.8/com.mojang.serialization.Codec$2.decode(Codec.java:71)
[30Jul2025 16:15:24.477] [Server thread/INFO] [STDERR/]: [optifine.OptiFineTransformer:getOptiFineResourcePatched:414]: 	at MC-BOOTSTRAP/datafixerupper@6.0.8/com.mojang.serialization.Decoder.parse(Decoder.java:18)
[30Jul2025 16:15:24.478] [Server thread/INFO] [STDERR/]: [optifine.OptiFineTransformer:getOptiFineResourcePatched:414]: 	at TRANSFORMER/minecraft@1.20.1/net.minecraft.world.level.chunk.storage.ChunkSerializer.m_188230_(ChunkSerializer.java:104)
[30Jul2025 16:15:24.478] [Server thread/INFO] [STDERR/]: [optifine.OptiFineTransformer:getOptiFineResourcePatched:414]: 	at TRANSFORMER/minecraft@1.20.1/net.minecraft.server.level.ChunkMap.m_288112_(ChunkMap.java:578)
[30Jul2025 16:15:24.478] [Server thread/INFO] [STDERR/]: [optifine.OptiFineTransformer:getOptiFineResourcePatched:414]: 	at java.base/java.util.concurrent.CompletableFuture$UniApply.tryFire(CompletableFuture.java:646)
[30Jul2025 16:15:24.478] [Server thread/INFO] [STDERR/]: [optifine.OptiFineTransformer:getOptiFineResourcePatched:414]: 	at java.base/java.util.concurrent.CompletableFuture$Completion.run(CompletableFuture.java:482)
[30Jul2025 16:15:24.478] [Server thread/INFO] [STDERR/]: [optifine.OptiFineTransformer:getOptiFineResourcePatched:414]: 	at TRANSFORMER/minecraft@1.20.1/net.minecraft.util.thread.BlockableEventLoop.m_6367_(BlockableEventLoop.java:156)
[30Jul2025 16:15:24.479] [Server thread/INFO] [STDERR/]: [optifine.OptiFineTransformer:getOptiFineResourcePatched:414]: 	at TRANSFORMER/minecraft@1.20.1/net.minecraft.server.level.ServerChunkCache$MainThreadExecutor.m_6367_(ServerChunkCache.java:541)
[30Jul2025 16:15:24.479] [Server thread/INFO] [STDERR/]: [optifine.OptiFineTransformer:getOptiFineResourcePatched:414]: 	at TRANSFORMER/minecraft@1.20.1/net.minecraft.util.thread.BlockableEventLoop.m_7245_(BlockableEventLoop.java:130)
[30Jul2025 16:15:24.479] [Server thread/INFO] [STDERR/]: [optifine.OptiFineTransformer:getOptiFineResourcePatched:414]: 	at TRANSFORMER/minecraft@1.20.1/net.minecraft.server.level.ServerChunkCache$MainThreadExecutor.m_7245_(ServerChunkCache.java:549)
[30Jul2025 16:15:24.479] [Server thread/INFO] [STDERR/]: [optifine.OptiFineTransformer:getOptiFineResourcePatched:414]: 	at TRANSFORMER/minecraft@1.20.1/net.minecraft.server.level.ServerChunkCache.m_8466_(ServerChunkCache.java:269)
[30Jul2025 16:15:24.479] [Server thread/INFO] [STDERR/]: [optifine.OptiFineTransformer:getOptiFineResourcePatched:414]: 	at TRANSFORMER/minecraft@1.20.1/net.minecraft.server.MinecraftServer.m_129961_(MinecraftServer.java:758)
[30Jul2025 16:15:24.479] [Server thread/INFO] [STDERR/]: [optifine.OptiFineTransformer:getOptiFineResourcePatched:414]: 	at TRANSFORMER/minecraft@1.20.1/net.minecraft.server.MinecraftServer.m_7245_(MinecraftServer.java:747)
[30Jul2025 16:15:24.480] [Server thread/INFO] [STDERR/]: [optifine.OptiFineTransformer:getOptiFineResourcePatched:414]: 	at TRANSFORMER/minecraft@1.20.1/net.minecraft.util.thread.BlockableEventLoop.m_18699_(BlockableEventLoop.java:115)
[30Jul2025 16:15:24.480] [Server thread/INFO] [STDERR/]: [optifine.OptiFineTransformer:getOptiFineResourcePatched:414]: 	at TRANSFORMER/minecraft@1.20.1/net.minecraft.server.MinecraftServer.m_130012_(MinecraftServer.java:732)
[30Jul2025 16:15:24.480] [Server thread/INFO] [STDERR/]: [optifine.OptiFineTransformer:getOptiFineResourcePatched:414]: 	at TRANSFORMER/minecraft@1.20.1/net.minecraft.server.MinecraftServer.m_129940_(MinecraftServer.java:459)
[30Jul2025 16:15:24.480] [Server thread/INFO] [STDERR/]: [optifine.OptiFineTransformer:getOptiFineResourcePatched:414]: 	at TRANSFORMER/minecraft@1.20.1/net.minecraft.server.MinecraftServer.m_130006_(MinecraftServer.java:310)
[30Jul2025 16:15:24.480] [Server thread/INFO] [STDERR/]: [optifine.OptiFineTransformer:getOptiFineResourcePatched:414]: 	at TRANSFORMER/minecraft@1.20.1/net.minecraft.server.dedicated.DedicatedServer.m_7038_(DedicatedServer.java:164)
[30Jul2025 16:15:24.481] [Server thread/INFO] [STDERR/]: [optifine.OptiFineTransformer:getOptiFineResourcePatched:414]: 	at TRANSFORMER/minecraft@1.20.1/net.minecraft.server.MinecraftServer.m_130011_(MinecraftServer.java:634)
[30Jul2025 16:15:24.481] [Server thread/INFO] [STDERR/]: [optifine.OptiFineTransformer:getOptiFineResourcePatched:414]: 	at TRANSFORMER/minecraft@1.20.1/net.minecraft.server.MinecraftServer.m_206580_(MinecraftServer.java:251)
[30Jul2025 16:15:24.481] [Server thread/INFO] [STDERR/]: [optifine.OptiFineTransformer:getOptiFineResourcePatched:414]: 	at java.base/java.lang.Thread.run(Thread.java:840)
[30Jul2025 16:15:24.483] [Server thread/INFO] [STDERR/]: [optifine.OptiFineTransformer:getOptiFineResourcePatched:414]: java.io.IOException: Base resource not found: deq$c.class
[30Jul2025 16:15:24.483] [Server thread/INFO] [STDERR/]: [optifine.OptiFineTransformer:getOptiFineResourcePatched:414]: 	at LAYER SERVICE/optifine/optifine.Patcher.applyPatch(Patcher.java:146)
[30Jul2025 16:15:24.483] [Server thread/INFO] [STDERR/]: [optifine.OptiFineTransformer:getOptiFineResourcePatched:414]: 	at LAYER SERVICE/optifine/optifine.OptiFineTransformer.getOptiFineResourcePatched(OptiFineTransformer.java:396)
[30Jul2025 16:15:24.484] [Server thread/INFO] [STDERR/]: [optifine.OptiFineTransformer:getOptiFineResourcePatched:414]: 	at LAYER SERVICE/optifine/optifine.OptiFineTransformer.getOptiFineResourceStreamPatched(OptiFineTransformer.java:368)
[30Jul2025 16:15:24.484] [Server thread/INFO] [STDERR/]: [optifine.OptiFineTransformer:getOptiFineResourcePatched:414]: 	at LAYER SERVICE/optifine/optifine.OptiFineTransformer.getOptiFineResourceStream(OptiFineTransformer.java:291)
[30Jul2025 16:15:24.484] [Server thread/INFO] [STDERR/]: [optifine.OptiFineTransformer:getOptiFineResourcePatched:414]: 	at LAYER SERVICE/optifine/optifine.OptiFineTransformer.getOptiFineResource(OptiFineTransformer.java:260)
[30Jul2025 16:15:24.484] [Server thread/INFO] [STDERR/]: [optifine.OptiFineTransformer:getOptiFineResourcePatched:414]: 	at LAYER SERVICE/optifine/optifine.OptiFineTransformer.transform(OptiFineTransformer.java:171)
[30Jul2025 16:15:24.484] [Server thread/INFO] [STDERR/]: [optifine.OptiFineTransformer:getOptiFineResourcePatched:414]: 	at LAYER SERVICE/optifine/optifine.OptiFineTransformer.transform(OptiFineTransformer.java:1)
[30Jul2025 16:15:24.485] [Server thread/INFO] [STDERR/]: [optifine.OptiFineTransformer:getOptiFineResourcePatched:414]: 	at MC-BOOTSTRAP/cpw.mods.modlauncher@10.0.9/cpw.mods.modlauncher.TransformerHolder.transform(TransformerHolder.java:41)
[30Jul2025 16:15:24.485] [Server thread/INFO] [STDERR/]: [optifine.OptiFineTransformer:getOptiFineResourcePatched:414]: 	at MC-BOOTSTRAP/cpw.mods.modlauncher@10.0.9/cpw.mods.modlauncher.ClassTransformer.performVote(ClassTransformer.java:179)
[30Jul2025 16:15:24.485] [Server thread/INFO] [STDERR/]: [optifine.OptiFineTransformer:getOptiFineResourcePatched:414]: 	at MC-BOOTSTRAP/cpw.mods.modlauncher@10.0.9/cpw.mods.modlauncher.ClassTransformer.transform(ClassTransformer.java:98)
[30Jul2025 16:15:24.485] [Server thread/INFO] [STDERR/]: [optifine.OptiFineTransformer:getOptiFineResourcePatched:414]: 	at MC-BOOTSTRAP/cpw.mods.modlauncher@10.0.9/cpw.mods.modlauncher.TransformingClassLoader.maybeTransformClassBytes(TransformingClassLoader.java:50)
[30Jul2025 16:15:24.485] [Server thread/INFO] [STDERR/]: [optifine.OptiFineTransformer:getOptiFineResourcePatched:414]: 	at cpw.mods.securejarhandler/cpw.mods.cl.ModuleClassLoader.readerToClass(ModuleClassLoader.java:113)
[30Jul2025 16:15:24.485] [Server thread/INFO] [STDERR/]: [optifine.OptiFineTransformer:getOptiFineResourcePatched:414]: 	at cpw.mods.securejarhandler/cpw.mods.cl.ModuleClassLoader.lambda$findClass$15(ModuleClassLoader.java:219)
[30Jul2025 16:15:24.486] [Server thread/INFO] [STDERR/]: [optifine.OptiFineTransformer:getOptiFineResourcePatched:414]: 	at cpw.mods.securejarhandler/cpw.mods.cl.ModuleClassLoader.loadFromModule(ModuleClassLoader.java:229)
[30Jul2025 16:15:24.486] [Server thread/INFO] [STDERR/]: [optifine.OptiFineTransformer:getOptiFineResourcePatched:414]: 	at cpw.mods.securejarhandler/cpw.mods.cl.ModuleClassLoader.findClass(ModuleClassLoader.java:219)
[30Jul2025 16:15:24.486] [Server thread/INFO] [STDERR/]: [optifine.OptiFineTransformer:getOptiFineResourcePatched:414]: 	at cpw.mods.securejarhandler/cpw.mods.cl.ModuleClassLoader.loadClass(ModuleClassLoader.java:135)
[30Jul2025 16:15:24.486] [Server thread/INFO] [STDERR/]: [optifine.OptiFineTransformer:getOptiFineResourcePatched:414]: 	at java.base/java.lang.ClassLoader.loadClass(ClassLoader.java:525)
[30Jul2025 16:15:24.486] [Server thread/INFO] [STDERR/]: [optifine.OptiFineTransformer:getOptiFineResourcePatched:414]: 	at TRANSFORMER/minecraft@1.20.1/net.minecraft.world.level.chunk.PalettedContainer.<init>(PalettedContainer.java:72)
[30Jul2025 16:15:24.487] [Server thread/INFO] [STDERR/]: [optifine.OptiFineTransformer:getOptiFineResourcePatched:414]: 	at TRANSFORMER/minecraft@1.20.1/net.minecraft.world.level.chunk.PalettedContainer.m_188067_(PalettedContainer.java:224)
[30Jul2025 16:15:24.487] [Server thread/INFO] [STDERR/]: [optifine.OptiFineTransformer:getOptiFineResourcePatched:414]: 	at TRANSFORMER/minecraft@1.20.1/net.minecraft.world.level.chunk.PalettedContainer.m_188078_(PalettedContainer.java:63)
[30Jul2025 16:15:24.487] [Server thread/INFO] [STDERR/]: [optifine.OptiFineTransformer:getOptiFineResourcePatched:414]: 	at MC-BOOTSTRAP/datafixerupper@6.0.8/com.mojang.serialization.Decoder$1.lambda$decode$1(Decoder.java:49)
[30Jul2025 16:15:24.487] [Server thread/INFO] [STDERR/]: [optifine.OptiFineTransformer:getOptiFineResourcePatched:414]: 	at MC-BOOTSTRAP/datafixerupper@6.0.8/com.mojang.serialization.DataResult.lambda$flatMap$11(DataResult.java:139)
[30Jul2025 16:15:24.487] [Server thread/INFO] [STDERR/]: [optifine.OptiFineTransformer:getOptiFineResourcePatched:414]: 	at MC-BOOTSTRAP/datafixerupper@6.0.8/com.mojang.datafixers.util.Either$Left.map(Either.java:38)
[30Jul2025 16:15:24.488] [Server thread/INFO] [STDERR/]: [optifine.OptiFineTransformer:getOptiFineResourcePatched:414]: 	at MC-BOOTSTRAP/datafixerupper@6.0.8/com.mojang.serialization.DataResult.flatMap(DataResult.java:137)
[30Jul2025 16:15:24.488] [Server thread/INFO] [STDERR/]: [optifine.OptiFineTransformer:getOptiFineResourcePatched:414]: 	at MC-BOOTSTRAP/datafixerupper@6.0.8/com.mojang.serialization.Decoder$1.decode(Decoder.java:49)
[30Jul2025 16:15:24.488] [Server thread/INFO] [STDERR/]: [optifine.OptiFineTransformer:getOptiFineResourcePatched:414]: 	at MC-BOOTSTRAP/datafixerupper@6.0.8/com.mojang.serialization.Codec$2.decode(Codec.java:71)
[30Jul2025 16:15:24.488] [Server thread/INFO] [STDERR/]: [optifine.OptiFineTransformer:getOptiFineResourcePatched:414]: 	at MC-BOOTSTRAP/datafixerupper@6.0.8/com.mojang.serialization.Decoder.parse(Decoder.java:18)
[30Jul2025 16:15:24.488] [Server thread/INFO] [STDERR/]: [optifine.OptiFineTransformer:getOptiFineResourcePatched:414]: 	at TRANSFORMER/minecraft@1.20.1/net.minecraft.world.level.chunk.storage.ChunkSerializer.m_188230_(ChunkSerializer.java:104)
[30Jul2025 16:15:24.488] [Server thread/INFO] [STDERR/]: [optifine.OptiFineTransformer:getOptiFineResourcePatched:414]: 	at TRANSFORMER/minecraft@1.20.1/net.minecraft.server.level.ChunkMap.m_288112_(ChunkMap.java:578)
[30Jul2025 16:15:24.489] [Server thread/INFO] [STDERR/]: [optifine.OptiFineTransformer:getOptiFineResourcePatched:414]: 	at java.base/java.util.concurrent.CompletableFuture$UniApply.tryFire(CompletableFuture.java:646)
[30Jul2025 16:15:24.489] [Server thread/INFO] [STDERR/]: [optifine.OptiFineTransformer:getOptiFineResourcePatched:414]: 	at java.base/java.util.concurrent.CompletableFuture$Completion.run(CompletableFuture.java:482)
[30Jul2025 16:15:24.489] [Server thread/INFO] [STDERR/]: [optifine.OptiFineTransformer:getOptiFineResourcePatched:414]: 	at TRANSFORMER/minecraft@1.20.1/net.minecraft.util.thread.BlockableEventLoop.m_6367_(BlockableEventLoop.java:156)
[30Jul2025 16:15:24.489] [Server thread/INFO] [STDERR/]: [optifine.OptiFineTransformer:getOptiFineResourcePatched:414]: 	at TRANSFORMER/minecraft@1.20.1/net.minecraft.server.level.ServerChunkCache$MainThreadExecutor.m_6367_(ServerChunkCache.java:541)
[30Jul2025 16:15:24.489] [Server thread/INFO] [STDERR/]: [optifine.OptiFineTransformer:getOptiFineResourcePatched:414]: 	at TRANSFORMER/minecraft@1.20.1/net.minecraft.util.thread.BlockableEventLoop.m_7245_(BlockableEventLoop.java:130)
[30Jul2025 16:15:24.490] [Server thread/INFO] [STDERR/]: [optifine.OptiFineTransformer:getOptiFineResourcePatched:414]: 	at TRANSFORMER/minecraft@1.20.1/net.minecraft.server.level.ServerChunkCache$MainThreadExecutor.m_7245_(ServerChunkCache.java:549)
[30Jul2025 16:15:24.490] [Server thread/INFO] [STDERR/]: [optifine.OptiFineTransformer:getOptiFineResourcePatched:414]: 	at TRANSFORMER/minecraft@1.20.1/net.minecraft.server.level.ServerChunkCache.m_8466_(ServerChunkCache.java:269)
[30Jul2025 16:15:24.490] [Server thread/INFO] [STDERR/]: [optifine.OptiFineTransformer:getOptiFineResourcePatched:414]: 	at TRANSFORMER/minecraft@1.20.1/net.minecraft.server.MinecraftServer.m_129961_(MinecraftServer.java:758)
[30Jul2025 16:15:24.490] [Server thread/INFO] [STDERR/]: [optifine.OptiFineTransformer:getOptiFineResourcePatched:414]: 	at TRANSFORMER/minecraft@1.20.1/net.minecraft.server.MinecraftServer.m_7245_(MinecraftServer.java:747)
[30Jul2025 16:15:24.490] [Server thread/INFO] [STDERR/]: [optifine.OptiFineTransformer:getOptiFineResourcePatched:414]: 	at TRANSFORMER/minecraft@1.20.1/net.minecraft.util.thread.BlockableEventLoop.m_18699_(BlockableEventLoop.java:115)
[30Jul2025 16:15:24.490] [Server thread/INFO] [STDERR/]: [optifine.OptiFineTransformer:getOptiFineResourcePatched:414]: 	at TRANSFORMER/minecraft@1.20.1/net.minecraft.server.MinecraftServer.m_130012_(MinecraftServer.java:732)
[30Jul2025 16:15:24.491] [Server thread/INFO] [STDERR/]: [optifine.OptiFineTransformer:getOptiFineResourcePatched:414]: 	at TRANSFORMER/minecraft@1.20.1/net.minecraft.server.MinecraftServer.m_129940_(MinecraftServer.java:459)
[30Jul2025 16:15:24.491] [Server thread/INFO] [STDERR/]: [optifine.OptiFineTransformer:getOptiFineResourcePatched:414]: 	at TRANSFORMER/minecraft@1.20.1/net.minecraft.server.MinecraftServer.m_130006_(MinecraftServer.java:310)
[30Jul2025 16:15:24.491] [Server thread/INFO] [STDERR/]: [optifine.OptiFineTransformer:getOptiFineResourcePatched:414]: 	at TRANSFORMER/minecraft@1.20.1/net.minecraft.server.dedicated.DedicatedServer.m_7038_(DedicatedServer.java:164)
[30Jul2025 16:15:24.491] [Server thread/INFO] [STDERR/]: [optifine.OptiFineTransformer:getOptiFineResourcePatched:414]: 	at TRANSFORMER/minecraft@1.20.1/net.minecraft.server.MinecraftServer.m_130011_(MinecraftServer.java:634)
[30Jul2025 16:15:24.491] [Server thread/INFO] [STDERR/]: [optifine.OptiFineTransformer:getOptiFineResourcePatched:414]: 	at TRANSFORMER/minecraft@1.20.1/net.minecraft.server.MinecraftServer.m_206580_(MinecraftServer.java:251)
[30Jul2025 16:15:24.491] [Server thread/INFO] [STDERR/]: [optifine.OptiFineTransformer:getOptiFineResourcePatched:414]: 	at java.base/java.lang.Thread.run(Thread.java:840)
[30Jul2025 16:15:24.495] [Server thread/INFO] [STDERR/]: [optifine.OptiFineTransformer:getOptiFineResourcePatched:414]: java.io.IOException: Base resource not found: deq$b.class
[30Jul2025 16:15:24.496] [Server thread/INFO] [STDERR/]: [optifine.OptiFineTransformer:getOptiFineResourcePatched:414]: 	at LAYER SERVICE/optifine/optifine.Patcher.applyPatch(Patcher.java:146)
[30Jul2025 16:15:24.496] [Server thread/INFO] [STDERR/]: [optifine.OptiFineTransformer:getOptiFineResourcePatched:414]: 	at LAYER SERVICE/optifine/optifine.OptiFineTransformer.getOptiFineResourcePatched(OptiFineTransformer.java:396)
[30Jul2025 16:15:24.496] [Server thread/INFO] [STDERR/]: [optifine.OptiFineTransformer:getOptiFineResourcePatched:414]: 	at LAYER SERVICE/optifine/optifine.OptiFineTransformer.getOptiFineResourceStreamPatched(OptiFineTransformer.java:368)
[30Jul2025 16:15:24.496] [Server thread/INFO] [STDERR/]: [optifine.OptiFineTransformer:getOptiFineResourcePatched:414]: 	at LAYER SERVICE/optifine/optifine.OptiFineTransformer.getOptiFineResourceStream(OptiFineTransformer.java:291)
[30Jul2025 16:15:24.496] [Server thread/INFO] [STDERR/]: [optifine.OptiFineTransformer:getOptiFineResourcePatched:414]: 	at LAYER SERVICE/optifine/optifine.OptiFineTransformer.getOptiFineResource(OptiFineTransformer.java:260)
[30Jul2025 16:15:24.497] [Server thread/INFO] [STDERR/]: [optifine.OptiFineTransformer:getOptiFineResourcePatched:414]: 	at LAYER SERVICE/optifine/optifine.OptiFineTransformer.transform(OptiFineTransformer.java:171)
[30Jul2025 16:15:24.497] [Server thread/INFO] [STDERR/]: [optifine.OptiFineTransformer:getOptiFineResourcePatched:414]: 	at LAYER SERVICE/optifine/optifine.OptiFineTransformer.transform(OptiFineTransformer.java:1)
[30Jul2025 16:15:24.497] [Server thread/INFO] [STDERR/]: [optifine.OptiFineTransformer:getOptiFineResourcePatched:414]: 	at MC-BOOTSTRAP/cpw.mods.modlauncher@10.0.9/cpw.mods.modlauncher.TransformerHolder.transform(TransformerHolder.java:41)
[30Jul2025 16:15:24.497] [Server thread/INFO] [STDERR/]: [optifine.OptiFineTransformer:getOptiFineResourcePatched:414]: 	at MC-BOOTSTRAP/cpw.mods.modlauncher@10.0.9/cpw.mods.modlauncher.ClassTransformer.performVote(ClassTransformer.java:179)
[30Jul2025 16:15:24.497] [Server thread/INFO] [STDERR/]: [optifine.OptiFineTransformer:getOptiFineResourcePatched:414]: 	at MC-BOOTSTRAP/cpw.mods.modlauncher@10.0.9/cpw.mods.modlauncher.ClassTransformer.transform(ClassTransformer.java:98)
[30Jul2025 16:15:24.497] [Server thread/INFO] [STDERR/]: [optifine.OptiFineTransformer:getOptiFineResourcePatched:414]: 	at MC-BOOTSTRAP/cpw.mods.modlauncher@10.0.9/cpw.mods.modlauncher.TransformingClassLoader.maybeTransformClassBytes(TransformingClassLoader.java:50)
[30Jul2025 16:15:24.498] [Server thread/INFO] [STDERR/]: [optifine.OptiFineTransformer:getOptiFineResourcePatched:414]: 	at cpw.mods.securejarhandler/cpw.mods.cl.ModuleClassLoader.readerToClass(ModuleClassLoader.java:113)
[30Jul2025 16:15:24.498] [Server thread/INFO] [STDERR/]: [optifine.OptiFineTransformer:getOptiFineResourcePatched:414]: 	at cpw.mods.securejarhandler/cpw.mods.cl.ModuleClassLoader.lambda$findClass$15(ModuleClassLoader.java:219)
[30Jul2025 16:15:24.498] [Server thread/INFO] [STDERR/]: [optifine.OptiFineTransformer:getOptiFineResourcePatched:414]: 	at cpw.mods.securejarhandler/cpw.mods.cl.ModuleClassLoader.loadFromModule(ModuleClassLoader.java:229)
[30Jul2025 16:15:24.498] [Server thread/INFO] [STDERR/]: [optifine.OptiFineTransformer:getOptiFineResourcePatched:414]: 	at cpw.mods.securejarhandler/cpw.mods.cl.ModuleClassLoader.findClass(ModuleClassLoader.java:219)
[30Jul2025 16:15:24.498] [Server thread/INFO] [STDERR/]: [optifine.OptiFineTransformer:getOptiFineResourcePatched:414]: 	at cpw.mods.securejarhandler/cpw.mods.cl.ModuleClassLoader.loadClass(ModuleClassLoader.java:135)
[30Jul2025 16:15:24.499] [Server thread/INFO] [STDERR/]: [optifine.OptiFineTransformer:getOptiFineResourcePatched:414]: 	at java.base/java.lang.ClassLoader.loadClass(ClassLoader.java:525)
[30Jul2025 16:15:24.499] [Server thread/INFO] [STDERR/]: [optifine.OptiFineTransformer:getOptiFineResourcePatched:414]: 	at TRANSFORMER/minecraft@1.20.1/net.minecraft.world.level.chunk.storage.ChunkSerializer.m_188230_(ChunkSerializer.java:120)
[30Jul2025 16:15:24.499] [Server thread/INFO] [STDERR/]: [optifine.OptiFineTransformer:getOptiFineResourcePatched:414]: 	at TRANSFORMER/minecraft@1.20.1/net.minecraft.server.level.ChunkMap.m_288112_(ChunkMap.java:578)
[30Jul2025 16:15:24.499] [Server thread/INFO] [STDERR/]: [optifine.OptiFineTransformer:getOptiFineResourcePatched:414]: 	at java.base/java.util.concurrent.CompletableFuture$UniApply.tryFire(CompletableFuture.java:646)
[30Jul2025 16:15:24.499] [Server thread/INFO] [STDERR/]: [optifine.OptiFineTransformer:getOptiFineResourcePatched:414]: 	at java.base/java.util.concurrent.CompletableFuture$Completion.run(CompletableFuture.java:482)
[30Jul2025 16:15:24.499] [Server thread/INFO] [STDERR/]: [optifine.OptiFineTransformer:getOptiFineResourcePatched:414]: 	at TRANSFORMER/minecraft@1.20.1/net.minecraft.util.thread.BlockableEventLoop.m_6367_(BlockableEventLoop.java:156)
[30Jul2025 16:15:24.500] [Server thread/INFO] [STDERR/]: [optifine.OptiFineTransformer:getOptiFineResourcePatched:414]: 	at TRANSFORMER/minecraft@1.20.1/net.minecraft.server.level.ServerChunkCache$MainThreadExecutor.m_6367_(ServerChunkCache.java:541)
[30Jul2025 16:15:24.500] [Server thread/INFO] [STDERR/]: [optifine.OptiFineTransformer:getOptiFineResourcePatched:414]: 	at TRANSFORMER/minecraft@1.20.1/net.minecraft.util.thread.BlockableEventLoop.m_7245_(BlockableEventLoop.java:130)
[30Jul2025 16:15:24.500] [Server thread/INFO] [STDERR/]: [optifine.OptiFineTransformer:getOptiFineResourcePatched:414]: 	at TRANSFORMER/minecraft@1.20.1/net.minecraft.server.level.ServerChunkCache$MainThreadExecutor.m_7245_(ServerChunkCache.java:549)
[30Jul2025 16:15:24.500] [Server thread/INFO] [STDERR/]: [optifine.OptiFineTransformer:getOptiFineResourcePatched:414]: 	at TRANSFORMER/minecraft@1.20.1/net.minecraft.server.level.ServerChunkCache.m_8466_(ServerChunkCache.java:269)
[30Jul2025 16:15:24.501] [Server thread/INFO] [STDERR/]: [optifine.OptiFineTransformer:getOptiFineResourcePatched:414]: 	at TRANSFORMER/minecraft@1.20.1/net.minecraft.server.MinecraftServer.m_129961_(MinecraftServer.java:758)
[30Jul2025 16:15:24.501] [Server thread/INFO] [STDERR/]: [optifine.OptiFineTransformer:getOptiFineResourcePatched:414]: 	at TRANSFORMER/minecraft@1.20.1/net.minecraft.server.MinecraftServer.m_7245_(MinecraftServer.java:747)
[30Jul2025 16:15:24.501] [Server thread/INFO] [STDERR/]: [optifine.OptiFineTransformer:getOptiFineResourcePatched:414]: 	at TRANSFORMER/minecraft@1.20.1/net.minecraft.util.thread.BlockableEventLoop.m_18699_(BlockableEventLoop.java:115)
[30Jul2025 16:15:24.501] [Server thread/INFO] [STDERR/]: [optifine.OptiFineTransformer:getOptiFineResourcePatched:414]: 	at TRANSFORMER/minecraft@1.20.1/net.minecraft.server.MinecraftServer.m_130012_(MinecraftServer.java:732)
[30Jul2025 16:15:24.501] [Server thread/INFO] [STDERR/]: [optifine.OptiFineTransformer:getOptiFineResourcePatched:414]: 	at TRANSFORMER/minecraft@1.20.1/net.minecraft.server.MinecraftServer.m_129940_(MinecraftServer.java:459)
[30Jul2025 16:15:24.501] [Server thread/INFO] [STDERR/]: [optifine.OptiFineTransformer:getOptiFineResourcePatched:414]: 	at TRANSFORMER/minecraft@1.20.1/net.minecraft.server.MinecraftServer.m_130006_(MinecraftServer.java:310)
[30Jul2025 16:15:24.502] [Server thread/INFO] [STDERR/]: [optifine.OptiFineTransformer:getOptiFineResourcePatched:414]: 	at TRANSFORMER/minecraft@1.20.1/net.minecraft.server.dedicated.DedicatedServer.m_7038_(DedicatedServer.java:164)
[30Jul2025 16:15:24.502] [Server thread/INFO] [STDERR/]: [optifine.OptiFineTransformer:getOptiFineResourcePatched:414]: 	at TRANSFORMER/minecraft@1.20.1/net.minecraft.server.MinecraftServer.m_130011_(MinecraftServer.java:634)
[30Jul2025 16:15:24.502] [Server thread/INFO] [STDERR/]: [optifine.OptiFineTransformer:getOptiFineResourcePatched:414]: 	at TRANSFORMER/minecraft@1.20.1/net.minecraft.server.MinecraftServer.m_206580_(MinecraftServer.java:251)
[30Jul2025 16:15:24.502] [Server thread/INFO] [STDERR/]: [optifine.OptiFineTransformer:getOptiFineResourcePatched:414]: 	at java.base/java.lang.Thread.run(Thread.java:840)
[30Jul2025 16:15:26.165] [Server thread/INFO] [net.minecraft.server.level.progress.LoggerChunkProgressListener/]: Preparing spawn area: 0%
[30Jul2025 16:15:26.166] [Server thread/INFO] [net.minecraft.server.level.progress.LoggerChunkProgressListener/]: Preparing spawn area: 0%
[30Jul2025 16:15:26.166] [Server thread/INFO] [net.minecraft.server.level.progress.LoggerChunkProgressListener/]: Preparing spawn area: 0%
[30Jul2025 16:15:26.166] [Server thread/INFO] [net.minecraft.server.level.progress.LoggerChunkProgressListener/]: Preparing spawn area: 0%
[30Jul2025 16:15:26.249] [Server thread/INFO] [net.minecraft.server.level.progress.LoggerChunkProgressListener/]: Preparing spawn area: 0%
[30Jul2025 16:15:26.618] [Server thread/INFO] [STDERR/]: [optifine.OptiFineTransformer:getOptiFineResourcePatched:414]: java.io.IOException: Base resource not found: dfw.class
[30Jul2025 16:15:26.618] [Server thread/INFO] [STDERR/]: [optifine.OptiFineTransformer:getOptiFineResourcePatched:414]: 	at LAYER SERVICE/optifine/optifine.Patcher.applyPatch(Patcher.java:146)
[30Jul2025 16:15:26.618] [Server thread/INFO] [STDERR/]: [optifine.OptiFineTransformer:getOptiFineResourcePatched:414]: 	at LAYER SERVICE/optifine/optifine.OptiFineTransformer.getOptiFineResourcePatched(OptiFineTransformer.java:396)
[30Jul2025 16:15:26.618] [Server thread/INFO] [STDERR/]: [optifine.OptiFineTransformer:getOptiFineResourcePatched:414]: 	at LAYER SERVICE/optifine/optifine.OptiFineTransformer.getOptiFineResourceStreamPatched(OptiFineTransformer.java:368)
[30Jul2025 16:15:26.618] [Server thread/INFO] [STDERR/]: [optifine.OptiFineTransformer:getOptiFineResourcePatched:414]: 	at LAYER SERVICE/optifine/optifine.OptiFineTransformer.getOptiFineResourceStream(OptiFineTransformer.java:291)
[30Jul2025 16:15:26.619] [Server thread/INFO] [STDERR/]: [optifine.OptiFineTransformer:getOptiFineResourcePatched:414]: 	at LAYER SERVICE/optifine/optifine.OptiFineTransformer.getOptiFineResource(OptiFineTransformer.java:260)
[30Jul2025 16:15:26.619] [Server thread/INFO] [STDERR/]: [optifine.OptiFineTransformer:getOptiFineResourcePatched:414]: 	at LAYER SERVICE/optifine/optifine.OptiFineTransformer.transform(OptiFineTransformer.java:171)
[30Jul2025 16:15:26.619] [Server thread/INFO] [STDERR/]: [optifine.OptiFineTransformer:getOptiFineResourcePatched:414]: 	at LAYER SERVICE/optifine/optifine.OptiFineTransformer.transform(OptiFineTransformer.java:1)
[30Jul2025 16:15:26.619] [Server thread/INFO] [STDERR/]: [optifine.OptiFineTransformer:getOptiFineResourcePatched:414]: 	at MC-BOOTSTRAP/cpw.mods.modlauncher@10.0.9/cpw.mods.modlauncher.TransformerHolder.transform(TransformerHolder.java:41)
[30Jul2025 16:15:26.619] [Server thread/INFO] [STDERR/]: [optifine.OptiFineTransformer:getOptiFineResourcePatched:414]: 	at MC-BOOTSTRAP/cpw.mods.modlauncher@10.0.9/cpw.mods.modlauncher.ClassTransformer.performVote(ClassTransformer.java:179)
[30Jul2025 16:15:26.619] [Server thread/INFO] [STDERR/]: [optifine.OptiFineTransformer:getOptiFineResourcePatched:414]: 	at MC-BOOTSTRAP/cpw.mods.modlauncher@10.0.9/cpw.mods.modlauncher.ClassTransformer.transform(ClassTransformer.java:98)
[30Jul2025 16:15:26.620] [Server thread/INFO] [STDERR/]: [optifine.OptiFineTransformer:getOptiFineResourcePatched:414]: 	at MC-BOOTSTRAP/cpw.mods.modlauncher@10.0.9/cpw.mods.modlauncher.TransformingClassLoader.maybeTransformClassBytes(TransformingClassLoader.java:50)
[30Jul2025 16:15:26.620] [Server thread/INFO] [STDERR/]: [optifine.OptiFineTransformer:getOptiFineResourcePatched:414]: 	at cpw.mods.securejarhandler/cpw.mods.cl.ModuleClassLoader.readerToClass(ModuleClassLoader.java:113)
[30Jul2025 16:15:26.620] [Server thread/INFO] [STDERR/]: [optifine.OptiFineTransformer:getOptiFineResourcePatched:414]: 	at cpw.mods.securejarhandler/cpw.mods.cl.ModuleClassLoader.lambda$findClass$15(ModuleClassLoader.java:219)
[30Jul2025 16:15:26.620] [Server thread/INFO] [STDERR/]: [optifine.OptiFineTransformer:getOptiFineResourcePatched:414]: 	at cpw.mods.securejarhandler/cpw.mods.cl.ModuleClassLoader.loadFromModule(ModuleClassLoader.java:229)
[30Jul2025 16:15:26.620] [Server thread/INFO] [STDERR/]: [optifine.OptiFineTransformer:getOptiFineResourcePatched:414]: 	at cpw.mods.securejarhandler/cpw.mods.cl.ModuleClassLoader.findClass(ModuleClassLoader.java:219)
[30Jul2025 16:15:26.620] [Server thread/INFO] [STDERR/]: [optifine.OptiFineTransformer:getOptiFineResourcePatched:414]: 	at cpw.mods.securejarhandler/cpw.mods.cl.ModuleClassLoader.loadClass(ModuleClassLoader.java:135)
[30Jul2025 16:15:26.620] [Server thread/INFO] [STDERR/]: [optifine.OptiFineTransformer:getOptiFineResourcePatched:414]: 	at java.base/java.lang.ClassLoader.loadClass(ClassLoader.java:525)
[30Jul2025 16:15:26.620] [Server thread/INFO] [STDERR/]: [optifine.OptiFineTransformer:getOptiFineResourcePatched:414]: 	at TRANSFORMER/minecraft@1.20.1/net.minecraft.world.level.entity.EntitySectionStorage.m_156888_(EntitySectionStorage.java:92)
[30Jul2025 16:15:26.621] [Server thread/INFO] [STDERR/]: [optifine.OptiFineTransformer:getOptiFineResourcePatched:414]: 	at TRANSFORMER/minecraft@1.20.1/net.minecraft.world.level.entity.PersistentEntitySectionManager.m_157527_(PersistentEntitySectionManager.java:160)
[30Jul2025 16:15:26.621] [Server thread/INFO] [STDERR/]: [optifine.OptiFineTransformer:getOptiFineResourcePatched:414]: 	at TRANSFORMER/minecraft@1.20.1/net.minecraft.world.level.entity.PersistentEntitySectionManager.m_287207_(PersistentEntitySectionManager.java:146)
[30Jul2025 16:15:26.621] [Server thread/INFO] [STDERR/]: [optifine.OptiFineTransformer:getOptiFineResourcePatched:414]: 	at TRANSFORMER/minecraft@1.20.1/net.minecraft.server.level.ChunkMap.m_287285_(ChunkMap.java:1307)
[30Jul2025 16:15:26.621] [Server thread/INFO] [STDERR/]: [optifine.OptiFineTransformer:getOptiFineResourcePatched:414]: 	at TRANSFORMER/minecraft@1.20.1/net.minecraft.server.level.ChunkHolder.m_287043_(ChunkHolder.java:334)
[30Jul2025 16:15:26.621] [Server thread/INFO] [STDERR/]: [optifine.OptiFineTransformer:getOptiFineResourcePatched:414]: 	at java.base/java.util.concurrent.CompletableFuture$UniRun.tryFire(CompletableFuture.java:787)
[30Jul2025 16:15:26.621] [Server thread/INFO] [STDERR/]: [optifine.OptiFineTransformer:getOptiFineResourcePatched:414]: 	at java.base/java.util.concurrent.CompletableFuture$Completion.run(CompletableFuture.java:482)
[30Jul2025 16:15:26.621] [Server thread/INFO] [STDERR/]: [optifine.OptiFineTransformer:getOptiFineResourcePatched:414]: 	at TRANSFORMER/minecraft@1.20.1/net.minecraft.util.thread.BlockableEventLoop.m_6367_(BlockableEventLoop.java:156)
[30Jul2025 16:15:26.622] [Server thread/INFO] [STDERR/]: [optifine.OptiFineTransformer:getOptiFineResourcePatched:414]: 	at TRANSFORMER/minecraft@1.20.1/net.minecraft.server.level.ServerChunkCache$MainThreadExecutor.m_6367_(ServerChunkCache.java:541)
[30Jul2025 16:15:26.622] [Server thread/INFO] [STDERR/]: [optifine.OptiFineTransformer:getOptiFineResourcePatched:414]: 	at TRANSFORMER/minecraft@1.20.1/net.minecraft.util.thread.BlockableEventLoop.m_7245_(BlockableEventLoop.java:130)
[30Jul2025 16:15:26.622] [Server thread/INFO] [STDERR/]: [optifine.OptiFineTransformer:getOptiFineResourcePatched:414]: 	at TRANSFORMER/minecraft@1.20.1/net.minecraft.server.level.ServerChunkCache$MainThreadExecutor.m_7245_(ServerChunkCache.java:549)
[30Jul2025 16:15:26.622] [Server thread/INFO] [STDERR/]: [optifine.OptiFineTransformer:getOptiFineResourcePatched:414]: 	at TRANSFORMER/minecraft@1.20.1/net.minecraft.server.level.ServerChunkCache.m_8466_(ServerChunkCache.java:269)
[30Jul2025 16:15:26.622] [Server thread/INFO] [STDERR/]: [optifine.OptiFineTransformer:getOptiFineResourcePatched:414]: 	at TRANSFORMER/minecraft@1.20.1/net.minecraft.server.MinecraftServer.m_129961_(MinecraftServer.java:758)
[30Jul2025 16:15:26.622] [Server thread/INFO] [STDERR/]: [optifine.OptiFineTransformer:getOptiFineResourcePatched:414]: 	at TRANSFORMER/minecraft@1.20.1/net.minecraft.server.MinecraftServer.m_7245_(MinecraftServer.java:747)
[30Jul2025 16:15:26.622] [Server thread/INFO] [STDERR/]: [optifine.OptiFineTransformer:getOptiFineResourcePatched:414]: 	at TRANSFORMER/minecraft@1.20.1/net.minecraft.util.thread.BlockableEventLoop.m_18701_(BlockableEventLoop.java:139)
[30Jul2025 16:15:26.622] [Server thread/INFO] [STDERR/]: [optifine.OptiFineTransformer:getOptiFineResourcePatched:414]: 	at TRANSFORMER/minecraft@1.20.1/net.minecraft.server.MinecraftServer.mixinextras$bridge$m_18701_$237(MinecraftServer.java)
[30Jul2025 16:15:26.623] [Server thread/INFO] [STDERR/]: [optifine.OptiFineTransformer:getOptiFineResourcePatched:414]: 	at TRANSFORMER/minecraft@1.20.1/net.minecraft.server.MinecraftServer.wrapOperation$zbk000$managedBlock(MinecraftServer.java:1856)
[30Jul2025 16:15:26.623] [Server thread/INFO] [STDERR/]: [optifine.OptiFineTransformer:getOptiFineResourcePatched:414]: 	at TRANSFORMER/minecraft@1.20.1/net.minecraft.server.MinecraftServer.m_130012_(MinecraftServer.java:733)
[30Jul2025 16:15:26.623] [Server thread/INFO] [STDERR/]: [optifine.OptiFineTransformer:getOptiFineResourcePatched:414]: 	at TRANSFORMER/minecraft@1.20.1/net.minecraft.server.MinecraftServer.m_129940_(MinecraftServer.java:459)
[30Jul2025 16:15:26.623] [Server thread/INFO] [STDERR/]: [optifine.OptiFineTransformer:getOptiFineResourcePatched:414]: 	at TRANSFORMER/minecraft@1.20.1/net.minecraft.server.MinecraftServer.m_130006_(MinecraftServer.java:310)
[30Jul2025 16:15:26.623] [Server thread/INFO] [STDERR/]: [optifine.OptiFineTransformer:getOptiFineResourcePatched:414]: 	at TRANSFORMER/minecraft@1.20.1/net.minecraft.server.dedicated.DedicatedServer.m_7038_(DedicatedServer.java:164)
[30Jul2025 16:15:26.623] [Server thread/INFO] [STDERR/]: [optifine.OptiFineTransformer:getOptiFineResourcePatched:414]: 	at TRANSFORMER/minecraft@1.20.1/net.minecraft.server.MinecraftServer.m_130011_(MinecraftServer.java:634)
[30Jul2025 16:15:26.623] [Server thread/INFO] [STDERR/]: [optifine.OptiFineTransformer:getOptiFineResourcePatched:414]: 	at TRANSFORMER/minecraft@1.20.1/net.minecraft.server.MinecraftServer.m_206580_(MinecraftServer.java:251)
[30Jul2025 16:15:26.623] [Server thread/INFO] [STDERR/]: [optifine.OptiFineTransformer:getOptiFineResourcePatched:414]: 	at java.base/java.lang.Thread.run(Thread.java:840)
[30Jul2025 16:15:26.635] [Server thread/INFO] [STDERR/]: [optifine.OptiFineTransformer:getOptiFineResourcePatched:414]: java.io.IOException: Base resource not found: acb$a.class
[30Jul2025 16:15:26.635] [Server thread/INFO] [STDERR/]: [optifine.OptiFineTransformer:getOptiFineResourcePatched:414]: 	at LAYER SERVICE/optifine/optifine.Patcher.applyPatch(Patcher.java:146)
[30Jul2025 16:15:26.635] [Server thread/INFO] [STDERR/]: [optifine.OptiFineTransformer:getOptiFineResourcePatched:414]: 	at LAYER SERVICE/optifine/optifine.OptiFineTransformer.getOptiFineResourcePatched(OptiFineTransformer.java:396)
[30Jul2025 16:15:26.635] [Server thread/INFO] [STDERR/]: [optifine.OptiFineTransformer:getOptiFineResourcePatched:414]: 	at LAYER SERVICE/optifine/optifine.OptiFineTransformer.getOptiFineResourceStreamPatched(OptiFineTransformer.java:368)
[30Jul2025 16:15:26.636] [Server thread/INFO] [STDERR/]: [optifine.OptiFineTransformer:getOptiFineResourcePatched:414]: 	at LAYER SERVICE/optifine/optifine.OptiFineTransformer.getOptiFineResourceStream(OptiFineTransformer.java:291)
[30Jul2025 16:15:26.636] [Server thread/INFO] [STDERR/]: [optifine.OptiFineTransformer:getOptiFineResourcePatched:414]: 	at LAYER SERVICE/optifine/optifine.OptiFineTransformer.getOptiFineResource(OptiFineTransformer.java:260)
[30Jul2025 16:15:26.636] [Server thread/INFO] [STDERR/]: [optifine.OptiFineTransformer:getOptiFineResourcePatched:414]: 	at LAYER SERVICE/optifine/optifine.OptiFineTransformer.transform(OptiFineTransformer.java:171)
[30Jul2025 16:15:26.636] [Server thread/INFO] [STDERR/]: [optifine.OptiFineTransformer:getOptiFineResourcePatched:414]: 	at LAYER SERVICE/optifine/optifine.OptiFineTransformer.transform(OptiFineTransformer.java:1)
[30Jul2025 16:15:26.637] [Server thread/INFO] [STDERR/]: [optifine.OptiFineTransformer:getOptiFineResourcePatched:414]: 	at MC-BOOTSTRAP/cpw.mods.modlauncher@10.0.9/cpw.mods.modlauncher.TransformerHolder.transform(TransformerHolder.java:41)
[30Jul2025 16:15:26.637] [Server thread/INFO] [STDERR/]: [optifine.OptiFineTransformer:getOptiFineResourcePatched:414]: 	at MC-BOOTSTRAP/cpw.mods.modlauncher@10.0.9/cpw.mods.modlauncher.ClassTransformer.performVote(ClassTransformer.java:179)
[30Jul2025 16:15:26.637] [Server thread/INFO] [STDERR/]: [optifine.OptiFineTransformer:getOptiFineResourcePatched:414]: 	at MC-BOOTSTRAP/cpw.mods.modlauncher@10.0.9/cpw.mods.modlauncher.ClassTransformer.transform(ClassTransformer.java:98)
[30Jul2025 16:15:26.637] [Server thread/INFO] [STDERR/]: [optifine.OptiFineTransformer:getOptiFineResourcePatched:414]: 	at MC-BOOTSTRAP/cpw.mods.modlauncher@10.0.9/cpw.mods.modlauncher.TransformingClassLoader.maybeTransformClassBytes(TransformingClassLoader.java:50)
[30Jul2025 16:15:26.637] [Server thread/INFO] [STDERR/]: [optifine.OptiFineTransformer:getOptiFineResourcePatched:414]: 	at cpw.mods.securejarhandler/cpw.mods.cl.ModuleClassLoader.readerToClass(ModuleClassLoader.java:113)
[30Jul2025 16:15:26.638] [Server thread/INFO] [STDERR/]: [optifine.OptiFineTransformer:getOptiFineResourcePatched:414]: 	at cpw.mods.securejarhandler/cpw.mods.cl.ModuleClassLoader.lambda$findClass$15(ModuleClassLoader.java:219)
[30Jul2025 16:15:26.638] [Server thread/INFO] [STDERR/]: [optifine.OptiFineTransformer:getOptiFineResourcePatched:414]: 	at cpw.mods.securejarhandler/cpw.mods.cl.ModuleClassLoader.loadFromModule(ModuleClassLoader.java:229)
[30Jul2025 16:15:26.638] [Server thread/INFO] [STDERR/]: [optifine.OptiFineTransformer:getOptiFineResourcePatched:414]: 	at cpw.mods.securejarhandler/cpw.mods.cl.ModuleClassLoader.findClass(ModuleClassLoader.java:219)
[30Jul2025 16:15:26.638] [Server thread/INFO] [STDERR/]: [optifine.OptiFineTransformer:getOptiFineResourcePatched:414]: 	at cpw.mods.securejarhandler/cpw.mods.cl.ModuleClassLoader.loadClass(ModuleClassLoader.java:135)
[30Jul2025 16:15:26.638] [Server thread/INFO] [STDERR/]: [optifine.OptiFineTransformer:getOptiFineResourcePatched:414]: 	at java.base/java.lang.ClassLoader.loadClass(ClassLoader.java:525)
[30Jul2025 16:15:26.638] [Server thread/INFO] [STDERR/]: [optifine.OptiFineTransformer:getOptiFineResourcePatched:414]: 	at TRANSFORMER/minecraft@1.20.1/net.minecraft.network.syncher.SynchedEntityData.m_135385_(SynchedEntityData.java:91)
[30Jul2025 16:15:26.639] [Server thread/INFO] [STDERR/]: [optifine.OptiFineTransformer:getOptiFineResourcePatched:414]: 	at TRANSFORMER/minecraft@1.20.1/net.minecraft.network.syncher.SynchedEntityData.m_135372_(SynchedEntityData.java:86)
[30Jul2025 16:15:26.639] [Server thread/INFO] [STDERR/]: [optifine.OptiFineTransformer:getOptiFineResourcePatched:414]: 	at TRANSFORMER/minecraft@1.20.1/net.minecraft.world.entity.Entity.<init>(Entity.java:251)
[30Jul2025 16:15:26.639] [Server thread/INFO] [STDERR/]: [optifine.OptiFineTransformer:getOptiFineResourcePatched:414]: 	at TRANSFORMER/minecraft@1.20.1/net.minecraft.world.entity.vehicle.AbstractMinecart.<init>(AbstractMinecart.java:92)
[30Jul2025 16:15:26.639] [Server thread/INFO] [STDERR/]: [optifine.OptiFineTransformer:getOptiFineResourcePatched:414]: 	at TRANSFORMER/minecraft@1.20.1/net.minecraft.world.entity.vehicle.AbstractMinecartContainer.<init>(AbstractMinecartContainer.java:27)
[30Jul2025 16:15:26.639] [Server thread/INFO] [STDERR/]: [optifine.OptiFineTransformer:getOptiFineResourcePatched:414]: 	at TRANSFORMER/minecraft@1.20.1/net.minecraft.world.entity.vehicle.MinecartChest.<init>(MinecartChest.java:22)
[30Jul2025 16:15:26.639] [Server thread/INFO] [STDERR/]: [optifine.OptiFineTransformer:getOptiFineResourcePatched:414]: 	at TRANSFORMER/minecraft@1.20.1/net.minecraft.world.entity.EntityType.m_20615_(EntityType.java:525)
[30Jul2025 16:15:26.640] [Server thread/INFO] [STDERR/]: [optifine.OptiFineTransformer:getOptiFineResourcePatched:414]: 	at TRANSFORMER/minecraft@1.20.1/net.minecraft.world.entity.EntityType.m_185996_(EntityType.java:530)
[30Jul2025 16:15:26.640] [Server thread/INFO] [STDERR/]: [optifine.OptiFineTransformer:getOptiFineResourcePatched:414]: 	at java.base/java.util.Optional.map(Optional.java:260)
[30Jul2025 16:15:26.640] [Server thread/INFO] [STDERR/]: [optifine.OptiFineTransformer:getOptiFineResourcePatched:414]: 	at TRANSFORMER/minecraft@1.20.1/net.minecraft.world.entity.EntityType.m_20642_(EntityType.java:529)
[30Jul2025 16:15:26.640] [Server thread/INFO] [STDERR/]: [optifine.OptiFineTransformer:getOptiFineResourcePatched:414]: 	at TRANSFORMER/minecraft@1.20.1/net.minecraft.world.entity.EntityType.m_20669_(EntityType.java:607)
[30Jul2025 16:15:26.640] [Server thread/INFO] [STDERR/]: [optifine.OptiFineTransformer:getOptiFineResourcePatched:414]: 	at TRANSFORMER/minecraft@1.20.1/net.minecraft.world.entity.EntityType.m_20645_(EntityType.java:563)
[30Jul2025 16:15:26.640] [Server thread/INFO] [STDERR/]: [optifine.OptiFineTransformer:getOptiFineResourcePatched:414]: 	at TRANSFORMER/minecraft@1.20.1/net.minecraft.world.entity.EntityType$1.m_147056_(EntityType.java:584)
[30Jul2025 16:15:26.641] [Server thread/INFO] [STDERR/]: [optifine.OptiFineTransformer:getOptiFineResourcePatched:414]: 	at java.base/java.util.Spliterators$IteratorSpliterator.tryAdvance(Spliterators.java:1856)
[30Jul2025 16:15:26.641] [Server thread/INFO] [STDERR/]: [optifine.OptiFineTransformer:getOptiFineResourcePatched:414]: 	at TRANSFORMER/minecraft@1.20.1/net.minecraft.world.entity.EntityType$1.tryAdvance(EntityType.java:583)
[30Jul2025 16:15:26.641] [Server thread/INFO] [STDERR/]: [optifine.OptiFineTransformer:getOptiFineResourcePatched:414]: 	at java.base/java.util.Spliterator.forEachRemaining(Spliterator.java:332)
[30Jul2025 16:15:26.641] [Server thread/INFO] [STDERR/]: [optifine.OptiFineTransformer:getOptiFineResourcePatched:414]: 	at java.base/java.util.stream.AbstractPipeline.copyInto(AbstractPipeline.java:509)
[30Jul2025 16:15:26.641] [Server thread/INFO] [STDERR/]: [optifine.OptiFineTransformer:getOptiFineResourcePatched:414]: 	at java.base/java.util.stream.AbstractPipeline.wrapAndCopyInto(AbstractPipeline.java:499)
[30Jul2025 16:15:26.642] [Server thread/INFO] [STDERR/]: [optifine.OptiFineTransformer:getOptiFineResourcePatched:414]: 	at java.base/java.util.stream.ReduceOps$ReduceOp.evaluateSequential(ReduceOps.java:921)
[30Jul2025 16:15:26.642] [Server thread/INFO] [STDERR/]: [optifine.OptiFineTransformer:getOptiFineResourcePatched:414]: 	at java.base/java.util.stream.AbstractPipeline.evaluate(AbstractPipeline.java:234)
[30Jul2025 16:15:26.642] [Server thread/INFO] [STDERR/]: [optifine.OptiFineTransformer:getOptiFineResourcePatched:414]: 	at java.base/java.util.stream.ReferencePipeline.collect(ReferencePipeline.java:682)
[30Jul2025 16:15:26.642] [Server thread/INFO] [STDERR/]: [optifine.OptiFineTransformer:getOptiFineResourcePatched:414]: 	at TRANSFORMER/minecraft@1.20.1/net.minecraft.world.level.chunk.storage.EntityStorage.m_223456_(EntityStorage.java:62)
[30Jul2025 16:15:26.642] [Server thread/INFO] [STDERR/]: [optifine.OptiFineTransformer:getOptiFineResourcePatched:414]: 	at java.base/java.util.concurrent.CompletableFuture$UniApply.tryFire(CompletableFuture.java:646)
[30Jul2025 16:15:26.642] [Server thread/INFO] [STDERR/]: [optifine.OptiFineTransformer:getOptiFineResourcePatched:414]: 	at java.base/java.util.concurrent.CompletableFuture$Completion.run(CompletableFuture.java:482)
[30Jul2025 16:15:26.643] [Server thread/INFO] [STDERR/]: [optifine.OptiFineTransformer:getOptiFineResourcePatched:414]: 	at TRANSFORMER/minecraft@1.20.1/net.minecraft.util.thread.ProcessorMailbox.m_18759_(ProcessorMailbox.java:91)
[30Jul2025 16:15:26.643] [Server thread/INFO] [STDERR/]: [optifine.OptiFineTransformer:getOptiFineResourcePatched:414]: 	at TRANSFORMER/minecraft@1.20.1/net.minecraft.util.thread.ProcessorMailbox.m_18747_(ProcessorMailbox.java:146)
[30Jul2025 16:15:26.643] [Server thread/INFO] [STDERR/]: [optifine.OptiFineTransformer:getOptiFineResourcePatched:414]: 	at TRANSFORMER/minecraft@1.20.1/net.minecraft.util.thread.ProcessorMailbox.run(ProcessorMailbox.java:102)
[30Jul2025 16:15:26.643] [Server thread/INFO] [STDERR/]: [optifine.OptiFineTransformer:getOptiFineResourcePatched:414]: 	at TRANSFORMER/minecraft@1.20.1/net.minecraft.server.TickTask.run(TickTask.java:18)
[30Jul2025 16:15:26.643] [Server thread/INFO] [STDERR/]: [optifine.OptiFineTransformer:getOptiFineResourcePatched:414]: 	at TRANSFORMER/minecraft@1.20.1/net.minecraft.util.thread.BlockableEventLoop.m_6367_(BlockableEventLoop.java:156)
[30Jul2025 16:15:26.643] [Server thread/INFO] [STDERR/]: [optifine.OptiFineTransformer:getOptiFineResourcePatched:414]: 	at TRANSFORMER/minecraft@1.20.1/net.minecraft.util.thread.ReentrantBlockableEventLoop.m_6367_(ReentrantBlockableEventLoop.java:23)
[30Jul2025 16:15:26.643] [Server thread/INFO] [STDERR/]: [optifine.OptiFineTransformer:getOptiFineResourcePatched:414]: 	at TRANSFORMER/minecraft@1.20.1/net.minecraft.server.MinecraftServer.m_6367_(MinecraftServer.java:770)
[30Jul2025 16:15:26.644] [Server thread/INFO] [STDERR/]: [optifine.OptiFineTransformer:getOptiFineResourcePatched:414]: 	at TRANSFORMER/minecraft@1.20.1/net.minecraft.server.MinecraftServer.m_6367_(MinecraftServer.java:161)
[30Jul2025 16:15:26.644] [Server thread/INFO] [STDERR/]: [optifine.OptiFineTransformer:getOptiFineResourcePatched:414]: 	at TRANSFORMER/minecraft@1.20.1/net.minecraft.util.thread.BlockableEventLoop.m_7245_(BlockableEventLoop.java:130)
[30Jul2025 16:15:26.644] [Server thread/INFO] [STDERR/]: [optifine.OptiFineTransformer:getOptiFineResourcePatched:414]: 	at TRANSFORMER/minecraft@1.20.1/net.minecraft.server.MinecraftServer.m_129961_(MinecraftServer.java:753)
[30Jul2025 16:15:26.644] [Server thread/INFO] [STDERR/]: [optifine.OptiFineTransformer:getOptiFineResourcePatched:414]: 	at TRANSFORMER/minecraft@1.20.1/net.minecraft.server.MinecraftServer.m_7245_(MinecraftServer.java:747)
[30Jul2025 16:15:26.644] [Server thread/INFO] [STDERR/]: [optifine.OptiFineTransformer:getOptiFineResourcePatched:414]: 	at TRANSFORMER/minecraft@1.20.1/net.minecraft.util.thread.BlockableEventLoop.m_18701_(BlockableEventLoop.java:139)
[30Jul2025 16:15:26.644] [Server thread/INFO] [STDERR/]: [optifine.OptiFineTransformer:getOptiFineResourcePatched:414]: 	at TRANSFORMER/minecraft@1.20.1/net.minecraft.server.MinecraftServer.mixinextras$bridge$m_18701_$237(MinecraftServer.java)
[30Jul2025 16:15:26.645] [Server thread/INFO] [STDERR/]: [optifine.OptiFineTransformer:getOptiFineResourcePatched:414]: 	at TRANSFORMER/minecraft@1.20.1/net.minecraft.server.MinecraftServer.wrapOperation$zbk000$managedBlock(MinecraftServer.java:1856)
[30Jul2025 16:15:26.645] [Server thread/INFO] [STDERR/]: [optifine.OptiFineTransformer:getOptiFineResourcePatched:414]: 	at TRANSFORMER/minecraft@1.20.1/net.minecraft.server.MinecraftServer.m_130012_(MinecraftServer.java:733)
[30Jul2025 16:15:26.645] [Server thread/INFO] [STDERR/]: [optifine.OptiFineTransformer:getOptiFineResourcePatched:414]: 	at TRANSFORMER/minecraft@1.20.1/net.minecraft.server.MinecraftServer.m_129940_(MinecraftServer.java:459)
[30Jul2025 16:15:26.645] [Server thread/INFO] [STDERR/]: [optifine.OptiFineTransformer:getOptiFineResourcePatched:414]: 	at TRANSFORMER/minecraft@1.20.1/net.minecraft.server.MinecraftServer.m_130006_(MinecraftServer.java:310)
[30Jul2025 16:15:26.645] [Server thread/INFO] [STDERR/]: [optifine.OptiFineTransformer:getOptiFineResourcePatched:414]: 	at TRANSFORMER/minecraft@1.20.1/net.minecraft.server.dedicated.DedicatedServer.m_7038_(DedicatedServer.java:164)
[30Jul2025 16:15:26.646] [Server thread/INFO] [STDERR/]: [optifine.OptiFineTransformer:getOptiFineResourcePatched:414]: 	at TRANSFORMER/minecraft@1.20.1/net.minecraft.server.MinecraftServer.m_130011_(MinecraftServer.java:634)
[30Jul2025 16:15:26.646] [Server thread/INFO] [STDERR/]: [optifine.OptiFineTransformer:getOptiFineResourcePatched:414]: 	at TRANSFORMER/minecraft@1.20.1/net.minecraft.server.MinecraftServer.m_206580_(MinecraftServer.java:251)
[30Jul2025 16:15:26.646] [Server thread/INFO] [STDERR/]: [optifine.OptiFineTransformer:getOptiFineResourcePatched:414]: 	at java.base/java.lang.Thread.run(Thread.java:840)
[30Jul2025 16:15:26.689] [Server thread/INFO] [STDERR/]: [optifine.OptiFineTransformer:getOptiFineResourcePatched:414]: java.io.IOException: Base resource not found: bgb$1.class
[30Jul2025 16:15:26.690] [Server thread/INFO] [STDERR/]: [optifine.OptiFineTransformer:getOptiFineResourcePatched:414]: 	at LAYER SERVICE/optifine/optifine.Patcher.applyPatch(Patcher.java:146)
[30Jul2025 16:15:26.690] [Server thread/INFO] [STDERR/]: [optifine.OptiFineTransformer:getOptiFineResourcePatched:414]: 	at LAYER SERVICE/optifine/optifine.OptiFineTransformer.getOptiFineResourcePatched(OptiFineTransformer.java:396)
[30Jul2025 16:15:26.690] [Server thread/INFO] [STDERR/]: [optifine.OptiFineTransformer:getOptiFineResourcePatched:414]: 	at LAYER SERVICE/optifine/optifine.OptiFineTransformer.getOptiFineResourceStreamPatched(OptiFineTransformer.java:368)
[30Jul2025 16:15:26.690] [Server thread/INFO] [STDERR/]: [optifine.OptiFineTransformer:getOptiFineResourcePatched:414]: 	at LAYER SERVICE/optifine/optifine.OptiFineTransformer.getOptiFineResourceStream(OptiFineTransformer.java:291)
[30Jul2025 16:15:26.691] [Server thread/INFO] [STDERR/]: [optifine.OptiFineTransformer:getOptiFineResourcePatched:414]: 	at LAYER SERVICE/optifine/optifine.OptiFineTransformer.getOptiFineResource(OptiFineTransformer.java:260)
[30Jul2025 16:15:26.691] [Server thread/INFO] [STDERR/]: [optifine.OptiFineTransformer:getOptiFineResourcePatched:414]: 	at LAYER SERVICE/optifine/optifine.OptiFineTransformer.transform(OptiFineTransformer.java:171)
[30Jul2025 16:15:26.691] [Server thread/INFO] [STDERR/]: [optifine.OptiFineTransformer:getOptiFineResourcePatched:414]: 	at LAYER SERVICE/optifine/optifine.OptiFineTransformer.transform(OptiFineTransformer.java:1)
[30Jul2025 16:15:26.691] [Server thread/INFO] [STDERR/]: [optifine.OptiFineTransformer:getOptiFineResourcePatched:414]: 	at MC-BOOTSTRAP/cpw.mods.modlauncher@10.0.9/cpw.mods.modlauncher.TransformerHolder.transform(TransformerHolder.java:41)
[30Jul2025 16:15:26.691] [Server thread/INFO] [STDERR/]: [optifine.OptiFineTransformer:getOptiFineResourcePatched:414]: 	at MC-BOOTSTRAP/cpw.mods.modlauncher@10.0.9/cpw.mods.modlauncher.ClassTransformer.performVote(ClassTransformer.java:179)
[30Jul2025 16:15:26.691] [Server thread/INFO] [STDERR/]: [optifine.OptiFineTransformer:getOptiFineResourcePatched:414]: 	at MC-BOOTSTRAP/cpw.mods.modlauncher@10.0.9/cpw.mods.modlauncher.ClassTransformer.transform(ClassTransformer.java:98)
[30Jul2025 16:15:26.692] [Server thread/INFO] [STDERR/]: [optifine.OptiFineTransformer:getOptiFineResourcePatched:414]: 	at MC-BOOTSTRAP/cpw.mods.modlauncher@10.0.9/cpw.mods.modlauncher.TransformingClassLoader.maybeTransformClassBytes(TransformingClassLoader.java:50)
[30Jul2025 16:15:26.692] [Server thread/INFO] [STDERR/]: [optifine.OptiFineTransformer:getOptiFineResourcePatched:414]: 	at cpw.mods.securejarhandler/cpw.mods.cl.ModuleClassLoader.readerToClass(ModuleClassLoader.java:113)
[30Jul2025 16:15:26.692] [Server thread/INFO] [STDERR/]: [optifine.OptiFineTransformer:getOptiFineResourcePatched:414]: 	at cpw.mods.securejarhandler/cpw.mods.cl.ModuleClassLoader.lambda$findClass$15(ModuleClassLoader.java:219)
[30Jul2025 16:15:26.692] [Server thread/INFO] [STDERR/]: [optifine.OptiFineTransformer:getOptiFineResourcePatched:414]: 	at cpw.mods.securejarhandler/cpw.mods.cl.ModuleClassLoader.loadFromModule(ModuleClassLoader.java:229)
[30Jul2025 16:15:26.692] [Server thread/INFO] [STDERR/]: [optifine.OptiFineTransformer:getOptiFineResourcePatched:414]: 	at cpw.mods.securejarhandler/cpw.mods.cl.ModuleClassLoader.findClass(ModuleClassLoader.java:219)
[30Jul2025 16:15:26.692] [Server thread/INFO] [STDERR/]: [optifine.OptiFineTransformer:getOptiFineResourcePatched:414]: 	at cpw.mods.securejarhandler/cpw.mods.cl.ModuleClassLoader.loadClass(ModuleClassLoader.java:135)
[30Jul2025 16:15:26.693] [Server thread/INFO] [STDERR/]: [optifine.OptiFineTransformer:getOptiFineResourcePatched:414]: 	at java.base/java.lang.ClassLoader.loadClass(ClassLoader.java:525)
[30Jul2025 16:15:26.693] [Server thread/INFO] [STDERR/]: [optifine.OptiFineTransformer:getOptiFineResourcePatched:414]: 	at TRANSFORMER/minecraft@1.20.1/net.minecraft.world.entity.Mob.m_8061_(Mob.java:887)
[30Jul2025 16:15:26.693] [Server thread/INFO] [STDERR/]: [optifine.OptiFineTransformer:getOptiFineResourcePatched:414]: 	at TRANSFORMER/kimetsunoyaiba@1/net.mcreator.kimetsunoyaiba.entity.GoldfishbigEntity.<init>(GoldfishbigEntity.java:67)
[30Jul2025 16:15:26.693] [Server thread/INFO] [STDERR/]: [optifine.OptiFineTransformer:getOptiFineResourcePatched:414]: 	at TRANSFORMER/minecraft@1.20.1/net.minecraft.world.entity.EntityType.m_20615_(EntityType.java:525)
[30Jul2025 16:15:26.693] [Server thread/INFO] [STDERR/]: [optifine.OptiFineTransformer:getOptiFineResourcePatched:414]: 	at TRANSFORMER/minecraft@1.20.1/net.minecraft.world.entity.EntityType.m_185996_(EntityType.java:530)
[30Jul2025 16:15:26.694] [Server thread/INFO] [STDERR/]: [optifine.OptiFineTransformer:getOptiFineResourcePatched:414]: 	at java.base/java.util.Optional.map(Optional.java:260)
[30Jul2025 16:15:26.694] [Server thread/INFO] [STDERR/]: [optifine.OptiFineTransformer:getOptiFineResourcePatched:414]: 	at TRANSFORMER/minecraft@1.20.1/net.minecraft.world.entity.EntityType.m_20642_(EntityType.java:529)
[30Jul2025 16:15:26.694] [Server thread/INFO] [STDERR/]: [optifine.OptiFineTransformer:getOptiFineResourcePatched:414]: 	at TRANSFORMER/minecraft@1.20.1/net.minecraft.world.entity.EntityType.m_20669_(EntityType.java:607)
[30Jul2025 16:15:26.694] [Server thread/INFO] [STDERR/]: [optifine.OptiFineTransformer:getOptiFineResourcePatched:414]: 	at TRANSFORMER/minecraft@1.20.1/net.minecraft.world.entity.EntityType.m_20645_(EntityType.java:563)
[30Jul2025 16:15:26.694] [Server thread/INFO] [STDERR/]: [optifine.OptiFineTransformer:getOptiFineResourcePatched:414]: 	at TRANSFORMER/minecraft@1.20.1/net.minecraft.world.entity.EntityType$1.m_147056_(EntityType.java:584)
[30Jul2025 16:15:26.694] [Server thread/INFO] [STDERR/]: [optifine.OptiFineTransformer:getOptiFineResourcePatched:414]: 	at java.base/java.util.Spliterators$IteratorSpliterator.tryAdvance(Spliterators.java:1856)
[30Jul2025 16:15:26.695] [Server thread/INFO] [STDERR/]: [optifine.OptiFineTransformer:getOptiFineResourcePatched:414]: 	at TRANSFORMER/minecraft@1.20.1/net.minecraft.world.entity.EntityType$1.tryAdvance(EntityType.java:583)
[30Jul2025 16:15:26.695] [Server thread/INFO] [STDERR/]: [optifine.OptiFineTransformer:getOptiFineResourcePatched:414]: 	at java.base/java.util.Spliterator.forEachRemaining(Spliterator.java:332)
[30Jul2025 16:15:26.695] [Server thread/INFO] [STDERR/]: [optifine.OptiFineTransformer:getOptiFineResourcePatched:414]: 	at java.base/java.util.stream.AbstractPipeline.copyInto(AbstractPipeline.java:509)
[30Jul2025 16:15:26.695] [Server thread/INFO] [STDERR/]: [optifine.OptiFineTransformer:getOptiFineResourcePatched:414]: 	at java.base/java.util.stream.AbstractPipeline.wrapAndCopyInto(AbstractPipeline.java:499)
[30Jul2025 16:15:26.695] [Server thread/INFO] [STDERR/]: [optifine.OptiFineTransformer:getOptiFineResourcePatched:414]: 	at java.base/java.util.stream.ReduceOps$ReduceOp.evaluateSequential(ReduceOps.java:921)
[30Jul2025 16:15:26.695] [Server thread/INFO] [STDERR/]: [optifine.OptiFineTransformer:getOptiFineResourcePatched:414]: 	at java.base/java.util.stream.AbstractPipeline.evaluate(AbstractPipeline.java:234)
[30Jul2025 16:15:26.696] [Server thread/INFO] [STDERR/]: [optifine.OptiFineTransformer:getOptiFineResourcePatched:414]: 	at java.base/java.util.stream.ReferencePipeline.collect(ReferencePipeline.java:682)
[30Jul2025 16:15:26.696] [Server thread/INFO] [STDERR/]: [optifine.OptiFineTransformer:getOptiFineResourcePatched:414]: 	at TRANSFORMER/minecraft@1.20.1/net.minecraft.world.level.chunk.storage.EntityStorage.m_223456_(EntityStorage.java:62)
[30Jul2025 16:15:26.696] [Server thread/INFO] [STDERR/]: [optifine.OptiFineTransformer:getOptiFineResourcePatched:414]: 	at java.base/java.util.concurrent.CompletableFuture$UniApply.tryFire(CompletableFuture.java:646)
[30Jul2025 16:15:26.696] [Server thread/INFO] [STDERR/]: [optifine.OptiFineTransformer:getOptiFineResourcePatched:414]: 	at java.base/java.util.concurrent.CompletableFuture$Completion.run(CompletableFuture.java:482)
[30Jul2025 16:15:26.696] [Server thread/INFO] [STDERR/]: [optifine.OptiFineTransformer:getOptiFineResourcePatched:414]: 	at TRANSFORMER/minecraft@1.20.1/net.minecraft.util.thread.ProcessorMailbox.m_18759_(ProcessorMailbox.java:91)
[30Jul2025 16:15:26.696] [Server thread/INFO] [STDERR/]: [optifine.OptiFineTransformer:getOptiFineResourcePatched:414]: 	at TRANSFORMER/minecraft@1.20.1/net.minecraft.util.thread.ProcessorMailbox.m_18747_(ProcessorMailbox.java:146)
[30Jul2025 16:15:26.696] [Server thread/INFO] [STDERR/]: [optifine.OptiFineTransformer:getOptiFineResourcePatched:414]: 	at TRANSFORMER/minecraft@1.20.1/net.minecraft.util.thread.ProcessorMailbox.run(ProcessorMailbox.java:102)
[30Jul2025 16:15:26.697] [Server thread/INFO] [STDERR/]: [optifine.OptiFineTransformer:getOptiFineResourcePatched:414]: 	at TRANSFORMER/minecraft@1.20.1/net.minecraft.server.TickTask.run(TickTask.java:18)
[30Jul2025 16:15:26.697] [Server thread/INFO] [STDERR/]: [optifine.OptiFineTransformer:getOptiFineResourcePatched:414]: 	at TRANSFORMER/minecraft@1.20.1/net.minecraft.util.thread.BlockableEventLoop.m_6367_(BlockableEventLoop.java:156)
[30Jul2025 16:15:26.698] [Server thread/INFO] [STDERR/]: [optifine.OptiFineTransformer:getOptiFineResourcePatched:414]: 	at TRANSFORMER/minecraft@1.20.1/net.minecraft.util.thread.ReentrantBlockableEventLoop.m_6367_(ReentrantBlockableEventLoop.java:23)
[30Jul2025 16:15:26.698] [Server thread/INFO] [STDERR/]: [optifine.OptiFineTransformer:getOptiFineResourcePatched:414]: 	at TRANSFORMER/minecraft@1.20.1/net.minecraft.server.MinecraftServer.m_6367_(MinecraftServer.java:770)
[30Jul2025 16:15:26.698] [Server thread/INFO] [STDERR/]: [optifine.OptiFineTransformer:getOptiFineResourcePatched:414]: 	at TRANSFORMER/minecraft@1.20.1/net.minecraft.server.MinecraftServer.m_6367_(MinecraftServer.java:161)
[30Jul2025 16:15:26.699] [Server thread/INFO] [STDERR/]: [optifine.OptiFineTransformer:getOptiFineResourcePatched:414]: 	at TRANSFORMER/minecraft@1.20.1/net.minecraft.util.thread.BlockableEventLoop.m_7245_(BlockableEventLoop.java:130)
[30Jul2025 16:15:26.699] [Server thread/INFO] [STDERR/]: [optifine.OptiFineTransformer:getOptiFineResourcePatched:414]: 	at TRANSFORMER/minecraft@1.20.1/net.minecraft.server.MinecraftServer.m_129961_(MinecraftServer.java:753)
[30Jul2025 16:15:26.699] [Server thread/INFO] [STDERR/]: [optifine.OptiFineTransformer:getOptiFineResourcePatched:414]: 	at TRANSFORMER/minecraft@1.20.1/net.minecraft.server.MinecraftServer.m_7245_(MinecraftServer.java:747)
[30Jul2025 16:15:26.699] [Server thread/INFO] [STDERR/]: [optifine.OptiFineTransformer:getOptiFineResourcePatched:414]: 	at TRANSFORMER/minecraft@1.20.1/net.minecraft.util.thread.BlockableEventLoop.m_18701_(BlockableEventLoop.java:139)
[30Jul2025 16:15:26.700] [Server thread/INFO] [STDERR/]: [optifine.OptiFineTransformer:getOptiFineResourcePatched:414]: 	at TRANSFORMER/minecraft@1.20.1/net.minecraft.server.MinecraftServer.mixinextras$bridge$m_18701_$237(MinecraftServer.java)
[30Jul2025 16:15:26.700] [Server thread/INFO] [STDERR/]: [optifine.OptiFineTransformer:getOptiFineResourcePatched:414]: 	at TRANSFORMER/minecraft@1.20.1/net.minecraft.server.MinecraftServer.wrapOperation$zbk000$managedBlock(MinecraftServer.java:1856)
[30Jul2025 16:15:26.700] [Server thread/INFO] [STDERR/]: [optifine.OptiFineTransformer:getOptiFineResourcePatched:414]: 	at TRANSFORMER/minecraft@1.20.1/net.minecraft.server.MinecraftServer.m_130012_(MinecraftServer.java:733)
[30Jul2025 16:15:26.700] [Server thread/INFO] [STDERR/]: [optifine.OptiFineTransformer:getOptiFineResourcePatched:414]: 	at TRANSFORMER/minecraft@1.20.1/net.minecraft.server.MinecraftServer.m_129940_(MinecraftServer.java:459)
[30Jul2025 16:15:26.700] [Server thread/INFO] [STDERR/]: [optifine.OptiFineTransformer:getOptiFineResourcePatched:414]: 	at TRANSFORMER/minecraft@1.20.1/net.minecraft.server.MinecraftServer.m_130006_(MinecraftServer.java:310)
[30Jul2025 16:15:26.700] [Server thread/INFO] [STDERR/]: [optifine.OptiFineTransformer:getOptiFineResourcePatched:414]: 	at TRANSFORMER/minecraft@1.20.1/net.minecraft.server.dedicated.DedicatedServer.m_7038_(DedicatedServer.java:164)
[30Jul2025 16:15:26.701] [Server thread/INFO] [STDERR/]: [optifine.OptiFineTransformer:getOptiFineResourcePatched:414]: 	at TRANSFORMER/minecraft@1.20.1/net.minecraft.server.MinecraftServer.m_130011_(MinecraftServer.java:634)
[30Jul2025 16:15:26.701] [Server thread/INFO] [STDERR/]: [optifine.OptiFineTransformer:getOptiFineResourcePatched:414]: 	at TRANSFORMER/minecraft@1.20.1/net.minecraft.server.MinecraftServer.m_206580_(MinecraftServer.java:251)
[30Jul2025 16:15:26.701] [Server thread/INFO] [STDERR/]: [optifine.OptiFineTransformer:getOptiFineResourcePatched:414]: 	at java.base/java.lang.Thread.run(Thread.java:840)
[30Jul2025 16:15:26.877] [Server thread/INFO] [net.minecraft.server.level.progress.LoggerChunkProgressListener/]: Time elapsed: 2630 ms
[30Jul2025 16:15:26.877] [Server thread/INFO] [net.minecraft.server.dedicated.DedicatedServer/]: Done (3.314s)! For help, type "help"
[30Jul2025 16:15:26.899] [Server thread/INFO] [net.minecraftforge.server.permission.PermissionAPI/]: Successfully initialized permission handler forge:default_handler
[30Jul2025 16:15:26.942] [Server thread/INFO] [net.bettercombat.logic.WeaponRegistry/]: Encoded Weapon Attribute registry size (with package overhead): 39938 bytes (in 4 string chunks with the size of 10000)
[30Jul2025 16:15:26.943] [Server thread/WARN] [ModernFix/]: Dedicated server took 30.352 seconds to load
[30Jul2025 16:15:27.003] [Server thread/INFO] [STDERR/]: [optifine.OptiFineTransformer:getOptiFineResourcePatched:414]: java.io.IOException: Base resource not found: anv.class
[30Jul2025 16:15:27.003] [Server thread/INFO] [STDERR/]: [optifine.OptiFineTransformer:getOptiFineResourcePatched:414]: 	at LAYER SERVICE/optifine/optifine.Patcher.applyPatch(Patcher.java:146)
[30Jul2025 16:15:27.003] [Server thread/INFO] [STDERR/]: [optifine.OptiFineTransformer:getOptiFineResourcePatched:414]: 	at LAYER SERVICE/optifine/optifine.OptiFineTransformer.getOptiFineResourcePatched(OptiFineTransformer.java:396)
[30Jul2025 16:15:27.003] [Server thread/INFO] [STDERR/]: [optifine.OptiFineTransformer:getOptiFineResourcePatched:414]: 	at LAYER SERVICE/optifine/optifine.OptiFineTransformer.getOptiFineResourceStreamPatched(OptiFineTransformer.java:368)
[30Jul2025 16:15:27.003] [Server thread/INFO] [STDERR/]: [optifine.OptiFineTransformer:getOptiFineResourcePatched:414]: 	at LAYER SERVICE/optifine/optifine.OptiFineTransformer.getOptiFineResourceStream(OptiFineTransformer.java:291)
[30Jul2025 16:15:27.003] [Server thread/INFO] [STDERR/]: [optifine.OptiFineTransformer:getOptiFineResourcePatched:414]: 	at LAYER SERVICE/optifine/optifine.OptiFineTransformer.getOptiFineResource(OptiFineTransformer.java:260)
[30Jul2025 16:15:27.004] [Server thread/INFO] [STDERR/]: [optifine.OptiFineTransformer:getOptiFineResourcePatched:414]: 	at LAYER SERVICE/optifine/optifine.OptiFineTransformer.transform(OptiFineTransformer.java:171)
[30Jul2025 16:15:27.004] [Server thread/INFO] [STDERR/]: [optifine.OptiFineTransformer:getOptiFineResourcePatched:414]: 	at LAYER SERVICE/optifine/optifine.OptiFineTransformer.transform(OptiFineTransformer.java:1)
[30Jul2025 16:15:27.004] [Server thread/INFO] [STDERR/]: [optifine.OptiFineTransformer:getOptiFineResourcePatched:414]: 	at MC-BOOTSTRAP/cpw.mods.modlauncher@10.0.9/cpw.mods.modlauncher.TransformerHolder.transform(TransformerHolder.java:41)
[30Jul2025 16:15:27.004] [Server thread/INFO] [STDERR/]: [optifine.OptiFineTransformer:getOptiFineResourcePatched:414]: 	at MC-BOOTSTRAP/cpw.mods.modlauncher@10.0.9/cpw.mods.modlauncher.ClassTransformer.performVote(ClassTransformer.java:179)
[30Jul2025 16:15:27.004] [Server thread/INFO] [STDERR/]: [optifine.OptiFineTransformer:getOptiFineResourcePatched:414]: 	at MC-BOOTSTRAP/cpw.mods.modlauncher@10.0.9/cpw.mods.modlauncher.ClassTransformer.transform(ClassTransformer.java:98)
[30Jul2025 16:15:27.004] [Server thread/INFO] [STDERR/]: [optifine.OptiFineTransformer:getOptiFineResourcePatched:414]: 	at MC-BOOTSTRAP/cpw.mods.modlauncher@10.0.9/cpw.mods.modlauncher.TransformingClassLoader.maybeTransformClassBytes(TransformingClassLoader.java:50)
[30Jul2025 16:15:27.004] [Server thread/INFO] [STDERR/]: [optifine.OptiFineTransformer:getOptiFineResourcePatched:414]: 	at cpw.mods.securejarhandler/cpw.mods.cl.ModuleClassLoader.readerToClass(ModuleClassLoader.java:113)
[30Jul2025 16:15:27.005] [Server thread/INFO] [STDERR/]: [optifine.OptiFineTransformer:getOptiFineResourcePatched:414]: 	at cpw.mods.securejarhandler/cpw.mods.cl.ModuleClassLoader.lambda$findClass$15(ModuleClassLoader.java:219)
[30Jul2025 16:15:27.005] [Server thread/INFO] [STDERR/]: [optifine.OptiFineTransformer:getOptiFineResourcePatched:414]: 	at cpw.mods.securejarhandler/cpw.mods.cl.ModuleClassLoader.loadFromModule(ModuleClassLoader.java:229)
[30Jul2025 16:15:27.005] [Server thread/INFO] [STDERR/]: [optifine.OptiFineTransformer:getOptiFineResourcePatched:414]: 	at cpw.mods.securejarhandler/cpw.mods.cl.ModuleClassLoader.findClass(ModuleClassLoader.java:219)
[30Jul2025 16:15:27.005] [Server thread/INFO] [STDERR/]: [optifine.OptiFineTransformer:getOptiFineResourcePatched:414]: 	at cpw.mods.securejarhandler/cpw.mods.cl.ModuleClassLoader.loadClass(ModuleClassLoader.java:135)
[30Jul2025 16:15:27.005] [Server thread/INFO] [STDERR/]: [optifine.OptiFineTransformer:getOptiFineResourcePatched:414]: 	at java.base/java.lang.ClassLoader.loadClass(ClassLoader.java:525)
[30Jul2025 16:15:27.005] [Server thread/INFO] [STDERR/]: [optifine.OptiFineTransformer:getOptiFineResourcePatched:414]: 	at TRANSFORMER/minecraft@1.20.1/net.minecraft.world.level.entity.EntitySection.<init>(EntitySection.java:21)
[30Jul2025 16:15:27.006] [Server thread/INFO] [STDERR/]: [optifine.OptiFineTransformer:getOptiFineResourcePatched:414]: 	at TRANSFORMER/minecraft@1.20.1/net.minecraft.world.level.entity.EntitySectionStorage.m_156901_(EntitySectionStorage.java:112)
[30Jul2025 16:15:27.006] [Server thread/INFO] [STDERR/]: [optifine.OptiFineTransformer:getOptiFineResourcePatched:414]: 	at MC-BOOTSTRAP/it.unimi.dsi.fastutil@8.5.9/it.unimi.dsi.fastutil.longs.Long2ObjectOpenHashMap.computeIfAbsent(Long2ObjectOpenHashMap.java:448)
[30Jul2025 16:15:27.006] [Server thread/INFO] [STDERR/]: [optifine.OptiFineTransformer:getOptiFineResourcePatched:414]: 	at TRANSFORMER/minecraft@1.20.1/net.minecraft.world.level.entity.EntitySectionStorage.m_156893_(EntitySectionStorage.java:100)
[30Jul2025 16:15:27.006] [Server thread/INFO] [STDERR/]: [optifine.OptiFineTransformer:getOptiFineResourcePatched:414]: 	at TRANSFORMER/minecraft@1.20.1/net.minecraft.world.level.entity.PersistentEntitySectionManager.addEntityWithoutEvent(PersistentEntitySectionManager.java:88)
[30Jul2025 16:15:27.006] [Server thread/INFO] [STDERR/]: [optifine.OptiFineTransformer:getOptiFineResourcePatched:414]: 	at TRANSFORMER/minecraft@1.20.1/net.minecraft.world.level.entity.PersistentEntitySectionManager.m_157538_(PersistentEntitySectionManager.java:80)
[30Jul2025 16:15:27.006] [Server thread/INFO] [STDERR/]: [optifine.OptiFineTransformer:getOptiFineResourcePatched:414]: 	at TRANSFORMER/minecraft@1.20.1/net.minecraft.world.level.entity.PersistentEntitySectionManager.m_157592_(PersistentEntitySectionManager.java:260)
[30Jul2025 16:15:27.006] [Server thread/INFO] [STDERR/]: [optifine.OptiFineTransformer:getOptiFineResourcePatched:414]: 	at java.base/java.util.Collections$2.tryAdvance(Collections.java:4853)
[30Jul2025 16:15:27.007] [Server thread/INFO] [STDERR/]: [optifine.OptiFineTransformer:getOptiFineResourcePatched:414]: 	at java.base/java.util.Collections$2.forEachRemaining(Collections.java:4861)
[30Jul2025 16:15:27.007] [Server thread/INFO] [STDERR/]: [optifine.OptiFineTransformer:getOptiFineResourcePatched:414]: 	at java.base/java.util.stream.ReferencePipeline$Head.forEach(ReferencePipeline.java:762)
[30Jul2025 16:15:27.007] [Server thread/INFO] [STDERR/]: [optifine.OptiFineTransformer:getOptiFineResourcePatched:414]: 	at TRANSFORMER/minecraft@1.20.1/net.minecraft.world.level.entity.PersistentEntitySectionManager.m_157582_(PersistentEntitySectionManager.java:259)
[30Jul2025 16:15:27.007] [Server thread/INFO] [STDERR/]: [optifine.OptiFineTransformer:getOptiFineResourcePatched:414]: 	at TRANSFORMER/minecraft@1.20.1/net.minecraft.world.level.entity.PersistentEntitySectionManager.m_157506_(PersistentEntitySectionManager.java:269)
[30Jul2025 16:15:27.007] [Server thread/INFO] [STDERR/]: [optifine.OptiFineTransformer:getOptiFineResourcePatched:414]: 	at TRANSFORMER/minecraft@1.20.1/net.minecraft.server.level.ServerLevel.m_8793_(ServerLevel.java:355)
[30Jul2025 16:15:27.007] [Server thread/INFO] [STDERR/]: [optifine.OptiFineTransformer:getOptiFineResourcePatched:414]: 	at TRANSFORMER/minecraft@1.20.1/net.minecraft.server.MinecraftServer.m_5703_(MinecraftServer.java:893)
[30Jul2025 16:15:27.007] [Server thread/INFO] [STDERR/]: [optifine.OptiFineTransformer:getOptiFineResourcePatched:414]: 	at TRANSFORMER/minecraft@1.20.1/net.minecraft.server.dedicated.DedicatedServer.m_5703_(DedicatedServer.java:283)
[30Jul2025 16:15:27.008] [Server thread/INFO] [STDERR/]: [optifine.OptiFineTransformer:getOptiFineResourcePatched:414]: 	at TRANSFORMER/minecraft@1.20.1/net.minecraft.server.MinecraftServer.m_5705_(MinecraftServer.java:814)
[30Jul2025 16:15:27.008] [Server thread/INFO] [STDERR/]: [optifine.OptiFineTransformer:getOptiFineResourcePatched:414]: 	at TRANSFORMER/minecraft@1.20.1/net.minecraft.server.MinecraftServer.m_130011_(MinecraftServer.java:661)
[30Jul2025 16:15:27.008] [Server thread/INFO] [STDERR/]: [optifine.OptiFineTransformer:getOptiFineResourcePatched:414]: 	at TRANSFORMER/minecraft@1.20.1/net.minecraft.server.MinecraftServer.m_206580_(MinecraftServer.java:251)
[30Jul2025 16:15:27.008] [Server thread/INFO] [STDERR/]: [optifine.OptiFineTransformer:getOptiFineResourcePatched:414]: 	at java.base/java.lang.Thread.run(Thread.java:840)
[30Jul2025 16:15:27.011] [Server thread/INFO] [STDERR/]: [optifine.OptiFineTransformer:getOptiFineResourcePatched:414]: java.io.IOException: Base resource not found: ahr$b.class
[30Jul2025 16:15:27.011] [Server thread/INFO] [STDERR/]: [optifine.OptiFineTransformer:getOptiFineResourcePatched:414]: 	at LAYER SERVICE/optifine/optifine.Patcher.applyPatch(Patcher.java:146)
[30Jul2025 16:15:27.012] [Server thread/INFO] [STDERR/]: [optifine.OptiFineTransformer:getOptiFineResourcePatched:414]: 	at LAYER SERVICE/optifine/optifine.OptiFineTransformer.getOptiFineResourcePatched(OptiFineTransformer.java:396)
[30Jul2025 16:15:27.012] [Server thread/INFO] [STDERR/]: [optifine.OptiFineTransformer:getOptiFineResourcePatched:414]: 	at LAYER SERVICE/optifine/optifine.OptiFineTransformer.getOptiFineResourceStreamPatched(OptiFineTransformer.java:368)
[30Jul2025 16:15:27.012] [Server thread/INFO] [STDERR/]: [optifine.OptiFineTransformer:getOptiFineResourcePatched:414]: 	at LAYER SERVICE/optifine/optifine.OptiFineTransformer.getOptiFineResourceStream(OptiFineTransformer.java:291)
[30Jul2025 16:15:27.012] [Server thread/INFO] [STDERR/]: [optifine.OptiFineTransformer:getOptiFineResourcePatched:414]: 	at LAYER SERVICE/optifine/optifine.OptiFineTransformer.getOptiFineResource(OptiFineTransformer.java:260)
[30Jul2025 16:15:27.012] [Server thread/INFO] [STDERR/]: [optifine.OptiFineTransformer:getOptiFineResourcePatched:414]: 	at LAYER SERVICE/optifine/optifine.OptiFineTransformer.transform(OptiFineTransformer.java:171)
[30Jul2025 16:15:27.012] [Server thread/INFO] [STDERR/]: [optifine.OptiFineTransformer:getOptiFineResourcePatched:414]: 	at LAYER SERVICE/optifine/optifine.OptiFineTransformer.transform(OptiFineTransformer.java:1)
[30Jul2025 16:15:27.012] [Server thread/INFO] [STDERR/]: [optifine.OptiFineTransformer:getOptiFineResourcePatched:414]: 	at MC-BOOTSTRAP/cpw.mods.modlauncher@10.0.9/cpw.mods.modlauncher.TransformerHolder.transform(TransformerHolder.java:41)
[30Jul2025 16:15:27.013] [Server thread/INFO] [STDERR/]: [optifine.OptiFineTransformer:getOptiFineResourcePatched:414]: 	at MC-BOOTSTRAP/cpw.mods.modlauncher@10.0.9/cpw.mods.modlauncher.ClassTransformer.performVote(ClassTransformer.java:179)
[30Jul2025 16:15:27.013] [Server thread/INFO] [STDERR/]: [optifine.OptiFineTransformer:getOptiFineResourcePatched:414]: 	at MC-BOOTSTRAP/cpw.mods.modlauncher@10.0.9/cpw.mods.modlauncher.ClassTransformer.transform(ClassTransformer.java:98)
[30Jul2025 16:15:27.013] [Server thread/INFO] [STDERR/]: [optifine.OptiFineTransformer:getOptiFineResourcePatched:414]: 	at MC-BOOTSTRAP/cpw.mods.modlauncher@10.0.9/cpw.mods.modlauncher.TransformingClassLoader.maybeTransformClassBytes(TransformingClassLoader.java:50)
[30Jul2025 16:15:27.013] [Server thread/INFO] [STDERR/]: [optifine.OptiFineTransformer:getOptiFineResourcePatched:414]: 	at cpw.mods.securejarhandler/cpw.mods.cl.ModuleClassLoader.readerToClass(ModuleClassLoader.java:113)
[30Jul2025 16:15:27.013] [Server thread/INFO] [STDERR/]: [optifine.OptiFineTransformer:getOptiFineResourcePatched:414]: 	at cpw.mods.securejarhandler/cpw.mods.cl.ModuleClassLoader.lambda$findClass$15(ModuleClassLoader.java:219)
[30Jul2025 16:15:27.013] [Server thread/INFO] [STDERR/]: [optifine.OptiFineTransformer:getOptiFineResourcePatched:414]: 	at cpw.mods.securejarhandler/cpw.mods.cl.ModuleClassLoader.loadFromModule(ModuleClassLoader.java:229)
[30Jul2025 16:15:27.013] [Server thread/INFO] [STDERR/]: [optifine.OptiFineTransformer:getOptiFineResourcePatched:414]: 	at cpw.mods.securejarhandler/cpw.mods.cl.ModuleClassLoader.findClass(ModuleClassLoader.java:219)
[30Jul2025 16:15:27.014] [Server thread/INFO] [STDERR/]: [optifine.OptiFineTransformer:getOptiFineResourcePatched:414]: 	at cpw.mods.securejarhandler/cpw.mods.cl.ModuleClassLoader.loadClass(ModuleClassLoader.java:135)
[30Jul2025 16:15:27.014] [Server thread/INFO] [STDERR/]: [optifine.OptiFineTransformer:getOptiFineResourcePatched:414]: 	at java.base/java.lang.ClassLoader.loadClass(ClassLoader.java:525)
[30Jul2025 16:15:27.014] [Server thread/INFO] [STDERR/]: [optifine.OptiFineTransformer:getOptiFineResourcePatched:414]: 	at TRANSFORMER/minecraft@1.20.1/net.minecraft.server.level.ChunkMap.m_140199_(ChunkMap.java:1153)
[30Jul2025 16:15:27.014] [Server thread/INFO] [STDERR/]: [optifine.OptiFineTransformer:getOptiFineResourcePatched:414]: 	at TRANSFORMER/minecraft@1.20.1/net.minecraft.server.level.ServerChunkCache.m_8463_(ServerChunkCache.java:465)
[30Jul2025 16:15:27.014] [Server thread/INFO] [STDERR/]: [optifine.OptiFineTransformer:getOptiFineResourcePatched:414]: 	at TRANSFORMER/minecraft@1.20.1/net.minecraft.server.level.ServerLevel$EntityCallbacks.m_141985_(ServerLevel.java:1505)
[30Jul2025 16:15:27.014] [Server thread/INFO] [STDERR/]: [optifine.OptiFineTransformer:getOptiFineResourcePatched:414]: 	at TRANSFORMER/minecraft@1.20.1/net.minecraft.server.level.ServerLevel$EntityCallbacks.m_141985_(ServerLevel.java:1488)
[30Jul2025 16:15:27.014] [Server thread/INFO] [STDERR/]: [optifine.OptiFineTransformer:getOptiFineResourcePatched:414]: 	at TRANSFORMER/minecraft@1.20.1/net.minecraft.world.level.entity.PersistentEntitySectionManager.m_157575_(PersistentEntitySectionManager.java:136)
[30Jul2025 16:15:27.015] [Server thread/INFO] [STDERR/]: [optifine.OptiFineTransformer:getOptiFineResourcePatched:414]: 	at TRANSFORMER/minecraft@1.20.1/net.minecraft.world.level.entity.PersistentEntitySectionManager.addEntityWithoutEvent(PersistentEntitySectionManager.java:97)
[30Jul2025 16:15:27.015] [Server thread/INFO] [STDERR/]: [optifine.OptiFineTransformer:getOptiFineResourcePatched:414]: 	at TRANSFORMER/minecraft@1.20.1/net.minecraft.world.level.entity.PersistentEntitySectionManager.m_157538_(PersistentEntitySectionManager.java:80)
[30Jul2025 16:15:27.015] [Server thread/INFO] [STDERR/]: [optifine.OptiFineTransformer:getOptiFineResourcePatched:414]: 	at TRANSFORMER/minecraft@1.20.1/net.minecraft.world.level.entity.PersistentEntitySectionManager.m_157592_(PersistentEntitySectionManager.java:260)
[30Jul2025 16:15:27.015] [Server thread/INFO] [STDERR/]: [optifine.OptiFineTransformer:getOptiFineResourcePatched:414]: 	at java.base/java.util.Collections$2.tryAdvance(Collections.java:4853)
[30Jul2025 16:15:27.015] [Server thread/INFO] [STDERR/]: [optifine.OptiFineTransformer:getOptiFineResourcePatched:414]: 	at java.base/java.util.Collections$2.forEachRemaining(Collections.java:4861)
[30Jul2025 16:15:27.015] [Server thread/INFO] [STDERR/]: [optifine.OptiFineTransformer:getOptiFineResourcePatched:414]: 	at java.base/java.util.stream.ReferencePipeline$Head.forEach(ReferencePipeline.java:762)
[30Jul2025 16:15:27.016] [Server thread/INFO] [STDERR/]: [optifine.OptiFineTransformer:getOptiFineResourcePatched:414]: 	at TRANSFORMER/minecraft@1.20.1/net.minecraft.world.level.entity.PersistentEntitySectionManager.m_157582_(PersistentEntitySectionManager.java:259)
[30Jul2025 16:15:27.016] [Server thread/INFO] [STDERR/]: [optifine.OptiFineTransformer:getOptiFineResourcePatched:414]: 	at TRANSFORMER/minecraft@1.20.1/net.minecraft.world.level.entity.PersistentEntitySectionManager.m_157506_(PersistentEntitySectionManager.java:269)
[30Jul2025 16:15:27.016] [Server thread/INFO] [STDERR/]: [optifine.OptiFineTransformer:getOptiFineResourcePatched:414]: 	at TRANSFORMER/minecraft@1.20.1/net.minecraft.server.level.ServerLevel.m_8793_(ServerLevel.java:355)
[30Jul2025 16:15:27.016] [Server thread/INFO] [STDERR/]: [optifine.OptiFineTransformer:getOptiFineResourcePatched:414]: 	at TRANSFORMER/minecraft@1.20.1/net.minecraft.server.MinecraftServer.m_5703_(MinecraftServer.java:893)
[30Jul2025 16:15:27.016] [Server thread/INFO] [STDERR/]: [optifine.OptiFineTransformer:getOptiFineResourcePatched:414]: 	at TRANSFORMER/minecraft@1.20.1/net.minecraft.server.dedicated.DedicatedServer.m_5703_(DedicatedServer.java:283)
[30Jul2025 16:15:27.016] [Server thread/INFO] [STDERR/]: [optifine.OptiFineTransformer:getOptiFineResourcePatched:414]: 	at TRANSFORMER/minecraft@1.20.1/net.minecraft.server.MinecraftServer.m_5705_(MinecraftServer.java:814)
[30Jul2025 16:15:27.016] [Server thread/INFO] [STDERR/]: [optifine.OptiFineTransformer:getOptiFineResourcePatched:414]: 	at TRANSFORMER/minecraft@1.20.1/net.minecraft.server.MinecraftServer.m_130011_(MinecraftServer.java:661)
[30Jul2025 16:15:27.016] [Server thread/INFO] [STDERR/]: [optifine.OptiFineTransformer:getOptiFineResourcePatched:414]: 	at TRANSFORMER/minecraft@1.20.1/net.minecraft.server.MinecraftServer.m_206580_(MinecraftServer.java:251)
[30Jul2025 16:15:27.016] [Server thread/INFO] [STDERR/]: [optifine.OptiFineTransformer:getOptiFineResourcePatched:414]: 	at java.base/java.lang.Thread.run(Thread.java:840)
[30Jul2025 16:15:27.023] [Server thread/INFO] [STDERR/]: [optifine.OptiFineTransformer:getOptiFineResourcePatched:414]: java.io.IOException: Base resource not found: acb$b.class
[30Jul2025 16:15:27.023] [Server thread/INFO] [STDERR/]: [optifine.OptiFineTransformer:getOptiFineResourcePatched:414]: 	at LAYER SERVICE/optifine/optifine.Patcher.applyPatch(Patcher.java:146)
[30Jul2025 16:15:27.024] [Server thread/INFO] [STDERR/]: [optifine.OptiFineTransformer:getOptiFineResourcePatched:414]: 	at LAYER SERVICE/optifine/optifine.OptiFineTransformer.getOptiFineResourcePatched(OptiFineTransformer.java:396)
[30Jul2025 16:15:27.024] [Server thread/INFO] [STDERR/]: [optifine.OptiFineTransformer:getOptiFineResourcePatched:414]: 	at LAYER SERVICE/optifine/optifine.OptiFineTransformer.getOptiFineResourceStreamPatched(OptiFineTransformer.java:368)
[30Jul2025 16:15:27.024] [Server thread/INFO] [STDERR/]: [optifine.OptiFineTransformer:getOptiFineResourcePatched:414]: 	at LAYER SERVICE/optifine/optifine.OptiFineTransformer.getOptiFineResourceStream(OptiFineTransformer.java:291)
[30Jul2025 16:15:27.024] [Server thread/INFO] [STDERR/]: [optifine.OptiFineTransformer:getOptiFineResourcePatched:414]: 	at LAYER SERVICE/optifine/optifine.OptiFineTransformer.getOptiFineResource(OptiFineTransformer.java:260)
[30Jul2025 16:15:27.024] [Server thread/INFO] [STDERR/]: [optifine.OptiFineTransformer:getOptiFineResourcePatched:414]: 	at LAYER SERVICE/optifine/optifine.OptiFineTransformer.transform(OptiFineTransformer.java:171)
[30Jul2025 16:15:27.024] [Server thread/INFO] [STDERR/]: [optifine.OptiFineTransformer:getOptiFineResourcePatched:414]: 	at LAYER SERVICE/optifine/optifine.OptiFineTransformer.transform(OptiFineTransformer.java:1)
[30Jul2025 16:15:27.024] [Server thread/INFO] [STDERR/]: [optifine.OptiFineTransformer:getOptiFineResourcePatched:414]: 	at MC-BOOTSTRAP/cpw.mods.modlauncher@10.0.9/cpw.mods.modlauncher.TransformerHolder.transform(TransformerHolder.java:41)
[30Jul2025 16:15:27.024] [Server thread/INFO] [STDERR/]: [optifine.OptiFineTransformer:getOptiFineResourcePatched:414]: 	at MC-BOOTSTRAP/cpw.mods.modlauncher@10.0.9/cpw.mods.modlauncher.ClassTransformer.performVote(ClassTransformer.java:179)
[30Jul2025 16:15:27.025] [Server thread/INFO] [STDERR/]: [optifine.OptiFineTransformer:getOptiFineResourcePatched:414]: 	at MC-BOOTSTRAP/cpw.mods.modlauncher@10.0.9/cpw.mods.modlauncher.ClassTransformer.transform(ClassTransformer.java:98)
[30Jul2025 16:15:27.025] [Server thread/INFO] [STDERR/]: [optifine.OptiFineTransformer:getOptiFineResourcePatched:414]: 	at MC-BOOTSTRAP/cpw.mods.modlauncher@10.0.9/cpw.mods.modlauncher.TransformingClassLoader.maybeTransformClassBytes(TransformingClassLoader.java:50)
[30Jul2025 16:15:27.025] [Server thread/INFO] [STDERR/]: [optifine.OptiFineTransformer:getOptiFineResourcePatched:414]: 	at cpw.mods.securejarhandler/cpw.mods.cl.ModuleClassLoader.readerToClass(ModuleClassLoader.java:113)
[30Jul2025 16:15:27.025] [Server thread/INFO] [STDERR/]: [optifine.OptiFineTransformer:getOptiFineResourcePatched:414]: 	at cpw.mods.securejarhandler/cpw.mods.cl.ModuleClassLoader.lambda$findClass$15(ModuleClassLoader.java:219)
[30Jul2025 16:15:27.025] [Server thread/INFO] [STDERR/]: [optifine.OptiFineTransformer:getOptiFineResourcePatched:414]: 	at cpw.mods.securejarhandler/cpw.mods.cl.ModuleClassLoader.loadFromModule(ModuleClassLoader.java:229)
[30Jul2025 16:15:27.025] [Server thread/INFO] [STDERR/]: [optifine.OptiFineTransformer:getOptiFineResourcePatched:414]: 	at cpw.mods.securejarhandler/cpw.mods.cl.ModuleClassLoader.findClass(ModuleClassLoader.java:219)
[30Jul2025 16:15:27.025] [Server thread/INFO] [STDERR/]: [optifine.OptiFineTransformer:getOptiFineResourcePatched:414]: 	at cpw.mods.securejarhandler/cpw.mods.cl.ModuleClassLoader.loadClass(ModuleClassLoader.java:135)
[30Jul2025 16:15:27.025] [Server thread/INFO] [STDERR/]: [optifine.OptiFineTransformer:getOptiFineResourcePatched:414]: 	at java.base/java.lang.ClassLoader.loadClass(ClassLoader.java:525)
[30Jul2025 16:15:27.025] [Server thread/INFO] [STDERR/]: [optifine.OptiFineTransformer:getOptiFineResourcePatched:414]: 	at TRANSFORMER/minecraft@1.20.1/net.minecraft.network.syncher.SynchedEntityData$DataItem.m_253123_(SynchedEntityData.java:252)
[30Jul2025 16:15:27.026] [Server thread/INFO] [STDERR/]: [optifine.OptiFineTransformer:getOptiFineResourcePatched:414]: 	at TRANSFORMER/minecraft@1.20.1/net.minecraft.network.syncher.SynchedEntityData.m_252804_(SynchedEntityData.java:177)
[30Jul2025 16:15:27.026] [Server thread/INFO] [STDERR/]: [optifine.OptiFineTransformer:getOptiFineResourcePatched:414]: 	at TRANSFORMER/minecraft@1.20.1/net.minecraft.server.level.ServerEntity.<init>(ServerEntity.java:75)
[30Jul2025 16:15:27.026] [Server thread/INFO] [STDERR/]: [optifine.OptiFineTransformer:getOptiFineResourcePatched:414]: 	at TRANSFORMER/minecraft@1.20.1/net.minecraft.server.level.ChunkMap$TrackedEntity.<init>(ChunkMap.java:1338)
[30Jul2025 16:15:27.026] [Server thread/INFO] [STDERR/]: [optifine.OptiFineTransformer:getOptiFineResourcePatched:414]: 	at TRANSFORMER/minecraft@1.20.1/net.minecraft.server.level.ChunkMap.m_140199_(ChunkMap.java:1153)
[30Jul2025 16:15:27.026] [Server thread/INFO] [STDERR/]: [optifine.OptiFineTransformer:getOptiFineResourcePatched:414]: 	at TRANSFORMER/minecraft@1.20.1/net.minecraft.server.level.ServerChunkCache.m_8463_(ServerChunkCache.java:465)
[30Jul2025 16:15:27.027] [Server thread/INFO] [STDERR/]: [optifine.OptiFineTransformer:getOptiFineResourcePatched:414]: 	at TRANSFORMER/minecraft@1.20.1/net.minecraft.server.level.ServerLevel$EntityCallbacks.m_141985_(ServerLevel.java:1505)
[30Jul2025 16:15:27.027] [Server thread/INFO] [STDERR/]: [optifine.OptiFineTransformer:getOptiFineResourcePatched:414]: 	at TRANSFORMER/minecraft@1.20.1/net.minecraft.server.level.ServerLevel$EntityCallbacks.m_141985_(ServerLevel.java:1488)
[30Jul2025 16:15:27.027] [Server thread/INFO] [STDERR/]: [optifine.OptiFineTransformer:getOptiFineResourcePatched:414]: 	at TRANSFORMER/minecraft@1.20.1/net.minecraft.world.level.entity.PersistentEntitySectionManager.m_157575_(PersistentEntitySectionManager.java:136)
[30Jul2025 16:15:27.027] [Server thread/INFO] [STDERR/]: [optifine.OptiFineTransformer:getOptiFineResourcePatched:414]: 	at TRANSFORMER/minecraft@1.20.1/net.minecraft.world.level.entity.PersistentEntitySectionManager.addEntityWithoutEvent(PersistentEntitySectionManager.java:97)
[30Jul2025 16:15:27.027] [Server thread/INFO] [STDERR/]: [optifine.OptiFineTransformer:getOptiFineResourcePatched:414]: 	at TRANSFORMER/minecraft@1.20.1/net.minecraft.world.level.entity.PersistentEntitySectionManager.m_157538_(PersistentEntitySectionManager.java:80)
[30Jul2025 16:15:27.027] [Server thread/INFO] [STDERR/]: [optifine.OptiFineTransformer:getOptiFineResourcePatched:414]: 	at TRANSFORMER/minecraft@1.20.1/net.minecraft.world.level.entity.PersistentEntitySectionManager.m_157592_(PersistentEntitySectionManager.java:260)
[30Jul2025 16:15:27.028] [Server thread/INFO] [STDERR/]: [optifine.OptiFineTransformer:getOptiFineResourcePatched:414]: 	at java.base/java.util.Spliterators$ArraySpliterator.forEachRemaining(Spliterators.java:992)
[30Jul2025 16:15:27.028] [Server thread/INFO] [STDERR/]: [optifine.OptiFineTransformer:getOptiFineResourcePatched:414]: 	at java.base/java.util.stream.ReferencePipeline$Head.forEach(ReferencePipeline.java:762)
[30Jul2025 16:15:27.028] [Server thread/INFO] [STDERR/]: [optifine.OptiFineTransformer:getOptiFineResourcePatched:414]: 	at TRANSFORMER/minecraft@1.20.1/net.minecraft.world.level.entity.PersistentEntitySectionManager.m_157582_(PersistentEntitySectionManager.java:259)
[30Jul2025 16:15:27.028] [Server thread/INFO] [STDERR/]: [optifine.OptiFineTransformer:getOptiFineResourcePatched:414]: 	at TRANSFORMER/minecraft@1.20.1/net.minecraft.world.level.entity.PersistentEntitySectionManager.m_157506_(PersistentEntitySectionManager.java:269)
[30Jul2025 16:15:27.028] [Server thread/INFO] [STDERR/]: [optifine.OptiFineTransformer:getOptiFineResourcePatched:414]: 	at TRANSFORMER/minecraft@1.20.1/net.minecraft.server.level.ServerLevel.m_8793_(ServerLevel.java:355)
[30Jul2025 16:15:27.028] [Server thread/INFO] [STDERR/]: [optifine.OptiFineTransformer:getOptiFineResourcePatched:414]: 	at TRANSFORMER/minecraft@1.20.1/net.minecraft.server.MinecraftServer.m_5703_(MinecraftServer.java:893)
[30Jul2025 16:15:27.029] [Server thread/INFO] [STDERR/]: [optifine.OptiFineTransformer:getOptiFineResourcePatched:414]: 	at TRANSFORMER/minecraft@1.20.1/net.minecraft.server.dedicated.DedicatedServer.m_5703_(DedicatedServer.java:283)
[30Jul2025 16:15:27.029] [Server thread/INFO] [STDERR/]: [optifine.OptiFineTransformer:getOptiFineResourcePatched:414]: 	at TRANSFORMER/minecraft@1.20.1/net.minecraft.server.MinecraftServer.m_5705_(MinecraftServer.java:814)
[30Jul2025 16:15:27.029] [Server thread/INFO] [STDERR/]: [optifine.OptiFineTransformer:getOptiFineResourcePatched:414]: 	at TRANSFORMER/minecraft@1.20.1/net.minecraft.server.MinecraftServer.m_130011_(MinecraftServer.java:661)
[30Jul2025 16:15:27.029] [Server thread/INFO] [STDERR/]: [optifine.OptiFineTransformer:getOptiFineResourcePatched:414]: 	at TRANSFORMER/minecraft@1.20.1/net.minecraft.server.MinecraftServer.m_206580_(MinecraftServer.java:251)
[30Jul2025 16:15:27.029] [Server thread/INFO] [STDERR/]: [optifine.OptiFineTransformer:getOptiFineResourcePatched:414]: 	at java.base/java.lang.Thread.run(Thread.java:840)
[30Jul2025 16:15:37.596] [Server thread/INFO] [net.minecraft.server.players.PlayerList/]: ICCCeee[/127.125.75.194:38021] logged in with entity id 241 at (8.5, 90.0, -9.5)
[30Jul2025 16:15:37.633] [Server thread/INFO] [ModernFix/]: Using enhanced recipe sync for player ICCCeee
[30Jul2025 16:15:37.668] [Server thread/INFO] [net.minecraft.server.MinecraftServer/]: ICCCeee joined the game
[30Jul2025 16:15:37.807] [Server thread/INFO] [Jade/]: Syncing config to ICCCeee (2c4b5a4a-1030-3cc6-bbf6-cc08ce9b3f24)
[30Jul2025 16:15:37.908] [Server thread/INFO] [com.alrex.parcool.ParCool/]: Limitation of 2c4b5a4a-1030-3cc6-bbf6-cc08ce9b3f24 was loaded
[30Jul2025 16:15:37.908] [Netty Epoll Server IO #1/INFO] [STDERR/]: [optifine.OptiFineTransformer:getOptiFineResourcePatched:414]: java.io.IOException: Base resource not found: uq.class
[30Jul2025 16:15:37.909] [Server thread/INFO] [com.alrex.parcool.ParCool/]: Sent Server Limitation of [ICCCeee]
[30Jul2025 16:15:37.909] [Netty Epoll Server IO #1/INFO] [STDERR/]: [optifine.OptiFineTransformer:getOptiFineResourcePatched:414]: 	at LAYER SERVICE/optifine/optifine.Patcher.applyPatch(Patcher.java:146)
[30Jul2025 16:15:37.909] [Server thread/INFO] [com.alrex.parcool.ParCool/]: Received Client Information of [ICCCeee]
[30Jul2025 16:15:37.909] [Netty Epoll Server IO #1/INFO] [STDERR/]: [optifine.OptiFineTransformer:getOptiFineResourcePatched:414]: 	at LAYER SERVICE/optifine/optifine.OptiFineTransformer.getOptiFineResourcePatched(OptiFineTransformer.java:396)
[30Jul2025 16:15:37.910] [Netty Epoll Server IO #1/INFO] [STDERR/]: [optifine.OptiFineTransformer:getOptiFineResourcePatched:414]: 	at LAYER SERVICE/optifine/optifine.OptiFineTransformer.getOptiFineResourceStreamPatched(OptiFineTransformer.java:368)
[30Jul2025 16:15:37.910] [Netty Epoll Server IO #1/INFO] [STDERR/]: [optifine.OptiFineTransformer:getOptiFineResourcePatched:414]: 	at LAYER SERVICE/optifine/optifine.OptiFineTransformer.getOptiFineResourceStream(OptiFineTransformer.java:291)
[30Jul2025 16:15:37.911] [Netty Epoll Server IO #1/INFO] [STDERR/]: [optifine.OptiFineTransformer:getOptiFineResourcePatched:414]: 	at LAYER SERVICE/optifine/optifine.OptiFineTransformer.getOptiFineResource(OptiFineTransformer.java:260)
[30Jul2025 16:15:37.911] [Netty Epoll Server IO #1/INFO] [STDERR/]: [optifine.OptiFineTransformer:getOptiFineResourcePatched:414]: 	at LAYER SERVICE/optifine/optifine.OptiFineTransformer.transform(OptiFineTransformer.java:171)
[30Jul2025 16:15:37.911] [Netty Epoll Server IO #1/INFO] [STDERR/]: [optifine.OptiFineTransformer:getOptiFineResourcePatched:414]: 	at LAYER SERVICE/optifine/optifine.OptiFineTransformer.transform(OptiFineTransformer.java:1)
[30Jul2025 16:15:37.911] [Netty Epoll Server IO #1/INFO] [STDERR/]: [optifine.OptiFineTransformer:getOptiFineResourcePatched:414]: 	at MC-BOOTSTRAP/cpw.mods.modlauncher@10.0.9/cpw.mods.modlauncher.TransformerHolder.transform(TransformerHolder.java:41)
[30Jul2025 16:15:37.911] [Netty Epoll Server IO #1/INFO] [STDERR/]: [optifine.OptiFineTransformer:getOptiFineResourcePatched:414]: 	at MC-BOOTSTRAP/cpw.mods.modlauncher@10.0.9/cpw.mods.modlauncher.ClassTransformer.performVote(ClassTransformer.java:179)
[30Jul2025 16:15:37.912] [Netty Epoll Server IO #1/INFO] [STDERR/]: [optifine.OptiFineTransformer:getOptiFineResourcePatched:414]: 	at MC-BOOTSTRAP/cpw.mods.modlauncher@10.0.9/cpw.mods.modlauncher.ClassTransformer.transform(ClassTransformer.java:98)
[30Jul2025 16:15:37.912] [Netty Epoll Server IO #1/INFO] [STDERR/]: [optifine.OptiFineTransformer:getOptiFineResourcePatched:414]: 	at MC-BOOTSTRAP/cpw.mods.modlauncher@10.0.9/cpw.mods.modlauncher.TransformingClassLoader.maybeTransformClassBytes(TransformingClassLoader.java:50)
[30Jul2025 16:15:37.912] [Netty Epoll Server IO #1/INFO] [STDERR/]: [optifine.OptiFineTransformer:getOptiFineResourcePatched:414]: 	at cpw.mods.securejarhandler/cpw.mods.cl.ModuleClassLoader.readerToClass(ModuleClassLoader.java:113)
[30Jul2025 16:15:37.912] [Netty Epoll Server IO #1/INFO] [STDERR/]: [optifine.OptiFineTransformer:getOptiFineResourcePatched:414]: 	at cpw.mods.securejarhandler/cpw.mods.cl.ModuleClassLoader.lambda$findClass$15(ModuleClassLoader.java:219)
[30Jul2025 16:15:37.912] [Netty Epoll Server IO #1/INFO] [STDERR/]: [optifine.OptiFineTransformer:getOptiFineResourcePatched:414]: 	at cpw.mods.securejarhandler/cpw.mods.cl.ModuleClassLoader.loadFromModule(ModuleClassLoader.java:229)
[30Jul2025 16:15:37.912] [Netty Epoll Server IO #1/INFO] [STDERR/]: [optifine.OptiFineTransformer:getOptiFineResourcePatched:414]: 	at cpw.mods.securejarhandler/cpw.mods.cl.ModuleClassLoader.findClass(ModuleClassLoader.java:219)
[30Jul2025 16:15:37.913] [Netty Epoll Server IO #1/INFO] [STDERR/]: [optifine.OptiFineTransformer:getOptiFineResourcePatched:414]: 	at cpw.mods.securejarhandler/cpw.mods.cl.ModuleClassLoader.loadClass(ModuleClassLoader.java:135)
[30Jul2025 16:15:37.913] [Netty Epoll Server IO #1/INFO] [STDERR/]: [optifine.OptiFineTransformer:getOptiFineResourcePatched:414]: 	at java.base/java.lang.ClassLoader.loadClass(ClassLoader.java:525)
[30Jul2025 16:15:37.913] [Netty Epoll Server IO #1/INFO] [STDERR/]: [optifine.OptiFineTransformer:getOptiFineResourcePatched:414]: 	at TRANSFORMER/minecraft@1.20.1/net.minecraft.server.network.ServerGamePacketListenerImpl.m_5617_(ServerGamePacketListenerImpl.java:1670)
[30Jul2025 16:15:37.913] [Netty Epoll Server IO #1/INFO] [STDERR/]: [optifine.OptiFineTransformer:getOptiFineResourcePatched:414]: 	at TRANSFORMER/minecraft@1.20.1/net.minecraft.network.protocol.game.ServerboundClientInformationPacket.m_5797_(ServerboundClientInformationPacket.java:48)
[30Jul2025 16:15:37.913] [Netty Epoll Server IO #1/INFO] [STDERR/]: [optifine.OptiFineTransformer:getOptiFineResourcePatched:414]: 	at TRANSFORMER/minecraft@1.20.1/net.minecraft.network.protocol.game.ServerboundClientInformationPacket.m_5797_(ServerboundClientInformationPacket.java:8)
[30Jul2025 16:15:37.913] [Netty Epoll Server IO #1/INFO] [STDERR/]: [optifine.OptiFineTransformer:getOptiFineResourcePatched:414]: 	at TRANSFORMER/minecraft@1.20.1/net.minecraft.network.Connection.m_129517_(Connection.java:174)
[30Jul2025 16:15:37.914] [Netty Epoll Server IO #1/INFO] [STDERR/]: [optifine.OptiFineTransformer:getOptiFineResourcePatched:414]: 	at TRANSFORMER/minecraft@1.20.1/net.minecraft.network.Connection.channelRead0(Connection.java:159)
[30Jul2025 16:15:37.914] [Netty Epoll Server IO #1/INFO] [STDERR/]: [optifine.OptiFineTransformer:getOptiFineResourcePatched:414]: 	at TRANSFORMER/minecraft@1.20.1/net.minecraft.network.Connection.channelRead0(Connection.java:50)
[30Jul2025 16:15:37.914] [Netty Epoll Server IO #1/INFO] [STDERR/]: [optifine.OptiFineTransformer:getOptiFineResourcePatched:414]: 	at MC-BOOTSTRAP/io.netty.transport@4.1.82.Final/io.netty.channel.SimpleChannelInboundHandler.channelRead(SimpleChannelInboundHandler.java:99)
[30Jul2025 16:15:37.914] [Netty Epoll Server IO #1/INFO] [STDERR/]: [optifine.OptiFineTransformer:getOptiFineResourcePatched:414]: 	at MC-BOOTSTRAP/io.netty.transport@4.1.82.Final/io.netty.channel.AbstractChannelHandlerContext.invokeChannelRead(AbstractChannelHandlerContext.java:379)
[30Jul2025 16:15:37.914] [Netty Epoll Server IO #1/INFO] [STDERR/]: [optifine.OptiFineTransformer:getOptiFineResourcePatched:414]: 	at MC-BOOTSTRAP/io.netty.transport@4.1.82.Final/io.netty.channel.AbstractChannelHandlerContext.invokeChannelRead(AbstractChannelHandlerContext.java:365)
[30Jul2025 16:15:37.915] [Netty Epoll Server IO #1/INFO] [STDERR/]: [optifine.OptiFineTransformer:getOptiFineResourcePatched:414]: 	at MC-BOOTSTRAP/io.netty.transport@4.1.82.Final/io.netty.channel.AbstractChannelHandlerContext.fireChannelRead(AbstractChannelHandlerContext.java:357)
[30Jul2025 16:15:37.915] [Netty Epoll Server IO #1/INFO] [STDERR/]: [optifine.OptiFineTransformer:getOptiFineResourcePatched:414]: 	at MC-BOOTSTRAP/io.netty.codec@4.1.82.Final/io.netty.handler.codec.MessageToMessageDecoder.channelRead(MessageToMessageDecoder.java:103)
[30Jul2025 16:15:37.915] [Netty Epoll Server IO #1/INFO] [STDERR/]: [optifine.OptiFineTransformer:getOptiFineResourcePatched:414]: 	at MC-BOOTSTRAP/io.netty.transport@4.1.82.Final/io.netty.channel.AbstractChannelHandlerContext.invokeChannelRead(AbstractChannelHandlerContext.java:379)
[30Jul2025 16:15:37.915] [Netty Epoll Server IO #1/INFO] [STDERR/]: [optifine.OptiFineTransformer:getOptiFineResourcePatched:414]: 	at MC-BOOTSTRAP/io.netty.transport@4.1.82.Final/io.netty.channel.AbstractChannelHandlerContext.invokeChannelRead(AbstractChannelHandlerContext.java:365)
[30Jul2025 16:15:37.915] [Netty Epoll Server IO #1/INFO] [STDERR/]: [optifine.OptiFineTransformer:getOptiFineResourcePatched:414]: 	at MC-BOOTSTRAP/io.netty.transport@4.1.82.Final/io.netty.channel.AbstractChannelHandlerContext.fireChannelRead(AbstractChannelHandlerContext.java:357)
[30Jul2025 16:15:37.916] [Netty Epoll Server IO #1/INFO] [STDERR/]: [optifine.OptiFineTransformer:getOptiFineResourcePatched:414]: 	at MC-BOOTSTRAP/io.netty.codec@4.1.82.Final/io.netty.handler.codec.ByteToMessageDecoder.fireChannelRead(ByteToMessageDecoder.java:336)
[30Jul2025 16:15:37.916] [Netty Epoll Server IO #1/INFO] [STDERR/]: [optifine.OptiFineTransformer:getOptiFineResourcePatched:414]: 	at MC-BOOTSTRAP/io.netty.codec@4.1.82.Final/io.netty.handler.codec.ByteToMessageDecoder.channelRead(ByteToMessageDecoder.java:308)
[30Jul2025 16:15:37.916] [Netty Epoll Server IO #1/INFO] [STDERR/]: [optifine.OptiFineTransformer:getOptiFineResourcePatched:414]: 	at MC-BOOTSTRAP/io.netty.transport@4.1.82.Final/io.netty.channel.AbstractChannelHandlerContext.invokeChannelRead(AbstractChannelHandlerContext.java:379)
[30Jul2025 16:15:37.916] [Netty Epoll Server IO #1/INFO] [STDERR/]: [optifine.OptiFineTransformer:getOptiFineResourcePatched:414]: 	at MC-BOOTSTRAP/io.netty.transport@4.1.82.Final/io.netty.channel.AbstractChannelHandlerContext.invokeChannelRead(AbstractChannelHandlerContext.java:365)
[30Jul2025 16:15:37.916] [Netty Epoll Server IO #1/INFO] [STDERR/]: [optifine.OptiFineTransformer:getOptiFineResourcePatched:414]: 	at MC-BOOTSTRAP/io.netty.transport@4.1.82.Final/io.netty.channel.AbstractChannelHandlerContext.fireChannelRead(AbstractChannelHandlerContext.java:357)
[30Jul2025 16:15:37.916] [Netty Epoll Server IO #1/INFO] [STDERR/]: [optifine.OptiFineTransformer:getOptiFineResourcePatched:414]: 	at MC-BOOTSTRAP/io.netty.codec@4.1.82.Final/io.netty.handler.codec.ByteToMessageDecoder.fireChannelRead(ByteToMessageDecoder.java:336)
[30Jul2025 16:15:37.917] [Netty Epoll Server IO #1/INFO] [STDERR/]: [optifine.OptiFineTransformer:getOptiFineResourcePatched:414]: 	at MC-BOOTSTRAP/io.netty.codec@4.1.82.Final/io.netty.handler.codec.ByteToMessageDecoder.channelRead(ByteToMessageDecoder.java:308)
[30Jul2025 16:15:37.917] [Netty Epoll Server IO #1/INFO] [STDERR/]: [optifine.OptiFineTransformer:getOptiFineResourcePatched:414]: 	at MC-BOOTSTRAP/io.netty.transport@4.1.82.Final/io.netty.channel.AbstractChannelHandlerContext.invokeChannelRead(AbstractChannelHandlerContext.java:379)
[30Jul2025 16:15:37.917] [Netty Epoll Server IO #1/INFO] [STDERR/]: [optifine.OptiFineTransformer:getOptiFineResourcePatched:414]: 	at MC-BOOTSTRAP/io.netty.transport@4.1.82.Final/io.netty.channel.AbstractChannelHandlerContext.invokeChannelRead(AbstractChannelHandlerContext.java:365)
[30Jul2025 16:15:37.917] [Netty Epoll Server IO #1/INFO] [STDERR/]: [optifine.OptiFineTransformer:getOptiFineResourcePatched:414]: 	at MC-BOOTSTRAP/io.netty.transport@4.1.82.Final/io.netty.channel.AbstractChannelHandlerContext.fireChannelRead(AbstractChannelHandlerContext.java:357)
[30Jul2025 16:15:37.917] [Netty Epoll Server IO #1/INFO] [STDERR/]: [optifine.OptiFineTransformer:getOptiFineResourcePatched:414]: 	at MC-BOOTSTRAP/io.netty.codec@4.1.82.Final/io.netty.handler.codec.ByteToMessageDecoder.fireChannelRead(ByteToMessageDecoder.java:336)
[30Jul2025 16:15:37.917] [Netty Epoll Server IO #1/INFO] [STDERR/]: [optifine.OptiFineTransformer:getOptiFineResourcePatched:414]: 	at MC-BOOTSTRAP/io.netty.codec@4.1.82.Final/io.netty.handler.codec.ByteToMessageDecoder.fireChannelRead(ByteToMessageDecoder.java:323)
[30Jul2025 16:15:37.918] [Netty Epoll Server IO #1/INFO] [STDERR/]: [optifine.OptiFineTransformer:getOptiFineResourcePatched:414]: 	at MC-BOOTSTRAP/io.netty.codec@4.1.82.Final/io.netty.handler.codec.ByteToMessageDecoder.callDecode(ByteToMessageDecoder.java:444)
[30Jul2025 16:15:37.918] [Netty Epoll Server IO #1/INFO] [STDERR/]: [optifine.OptiFineTransformer:getOptiFineResourcePatched:414]: 	at MC-BOOTSTRAP/io.netty.codec@4.1.82.Final/io.netty.handler.codec.ByteToMessageDecoder.channelRead(ByteToMessageDecoder.java:280)
[30Jul2025 16:15:37.918] [Netty Epoll Server IO #1/INFO] [STDERR/]: [optifine.OptiFineTransformer:getOptiFineResourcePatched:414]: 	at MC-BOOTSTRAP/io.netty.transport@4.1.82.Final/io.netty.channel.AbstractChannelHandlerContext.invokeChannelRead(AbstractChannelHandlerContext.java:379)
[30Jul2025 16:15:37.918] [Netty Epoll Server IO #1/INFO] [STDERR/]: [optifine.OptiFineTransformer:getOptiFineResourcePatched:414]: 	at MC-BOOTSTRAP/io.netty.transport@4.1.82.Final/io.netty.channel.AbstractChannelHandlerContext.invokeChannelRead(AbstractChannelHandlerContext.java:365)
[30Jul2025 16:15:37.918] [Netty Epoll Server IO #1/INFO] [STDERR/]: [optifine.OptiFineTransformer:getOptiFineResourcePatched:414]: 	at MC-BOOTSTRAP/io.netty.transport@4.1.82.Final/io.netty.channel.AbstractChannelHandlerContext.fireChannelRead(AbstractChannelHandlerContext.java:357)
[30Jul2025 16:15:37.918] [Netty Epoll Server IO #1/INFO] [STDERR/]: [optifine.OptiFineTransformer:getOptiFineResourcePatched:414]: 	at MC-BOOTSTRAP/io.netty.handler@4.1.82.Final/io.netty.handler.timeout.IdleStateHandler.channelRead(IdleStateHandler.java:286)
[30Jul2025 16:15:37.919] [Netty Epoll Server IO #1/INFO] [STDERR/]: [optifine.OptiFineTransformer:getOptiFineResourcePatched:414]: 	at MC-BOOTSTRAP/io.netty.transport@4.1.82.Final/io.netty.channel.AbstractChannelHandlerContext.invokeChannelRead(AbstractChannelHandlerContext.java:379)
[30Jul2025 16:15:37.919] [Netty Epoll Server IO #1/INFO] [STDERR/]: [optifine.OptiFineTransformer:getOptiFineResourcePatched:414]: 	at MC-BOOTSTRAP/io.netty.transport@4.1.82.Final/io.netty.channel.AbstractChannelHandlerContext.invokeChannelRead(AbstractChannelHandlerContext.java:365)
[30Jul2025 16:15:37.919] [Netty Epoll Server IO #1/INFO] [STDERR/]: [optifine.OptiFineTransformer:getOptiFineResourcePatched:414]: 	at MC-BOOTSTRAP/io.netty.transport@4.1.82.Final/io.netty.channel.AbstractChannelHandlerContext.fireChannelRead(AbstractChannelHandlerContext.java:357)
[30Jul2025 16:15:37.919] [Netty Epoll Server IO #1/INFO] [STDERR/]: [optifine.OptiFineTransformer:getOptiFineResourcePatched:414]: 	at MC-BOOTSTRAP/io.netty.transport@4.1.82.Final/io.netty.channel.DefaultChannelPipeline$HeadContext.channelRead(DefaultChannelPipeline.java:1410)
[30Jul2025 16:15:37.919] [Netty Epoll Server IO #1/INFO] [STDERR/]: [optifine.OptiFineTransformer:getOptiFineResourcePatched:414]: 	at MC-BOOTSTRAP/io.netty.transport@4.1.82.Final/io.netty.channel.AbstractChannelHandlerContext.invokeChannelRead(AbstractChannelHandlerContext.java:379)
[30Jul2025 16:15:37.920] [Netty Epoll Server IO #1/INFO] [STDERR/]: [optifine.OptiFineTransformer:getOptiFineResourcePatched:414]: 	at MC-BOOTSTRAP/io.netty.transport@4.1.82.Final/io.netty.channel.AbstractChannelHandlerContext.invokeChannelRead(AbstractChannelHandlerContext.java:365)
[30Jul2025 16:15:37.920] [Netty Epoll Server IO #1/INFO] [STDERR/]: [optifine.OptiFineTransformer:getOptiFineResourcePatched:414]: 	at MC-BOOTSTRAP/io.netty.transport@4.1.82.Final/io.netty.channel.DefaultChannelPipeline.fireChannelRead(DefaultChannelPipeline.java:919)
[30Jul2025 16:15:37.920] [Netty Epoll Server IO #1/INFO] [STDERR/]: [optifine.OptiFineTransformer:getOptiFineResourcePatched:414]: 	at MC-BOOTSTRAP/io.netty.transport.classes.epoll@4.1.82.Final/io.netty.channel.epoll.AbstractEpollStreamChannel$EpollStreamUnsafe.epollInReady(AbstractEpollStreamChannel.java:800)
[30Jul2025 16:15:37.921] [Netty Epoll Server IO #1/INFO] [STDERR/]: [optifine.OptiFineTransformer:getOptiFineResourcePatched:414]: 	at MC-BOOTSTRAP/io.netty.transport.classes.epoll@4.1.82.Final/io.netty.channel.epoll.EpollEventLoop.processReady(EpollEventLoop.java:499)
[30Jul2025 16:15:37.921] [Netty Epoll Server IO #1/INFO] [STDERR/]: [optifine.OptiFineTransformer:getOptiFineResourcePatched:414]: 	at MC-BOOTSTRAP/io.netty.transport.classes.epoll@4.1.82.Final/io.netty.channel.epoll.EpollEventLoop.run(EpollEventLoop.java:397)
[30Jul2025 16:15:37.922] [Netty Epoll Server IO #1/INFO] [STDERR/]: [optifine.OptiFineTransformer:getOptiFineResourcePatched:414]: 	at MC-BOOTSTRAP/io.netty.common@4.1.82.Final/io.netty.util.concurrent.SingleThreadEventExecutor$4.run(SingleThreadEventExecutor.java:997)
[30Jul2025 16:15:37.922] [Netty Epoll Server IO #1/INFO] [STDERR/]: [optifine.OptiFineTransformer:getOptiFineResourcePatched:414]: 	at MC-BOOTSTRAP/io.netty.common@4.1.82.Final/io.netty.util.internal.ThreadExecutorMap$2.run(ThreadExecutorMap.java:74)
[30Jul2025 16:15:37.922] [Netty Epoll Server IO #1/INFO] [STDERR/]: [optifine.OptiFineTransformer:getOptiFineResourcePatched:414]: 	at java.base/java.lang.Thread.run(Thread.java:840)
[30Jul2025 16:15:43.379] [Server thread/INFO] [net.minecraft.server.MinecraftServer/]: [ICCCeee: Set own game mode to Creative Mode]
[30Jul2025 16:15:53.984] [Server thread/INFO] [STDERR/]: [optifine.OptiFineTransformer:getOptiFineResourcePatched:414]: java.io.IOException: Base resource not found: ahr$2.class
[30Jul2025 16:15:53.985] [Server thread/INFO] [STDERR/]: [optifine.OptiFineTransformer:getOptiFineResourcePatched:414]: 	at LAYER SERVICE/optifine/optifine.Patcher.applyPatch(Patcher.java:146)
[30Jul2025 16:15:53.985] [Server thread/INFO] [STDERR/]: [optifine.OptiFineTransformer:getOptiFineResourcePatched:414]: 	at LAYER SERVICE/optifine/optifine.OptiFineTransformer.getOptiFineResourcePatched(OptiFineTransformer.java:396)
[30Jul2025 16:15:53.985] [Server thread/INFO] [STDERR/]: [optifine.OptiFineTransformer:getOptiFineResourcePatched:414]: 	at LAYER SERVICE/optifine/optifine.OptiFineTransformer.getOptiFineResourceStreamPatched(OptiFineTransformer.java:368)
[30Jul2025 16:15:53.985] [Server thread/INFO] [STDERR/]: [optifine.OptiFineTransformer:getOptiFineResourcePatched:414]: 	at LAYER SERVICE/optifine/optifine.OptiFineTransformer.getOptiFineResourceStream(OptiFineTransformer.java:291)
[30Jul2025 16:15:53.985] [Server thread/INFO] [STDERR/]: [optifine.OptiFineTransformer:getOptiFineResourcePatched:414]: 	at LAYER SERVICE/optifine/optifine.OptiFineTransformer.getOptiFineResource(OptiFineTransformer.java:260)
[30Jul2025 16:15:53.985] [Server thread/INFO] [STDERR/]: [optifine.OptiFineTransformer:getOptiFineResourcePatched:414]: 	at LAYER SERVICE/optifine/optifine.OptiFineTransformer.transform(OptiFineTransformer.java:171)
[30Jul2025 16:15:53.985] [Server thread/INFO] [STDERR/]: [optifine.OptiFineTransformer:getOptiFineResourcePatched:414]: 	at LAYER SERVICE/optifine/optifine.OptiFineTransformer.transform(OptiFineTransformer.java:1)
[30Jul2025 16:15:53.986] [Server thread/INFO] [STDERR/]: [optifine.OptiFineTransformer:getOptiFineResourcePatched:414]: 	at MC-BOOTSTRAP/cpw.mods.modlauncher@10.0.9/cpw.mods.modlauncher.TransformerHolder.transform(TransformerHolder.java:41)
[30Jul2025 16:15:53.986] [Server thread/INFO] [STDERR/]: [optifine.OptiFineTransformer:getOptiFineResourcePatched:414]: 	at MC-BOOTSTRAP/cpw.mods.modlauncher@10.0.9/cpw.mods.modlauncher.ClassTransformer.performVote(ClassTransformer.java:179)
[30Jul2025 16:15:53.986] [Server thread/INFO] [STDERR/]: [optifine.OptiFineTransformer:getOptiFineResourcePatched:414]: 	at MC-BOOTSTRAP/cpw.mods.modlauncher@10.0.9/cpw.mods.modlauncher.ClassTransformer.transform(ClassTransformer.java:98)
[30Jul2025 16:15:53.986] [Server thread/INFO] [STDERR/]: [optifine.OptiFineTransformer:getOptiFineResourcePatched:414]: 	at MC-BOOTSTRAP/cpw.mods.modlauncher@10.0.9/cpw.mods.modlauncher.TransformingClassLoader.maybeTransformClassBytes(TransformingClassLoader.java:50)
[30Jul2025 16:15:53.986] [Server thread/INFO] [STDERR/]: [optifine.OptiFineTransformer:getOptiFineResourcePatched:414]: 	at cpw.mods.securejarhandler/cpw.mods.cl.ModuleClassLoader.readerToClass(ModuleClassLoader.java:113)
[30Jul2025 16:15:53.986] [Server thread/INFO] [STDERR/]: [optifine.OptiFineTransformer:getOptiFineResourcePatched:414]: 	at cpw.mods.securejarhandler/cpw.mods.cl.ModuleClassLoader.lambda$findClass$15(ModuleClassLoader.java:219)
[30Jul2025 16:15:53.986] [Server thread/INFO] [STDERR/]: [optifine.OptiFineTransformer:getOptiFineResourcePatched:414]: 	at cpw.mods.securejarhandler/cpw.mods.cl.ModuleClassLoader.loadFromModule(ModuleClassLoader.java:229)
[30Jul2025 16:15:53.987] [Server thread/INFO] [STDERR/]: [optifine.OptiFineTransformer:getOptiFineResourcePatched:414]: 	at cpw.mods.securejarhandler/cpw.mods.cl.ModuleClassLoader.findClass(ModuleClassLoader.java:219)
[30Jul2025 16:15:53.987] [Server thread/INFO] [STDERR/]: [optifine.OptiFineTransformer:getOptiFineResourcePatched:414]: 	at cpw.mods.securejarhandler/cpw.mods.cl.ModuleClassLoader.loadClass(ModuleClassLoader.java:135)
[30Jul2025 16:15:53.987] [Server thread/INFO] [STDERR/]: [optifine.OptiFineTransformer:getOptiFineResourcePatched:414]: 	at java.base/java.lang.ClassLoader.loadClass(ClassLoader.java:525)
[30Jul2025 16:15:53.987] [Server thread/INFO] [STDERR/]: [optifine.OptiFineTransformer:getOptiFineResourcePatched:414]: 	at TRANSFORMER/minecraft@1.20.1/net.minecraft.server.level.ChunkMap.m_183726_(ChunkMap.java:317)
[30Jul2025 16:15:53.987] [Server thread/INFO] [STDERR/]: [optifine.OptiFineTransformer:getOptiFineResourcePatched:414]: 	at java.base/java.util.concurrent.CompletableFuture$UniApply.tryFire(CompletableFuture.java:646)
[30Jul2025 16:15:53.987] [Server thread/INFO] [STDERR/]: [optifine.OptiFineTransformer:getOptiFineResourcePatched:414]: 	at java.base/java.util.concurrent.CompletableFuture.postComplete(CompletableFuture.java:510)
[30Jul2025 16:15:53.987] [Server thread/INFO] [STDERR/]: [optifine.OptiFineTransformer:getOptiFineResourcePatched:414]: 	at java.base/java.util.concurrent.CompletableFuture.postFire(CompletableFuture.java:614)
[30Jul2025 16:15:53.988] [Server thread/INFO] [STDERR/]: [optifine.OptiFineTransformer:getOptiFineResourcePatched:414]: 	at java.base/java.util.concurrent.CompletableFuture$UniCompose.tryFire(CompletableFuture.java:1163)
[30Jul2025 16:15:53.988] [Server thread/INFO] [STDERR/]: [optifine.OptiFineTransformer:getOptiFineResourcePatched:414]: 	at java.base/java.util.concurrent.CompletableFuture$Completion.run(CompletableFuture.java:482)
[30Jul2025 16:15:53.988] [Server thread/INFO] [STDERR/]: [optifine.OptiFineTransformer:getOptiFineResourcePatched:414]: 	at TRANSFORMER/minecraft@1.20.1/net.minecraft.util.thread.BlockableEventLoop.m_6367_(BlockableEventLoop.java:156)
[30Jul2025 16:15:53.988] [Server thread/INFO] [STDERR/]: [optifine.OptiFineTransformer:getOptiFineResourcePatched:414]: 	at TRANSFORMER/minecraft@1.20.1/net.minecraft.server.level.ServerChunkCache$MainThreadExecutor.m_6367_(ServerChunkCache.java:541)
[30Jul2025 16:15:53.988] [Server thread/INFO] [STDERR/]: [optifine.OptiFineTransformer:getOptiFineResourcePatched:414]: 	at TRANSFORMER/minecraft@1.20.1/net.minecraft.util.thread.BlockableEventLoop.m_7245_(BlockableEventLoop.java:130)
[30Jul2025 16:15:53.988] [Server thread/INFO] [STDERR/]: [optifine.OptiFineTransformer:getOptiFineResourcePatched:414]: 	at TRANSFORMER/minecraft@1.20.1/net.minecraft.server.level.ServerChunkCache$MainThreadExecutor.m_7245_(ServerChunkCache.java:549)
[30Jul2025 16:15:53.989] [Server thread/INFO] [STDERR/]: [optifine.OptiFineTransformer:getOptiFineResourcePatched:414]: 	at TRANSFORMER/minecraft@1.20.1/net.minecraft.server.level.ServerChunkCache.m_8466_(ServerChunkCache.java:269)
[30Jul2025 16:15:53.989] [Server thread/INFO] [STDERR/]: [optifine.OptiFineTransformer:getOptiFineResourcePatched:414]: 	at TRANSFORMER/minecraft@1.20.1/net.minecraft.server.MinecraftServer.m_129961_(MinecraftServer.java:758)
[30Jul2025 16:15:53.989] [Server thread/INFO] [STDERR/]: [optifine.OptiFineTransformer:getOptiFineResourcePatched:414]: 	at TRANSFORMER/minecraft@1.20.1/net.minecraft.server.MinecraftServer.m_7245_(MinecraftServer.java:747)
[30Jul2025 16:15:53.989] [Server thread/INFO] [STDERR/]: [optifine.OptiFineTransformer:getOptiFineResourcePatched:414]: 	at TRANSFORMER/minecraft@1.20.1/net.minecraft.util.thread.BlockableEventLoop.m_18701_(BlockableEventLoop.java:139)
[30Jul2025 16:15:53.989] [Server thread/INFO] [STDERR/]: [optifine.OptiFineTransformer:getOptiFineResourcePatched:414]: 	at TRANSFORMER/minecraft@1.20.1/net.minecraft.server.MinecraftServer.mixinextras$bridge$m_18701_$237(MinecraftServer.java)
[30Jul2025 16:15:53.989] [Server thread/INFO] [STDERR/]: [optifine.OptiFineTransformer:getOptiFineResourcePatched:414]: 	at TRANSFORMER/minecraft@1.20.1/net.minecraft.server.MinecraftServer.wrapOperation$zbk000$managedBlock(MinecraftServer.java:1856)
[30Jul2025 16:15:53.989] [Server thread/INFO] [STDERR/]: [optifine.OptiFineTransformer:getOptiFineResourcePatched:414]: 	at TRANSFORMER/minecraft@1.20.1/net.minecraft.server.MinecraftServer.m_130012_(MinecraftServer.java:733)
[30Jul2025 16:15:53.990] [Server thread/INFO] [STDERR/]: [optifine.OptiFineTransformer:getOptiFineResourcePatched:414]: 	at TRANSFORMER/minecraft@1.20.1/net.minecraft.server.MinecraftServer.m_130011_(MinecraftServer.java:665)
[30Jul2025 16:15:53.990] [Server thread/INFO] [STDERR/]: [optifine.OptiFineTransformer:getOptiFineResourcePatched:414]: 	at TRANSFORMER/minecraft@1.20.1/net.minecraft.server.MinecraftServer.m_206580_(MinecraftServer.java:251)
[30Jul2025 16:15:53.990] [Server thread/INFO] [STDERR/]: [optifine.OptiFineTransformer:getOptiFineResourcePatched:414]: 	at java.base/java.lang.Thread.run(Thread.java:840)
[30Jul2025 16:15:54.258] [Server thread/INFO] [net.minecraft.server.players.PlayerList/]: neroo024[/127.210.14.251:48745] logged in with entity id 303 at (236.6218219635971, 64.0, -200.3155716007952)
[30Jul2025 16:15:54.262] [Server thread/INFO] [ModernFix/]: Using enhanced recipe sync for player neroo024
[30Jul2025 16:15:54.275] [Server thread/INFO] [net.minecraft.server.MinecraftServer/]: neroo024 joined the game
[30Jul2025 16:15:54.303] [Server thread/INFO] [Jade/]: Syncing config to neroo024 (c024ae1d-d49f-3716-ac45-aebdf81903dd)
[30Jul2025 16:15:54.423] [Server thread/INFO] [com.alrex.parcool.ParCool/]: Limitation of c024ae1d-d49f-3716-ac45-aebdf81903dd was loaded
[30Jul2025 16:15:54.423] [Server thread/INFO] [com.alrex.parcool.ParCool/]: Sent Server Limitation of [neroo024]
[30Jul2025 16:15:54.424] [Server thread/INFO] [com.alrex.parcool.ParCool/]: Received Client Information of [neroo024]
[30Jul2025 16:16:27.415] [Worker-Main-3/INFO] [STDERR/]: [optifine.OptiFineTransformer:getOptiFineResourcePatched:414]: java.io.IOException: Base resource not found: dim.class
[30Jul2025 16:16:27.416] [Worker-Main-3/INFO] [STDERR/]: [optifine.OptiFineTransformer:getOptiFineResourcePatched:414]: 	at LAYER SERVICE/optifine/optifine.Patcher.applyPatch(Patcher.java:146)
[30Jul2025 16:16:27.416] [Worker-Main-3/INFO] [STDERR/]: [optifine.OptiFineTransformer:getOptiFineResourcePatched:414]: 	at LAYER SERVICE/optifine/optifine.OptiFineTransformer.getOptiFineResourcePatched(OptiFineTransformer.java:396)
[30Jul2025 16:16:27.416] [Worker-Main-3/INFO] [STDERR/]: [optifine.OptiFineTransformer:getOptiFineResourcePatched:414]: 	at LAYER SERVICE/optifine/optifine.OptiFineTransformer.getOptiFineResourceStreamPatched(OptiFineTransformer.java:368)
[30Jul2025 16:16:27.416] [Worker-Main-3/INFO] [STDERR/]: [optifine.OptiFineTransformer:getOptiFineResourcePatched:414]: 	at LAYER SERVICE/optifine/optifine.OptiFineTransformer.getOptiFineResourceStream(OptiFineTransformer.java:291)
[30Jul2025 16:16:27.417] [Worker-Main-3/INFO] [STDERR/]: [optifine.OptiFineTransformer:getOptiFineResourcePatched:414]: 	at LAYER SERVICE/optifine/optifine.OptiFineTransformer.getOptiFineResource(OptiFineTransformer.java:260)
[30Jul2025 16:16:27.417] [Worker-Main-3/INFO] [STDERR/]: [optifine.OptiFineTransformer:getOptiFineResourcePatched:414]: 	at LAYER SERVICE/optifine/optifine.OptiFineTransformer.transform(OptiFineTransformer.java:171)
[30Jul2025 16:16:27.417] [Worker-Main-3/INFO] [STDERR/]: [optifine.OptiFineTransformer:getOptiFineResourcePatched:414]: 	at LAYER SERVICE/optifine/optifine.OptiFineTransformer.transform(OptiFineTransformer.java:1)
[30Jul2025 16:16:27.417] [Worker-Main-3/INFO] [STDERR/]: [optifine.OptiFineTransformer:getOptiFineResourcePatched:414]: 	at MC-BOOTSTRAP/cpw.mods.modlauncher@10.0.9/cpw.mods.modlauncher.TransformerHolder.transform(TransformerHolder.java:41)
[30Jul2025 16:16:27.418] [Worker-Main-3/INFO] [STDERR/]: [optifine.OptiFineTransformer:getOptiFineResourcePatched:414]: 	at MC-BOOTSTRAP/cpw.mods.modlauncher@10.0.9/cpw.mods.modlauncher.ClassTransformer.performVote(ClassTransformer.java:179)
[30Jul2025 16:16:27.418] [Worker-Main-3/INFO] [STDERR/]: [optifine.OptiFineTransformer:getOptiFineResourcePatched:414]: 	at MC-BOOTSTRAP/cpw.mods.modlauncher@10.0.9/cpw.mods.modlauncher.ClassTransformer.transform(ClassTransformer.java:98)
[30Jul2025 16:16:27.418] [Worker-Main-3/INFO] [STDERR/]: [optifine.OptiFineTransformer:getOptiFineResourcePatched:414]: 	at MC-BOOTSTRAP/cpw.mods.modlauncher@10.0.9/cpw.mods.modlauncher.TransformingClassLoader.maybeTransformClassBytes(TransformingClassLoader.java:50)
[30Jul2025 16:16:27.418] [Worker-Main-3/INFO] [STDERR/]: [optifine.OptiFineTransformer:getOptiFineResourcePatched:414]: 	at cpw.mods.securejarhandler/cpw.mods.cl.ModuleClassLoader.readerToClass(ModuleClassLoader.java:113)
[30Jul2025 16:16:27.418] [Worker-Main-3/INFO] [STDERR/]: [optifine.OptiFineTransformer:getOptiFineResourcePatched:414]: 	at cpw.mods.securejarhandler/cpw.mods.cl.ModuleClassLoader.lambda$findClass$15(ModuleClassLoader.java:219)
[30Jul2025 16:16:27.418] [Worker-Main-3/INFO] [STDERR/]: [optifine.OptiFineTransformer:getOptiFineResourcePatched:414]: 	at cpw.mods.securejarhandler/cpw.mods.cl.ModuleClassLoader.loadFromModule(ModuleClassLoader.java:229)
[30Jul2025 16:16:27.418] [Worker-Main-3/INFO] [STDERR/]: [optifine.OptiFineTransformer:getOptiFineResourcePatched:414]: 	at cpw.mods.securejarhandler/cpw.mods.cl.ModuleClassLoader.findClass(ModuleClassLoader.java:219)
[30Jul2025 16:16:27.418] [Worker-Main-3/INFO] [STDERR/]: [optifine.OptiFineTransformer:getOptiFineResourcePatched:414]: 	at cpw.mods.securejarhandler/cpw.mods.cl.ModuleClassLoader.loadClass(ModuleClassLoader.java:135)
[30Jul2025 16:16:27.418] [Worker-Main-3/INFO] [STDERR/]: [optifine.OptiFineTransformer:getOptiFineResourcePatched:414]: 	at java.base/java.lang.ClassLoader.loadClass(ClassLoader.java:525)
[30Jul2025 16:16:27.419] [Worker-Main-3/INFO] [STDERR/]: [optifine.OptiFineTransformer:getOptiFineResourcePatched:414]: 	at TRANSFORMER/minecraft@1.20.1/net.minecraft.world.level.chunk.ChunkStatus.m_279981_(ChunkStatus.java:70)
[30Jul2025 16:16:27.419] [Worker-Main-3/INFO] [STDERR/]: [optifine.OptiFineTransformer:getOptiFineResourcePatched:414]: 	at TRANSFORMER/minecraft@1.20.1/net.minecraft.world.level.chunk.ChunkStatus.m_280308_(ChunkStatus.java:252)
[30Jul2025 16:16:27.419] [Worker-Main-3/INFO] [STDERR/]: [optifine.OptiFineTransformer:getOptiFineResourcePatched:414]: 	at TRANSFORMER/minecraft@1.20.1/net.minecraft.server.level.ChunkMap.lambda$scheduleChunkGeneration$27(ChunkMap.java:643)
[30Jul2025 16:16:27.419] [Worker-Main-3/INFO] [STDERR/]: [optifine.OptiFineTransformer:getOptiFineResourcePatched:414]: 	at MC-BOOTSTRAP/datafixerupper@6.0.8/com.mojang.datafixers.util.Either$Left.map(Either.java:38)
[30Jul2025 16:16:27.419] [Worker-Main-3/INFO] [STDERR/]: [optifine.OptiFineTransformer:getOptiFineResourcePatched:414]: 	at TRANSFORMER/minecraft@1.20.1/net.minecraft.server.level.ChunkMap.lambda$scheduleChunkGeneration$29(ChunkMap.java:634)
[30Jul2025 16:16:27.419] [Worker-Main-3/INFO] [STDERR/]: [optifine.OptiFineTransformer:getOptiFineResourcePatched:414]: 	at java.base/java.util.concurrent.CompletableFuture$UniCompose.tryFire(CompletableFuture.java:1150)
[30Jul2025 16:16:27.419] [Worker-Main-3/INFO] [STDERR/]: [optifine.OptiFineTransformer:getOptiFineResourcePatched:414]: 	at java.base/java.util.concurrent.CompletableFuture$Completion.run(CompletableFuture.java:482)
[30Jul2025 16:16:27.419] [Worker-Main-3/INFO] [STDERR/]: [optifine.OptiFineTransformer:getOptiFineResourcePatched:414]: 	at TRANSFORMER/minecraft@1.20.1/net.minecraft.server.level.ChunkTaskPriorityQueueSorter.m_143188_(ChunkTaskPriorityQueueSorter.java:62)
[30Jul2025 16:16:27.419] [Worker-Main-3/INFO] [STDERR/]: [optifine.OptiFineTransformer:getOptiFineResourcePatched:414]: 	at TRANSFORMER/minecraft@1.20.1/net.minecraft.util.thread.ProcessorMailbox.m_18759_(ProcessorMailbox.java:91)
[30Jul2025 16:16:27.419] [Worker-Main-3/INFO] [STDERR/]: [optifine.OptiFineTransformer:getOptiFineResourcePatched:414]: 	at TRANSFORMER/minecraft@1.20.1/net.minecraft.util.thread.ProcessorMailbox.m_18747_(ProcessorMailbox.java:146)
[30Jul2025 16:16:27.419] [Worker-Main-3/INFO] [STDERR/]: [optifine.OptiFineTransformer:getOptiFineResourcePatched:414]: 	at TRANSFORMER/minecraft@1.20.1/net.minecraft.util.thread.ProcessorMailbox.run(ProcessorMailbox.java:102)
[30Jul2025 16:16:27.420] [Worker-Main-3/INFO] [STDERR/]: [optifine.OptiFineTransformer:getOptiFineResourcePatched:414]: 	at java.base/java.util.concurrent.ForkJoinTask$RunnableExecuteAction.exec(ForkJoinTask.java:1395)
[30Jul2025 16:16:27.420] [Worker-Main-3/INFO] [STDERR/]: [optifine.OptiFineTransformer:getOptiFineResourcePatched:414]: 	at java.base/java.util.concurrent.ForkJoinTask.doExec(ForkJoinTask.java:373)
[30Jul2025 16:16:27.420] [Worker-Main-3/INFO] [STDERR/]: [optifine.OptiFineTransformer:getOptiFineResourcePatched:414]: 	at java.base/java.util.concurrent.ForkJoinPool$WorkQueue.topLevelExec(ForkJoinPool.java:1182)
[30Jul2025 16:16:27.420] [Worker-Main-3/INFO] [STDERR/]: [optifine.OptiFineTransformer:getOptiFineResourcePatched:414]: 	at java.base/java.util.concurrent.ForkJoinPool.scan(ForkJoinPool.java:1655)
[30Jul2025 16:16:27.420] [Worker-Main-3/INFO] [STDERR/]: [optifine.OptiFineTransformer:getOptiFineResourcePatched:414]: 	at java.base/java.util.concurrent.ForkJoinPool.runWorker(ForkJoinPool.java:1622)
[30Jul2025 16:16:27.420] [Worker-Main-3/INFO] [STDERR/]: [optifine.OptiFineTransformer:getOptiFineResourcePatched:414]: 	at java.base/java.util.concurrent.ForkJoinWorkerThread.run(ForkJoinWorkerThread.java:165)
[30Jul2025 16:16:27.424] [Worker-Main-3/INFO] [STDERR/]: [optifine.OptiFineTransformer:getOptiFineResourcePatched:414]: java.io.IOException: Base resource not found: dim$1.class
[30Jul2025 16:16:27.424] [Worker-Main-3/INFO] [STDERR/]: [optifine.OptiFineTransformer:getOptiFineResourcePatched:414]: 	at LAYER SERVICE/optifine/optifine.Patcher.applyPatch(Patcher.java:146)
[30Jul2025 16:16:27.424] [Worker-Main-3/INFO] [STDERR/]: [optifine.OptiFineTransformer:getOptiFineResourcePatched:414]: 	at LAYER SERVICE/optifine/optifine.OptiFineTransformer.getOptiFineResourcePatched(OptiFineTransformer.java:396)
[30Jul2025 16:16:27.425] [Worker-Main-3/INFO] [STDERR/]: [optifine.OptiFineTransformer:getOptiFineResourcePatched:414]: 	at LAYER SERVICE/optifine/optifine.OptiFineTransformer.getOptiFineResourceStreamPatched(OptiFineTransformer.java:368)
[30Jul2025 16:16:27.425] [Worker-Main-3/INFO] [STDERR/]: [optifine.OptiFineTransformer:getOptiFineResourcePatched:414]: 	at LAYER SERVICE/optifine/optifine.OptiFineTransformer.getOptiFineResourceStream(OptiFineTransformer.java:291)
[30Jul2025 16:16:27.426] [Worker-Main-3/INFO] [STDERR/]: [optifine.OptiFineTransformer:getOptiFineResourcePatched:414]: 	at LAYER SERVICE/optifine/optifine.OptiFineTransformer.getOptiFineResource(OptiFineTransformer.java:260)
[30Jul2025 16:16:27.426] [Worker-Main-3/INFO] [STDERR/]: [optifine.OptiFineTransformer:getOptiFineResourcePatched:414]: 	at LAYER SERVICE/optifine/optifine.OptiFineTransformer.transform(OptiFineTransformer.java:171)
[30Jul2025 16:16:27.427] [Worker-Main-3/INFO] [STDERR/]: [optifine.OptiFineTransformer:getOptiFineResourcePatched:414]: 	at LAYER SERVICE/optifine/optifine.OptiFineTransformer.transform(OptiFineTransformer.java:1)
[30Jul2025 16:16:27.428] [Worker-Main-3/INFO] [STDERR/]: [optifine.OptiFineTransformer:getOptiFineResourcePatched:414]: 	at MC-BOOTSTRAP/cpw.mods.modlauncher@10.0.9/cpw.mods.modlauncher.TransformerHolder.transform(TransformerHolder.java:41)
[30Jul2025 16:16:27.428] [Worker-Main-3/INFO] [STDERR/]: [optifine.OptiFineTransformer:getOptiFineResourcePatched:414]: 	at MC-BOOTSTRAP/cpw.mods.modlauncher@10.0.9/cpw.mods.modlauncher.ClassTransformer.performVote(ClassTransformer.java:179)
[30Jul2025 16:16:27.428] [Worker-Main-3/INFO] [STDERR/]: [optifine.OptiFineTransformer:getOptiFineResourcePatched:414]: 	at MC-BOOTSTRAP/cpw.mods.modlauncher@10.0.9/cpw.mods.modlauncher.ClassTransformer.transform(ClassTransformer.java:98)
[30Jul2025 16:16:27.430] [Worker-Main-3/INFO] [STDERR/]: [optifine.OptiFineTransformer:getOptiFineResourcePatched:414]: 	at MC-BOOTSTRAP/cpw.mods.modlauncher@10.0.9/cpw.mods.modlauncher.TransformingClassLoader.maybeTransformClassBytes(TransformingClassLoader.java:50)
[30Jul2025 16:16:27.430] [Worker-Main-3/INFO] [STDERR/]: [optifine.OptiFineTransformer:getOptiFineResourcePatched:414]: 	at cpw.mods.securejarhandler/cpw.mods.cl.ModuleClassLoader.readerToClass(ModuleClassLoader.java:113)
[30Jul2025 16:16:27.430] [Worker-Main-3/INFO] [STDERR/]: [optifine.OptiFineTransformer:getOptiFineResourcePatched:414]: 	at cpw.mods.securejarhandler/cpw.mods.cl.ModuleClassLoader.lambda$findClass$15(ModuleClassLoader.java:219)
[30Jul2025 16:16:27.430] [Worker-Main-3/INFO] [STDERR/]: [optifine.OptiFineTransformer:getOptiFineResourcePatched:414]: 	at cpw.mods.securejarhandler/cpw.mods.cl.ModuleClassLoader.loadFromModule(ModuleClassLoader.java:229)
[30Jul2025 16:16:27.431] [Worker-Main-3/INFO] [STDERR/]: [optifine.OptiFineTransformer:getOptiFineResourcePatched:414]: 	at cpw.mods.securejarhandler/cpw.mods.cl.ModuleClassLoader.findClass(ModuleClassLoader.java:219)
[30Jul2025 16:16:27.431] [Worker-Main-3/INFO] [STDERR/]: [optifine.OptiFineTransformer:getOptiFineResourcePatched:414]: 	at cpw.mods.securejarhandler/cpw.mods.cl.ModuleClassLoader.loadClass(ModuleClassLoader.java:135)
[30Jul2025 16:16:27.431] [Worker-Main-3/INFO] [STDERR/]: [optifine.OptiFineTransformer:getOptiFineResourcePatched:414]: 	at java.base/java.lang.ClassLoader.loadClass(ClassLoader.java:525)
[30Jul2025 16:16:27.431] [Worker-Main-3/INFO] [STDERR/]: [optifine.OptiFineTransformer:getOptiFineResourcePatched:414]: 	at TRANSFORMER/minecraft@1.20.1/net.minecraft.world.level.chunk.ChunkStatus.m_279981_(ChunkStatus.java:70)
[30Jul2025 16:16:27.431] [Worker-Main-3/INFO] [STDERR/]: [optifine.OptiFineTransformer:getOptiFineResourcePatched:414]: 	at TRANSFORMER/minecraft@1.20.1/net.minecraft.world.level.chunk.ChunkStatus.m_280308_(ChunkStatus.java:252)
[30Jul2025 16:16:27.431] [Worker-Main-3/INFO] [STDERR/]: [optifine.OptiFineTransformer:getOptiFineResourcePatched:414]: 	at TRANSFORMER/minecraft@1.20.1/net.minecraft.server.level.ChunkMap.lambda$scheduleChunkGeneration$27(ChunkMap.java:643)
[30Jul2025 16:16:27.431] [Worker-Main-3/INFO] [STDERR/]: [optifine.OptiFineTransformer:getOptiFineResourcePatched:414]: 	at MC-BOOTSTRAP/datafixerupper@6.0.8/com.mojang.datafixers.util.Either$Left.map(Either.java:38)
[30Jul2025 16:16:27.432] [Worker-Main-3/INFO] [STDERR/]: [optifine.OptiFineTransformer:getOptiFineResourcePatched:414]: 	at TRANSFORMER/minecraft@1.20.1/net.minecraft.server.level.ChunkMap.lambda$scheduleChunkGeneration$29(ChunkMap.java:634)
[30Jul2025 16:16:27.432] [Worker-Main-3/INFO] [STDERR/]: [optifine.OptiFineTransformer:getOptiFineResourcePatched:414]: 	at java.base/java.util.concurrent.CompletableFuture$UniCompose.tryFire(CompletableFuture.java:1150)
[30Jul2025 16:16:27.432] [Worker-Main-3/INFO] [STDERR/]: [optifine.OptiFineTransformer:getOptiFineResourcePatched:414]: 	at java.base/java.util.concurrent.CompletableFuture$Completion.run(CompletableFuture.java:482)
[30Jul2025 16:16:27.432] [Worker-Main-3/INFO] [STDERR/]: [optifine.OptiFineTransformer:getOptiFineResourcePatched:414]: 	at TRANSFORMER/minecraft@1.20.1/net.minecraft.server.level.ChunkTaskPriorityQueueSorter.m_143188_(ChunkTaskPriorityQueueSorter.java:62)
[30Jul2025 16:16:27.432] [Worker-Main-3/INFO] [STDERR/]: [optifine.OptiFineTransformer:getOptiFineResourcePatched:414]: 	at TRANSFORMER/minecraft@1.20.1/net.minecraft.util.thread.ProcessorMailbox.m_18759_(ProcessorMailbox.java:91)
[30Jul2025 16:16:27.432] [Worker-Main-3/INFO] [STDERR/]: [optifine.OptiFineTransformer:getOptiFineResourcePatched:414]: 	at TRANSFORMER/minecraft@1.20.1/net.minecraft.util.thread.ProcessorMailbox.m_18747_(ProcessorMailbox.java:146)
[30Jul2025 16:16:27.432] [Worker-Main-3/INFO] [STDERR/]: [optifine.OptiFineTransformer:getOptiFineResourcePatched:414]: 	at TRANSFORMER/minecraft@1.20.1/net.minecraft.util.thread.ProcessorMailbox.run(ProcessorMailbox.java:102)
[30Jul2025 16:16:27.433] [Worker-Main-3/INFO] [STDERR/]: [optifine.OptiFineTransformer:getOptiFineResourcePatched:414]: 	at java.base/java.util.concurrent.ForkJoinTask$RunnableExecuteAction.exec(ForkJoinTask.java:1395)
[30Jul2025 16:16:27.433] [Worker-Main-3/INFO] [STDERR/]: [optifine.OptiFineTransformer:getOptiFineResourcePatched:414]: 	at java.base/java.util.concurrent.ForkJoinTask.doExec(ForkJoinTask.java:373)
[30Jul2025 16:16:27.433] [Worker-Main-3/INFO] [STDERR/]: [optifine.OptiFineTransformer:getOptiFineResourcePatched:414]: 	at java.base/java.util.concurrent.ForkJoinPool$WorkQueue.topLevelExec(ForkJoinPool.java:1182)
[30Jul2025 16:16:27.433] [Worker-Main-3/INFO] [STDERR/]: [optifine.OptiFineTransformer:getOptiFineResourcePatched:414]: 	at java.base/java.util.concurrent.ForkJoinPool.scan(ForkJoinPool.java:1655)
[30Jul2025 16:16:27.433] [Worker-Main-3/INFO] [STDERR/]: [optifine.OptiFineTransformer:getOptiFineResourcePatched:414]: 	at java.base/java.util.concurrent.ForkJoinPool.runWorker(ForkJoinPool.java:1622)
[30Jul2025 16:16:27.433] [Worker-Main-3/INFO] [STDERR/]: [optifine.OptiFineTransformer:getOptiFineResourcePatched:414]: 	at java.base/java.util.concurrent.ForkJoinWorkerThread.run(ForkJoinWorkerThread.java:165)
[30Jul2025 16:16:27.436] [Worker-Main-1/INFO] [STDERR/]: [optifine.OptiFineTransformer:getOptiFineResourcePatched:414]: java.io.IOException: Base resource not found: clt$1.class
[30Jul2025 16:16:27.437] [Worker-Main-1/INFO] [STDERR/]: [optifine.OptiFineTransformer:getOptiFineResourcePatched:414]: 	at LAYER SERVICE/optifine/optifine.Patcher.applyPatch(Patcher.java:146)
[30Jul2025 16:16:27.437] [Worker-Main-1/INFO] [STDERR/]: [optifine.OptiFineTransformer:getOptiFineResourcePatched:414]: 	at LAYER SERVICE/optifine/optifine.OptiFineTransformer.getOptiFineResourcePatched(OptiFineTransformer.java:396)
[30Jul2025 16:16:27.437] [Worker-Main-1/INFO] [STDERR/]: [optifine.OptiFineTransformer:getOptiFineResourcePatched:414]: 	at LAYER SERVICE/optifine/optifine.OptiFineTransformer.getOptiFineResourceStreamPatched(OptiFineTransformer.java:368)
[30Jul2025 16:16:27.437] [Worker-Main-1/INFO] [STDERR/]: [optifine.OptiFineTransformer:getOptiFineResourcePatched:414]: 	at LAYER SERVICE/optifine/optifine.OptiFineTransformer.getOptiFineResourceStream(OptiFineTransformer.java:291)
[30Jul2025 16:16:27.438] [Worker-Main-1/INFO] [STDERR/]: [optifine.OptiFineTransformer:getOptiFineResourcePatched:414]: 	at LAYER SERVICE/optifine/optifine.OptiFineTransformer.getOptiFineResource(OptiFineTransformer.java:260)
[30Jul2025 16:16:27.438] [Worker-Main-1/INFO] [STDERR/]: [optifine.OptiFineTransformer:getOptiFineResourcePatched:414]: 	at LAYER SERVICE/optifine/optifine.OptiFineTransformer.transform(OptiFineTransformer.java:171)
[30Jul2025 16:16:27.438] [Worker-Main-1/INFO] [STDERR/]: [optifine.OptiFineTransformer:getOptiFineResourcePatched:414]: 	at LAYER SERVICE/optifine/optifine.OptiFineTransformer.transform(OptiFineTransformer.java:1)
[30Jul2025 16:16:27.438] [Worker-Main-1/INFO] [STDERR/]: [optifine.OptiFineTransformer:getOptiFineResourcePatched:414]: 	at MC-BOOTSTRAP/cpw.mods.modlauncher@10.0.9/cpw.mods.modlauncher.TransformerHolder.transform(TransformerHolder.java:41)
[30Jul2025 16:16:27.438] [Worker-Main-1/INFO] [STDERR/]: [optifine.OptiFineTransformer:getOptiFineResourcePatched:414]: 	at MC-BOOTSTRAP/cpw.mods.modlauncher@10.0.9/cpw.mods.modlauncher.ClassTransformer.performVote(ClassTransformer.java:179)
[30Jul2025 16:16:27.439] [Worker-Main-1/INFO] [STDERR/]: [optifine.OptiFineTransformer:getOptiFineResourcePatched:414]: 	at MC-BOOTSTRAP/cpw.mods.modlauncher@10.0.9/cpw.mods.modlauncher.ClassTransformer.transform(ClassTransformer.java:98)
[30Jul2025 16:16:27.439] [Worker-Main-1/INFO] [STDERR/]: [optifine.OptiFineTransformer:getOptiFineResourcePatched:414]: 	at MC-BOOTSTRAP/cpw.mods.modlauncher@10.0.9/cpw.mods.modlauncher.TransformingClassLoader.maybeTransformClassBytes(TransformingClassLoader.java:50)
[30Jul2025 16:16:27.439] [Worker-Main-1/INFO] [STDERR/]: [optifine.OptiFineTransformer:getOptiFineResourcePatched:414]: 	at cpw.mods.securejarhandler/cpw.mods.cl.ModuleClassLoader.readerToClass(ModuleClassLoader.java:113)
[30Jul2025 16:16:27.439] [Worker-Main-1/INFO] [STDERR/]: [optifine.OptiFineTransformer:getOptiFineResourcePatched:414]: 	at cpw.mods.securejarhandler/cpw.mods.cl.ModuleClassLoader.lambda$findClass$15(ModuleClassLoader.java:219)
[30Jul2025 16:16:27.440] [Worker-Main-1/INFO] [STDERR/]: [optifine.OptiFineTransformer:getOptiFineResourcePatched:414]: 	at cpw.mods.securejarhandler/cpw.mods.cl.ModuleClassLoader.loadFromModule(ModuleClassLoader.java:229)
[30Jul2025 16:16:27.440] [Worker-Main-1/INFO] [STDERR/]: [optifine.OptiFineTransformer:getOptiFineResourcePatched:414]: 	at cpw.mods.securejarhandler/cpw.mods.cl.ModuleClassLoader.findClass(ModuleClassLoader.java:219)
[30Jul2025 16:16:27.440] [Worker-Main-1/INFO] [STDERR/]: [optifine.OptiFineTransformer:getOptiFineResourcePatched:414]: 	at cpw.mods.securejarhandler/cpw.mods.cl.ModuleClassLoader.loadClass(ModuleClassLoader.java:135)
[30Jul2025 16:16:27.440] [Worker-Main-1/INFO] [STDERR/]: [optifine.OptiFineTransformer:getOptiFineResourcePatched:414]: 	at java.base/java.lang.ClassLoader.loadClass(ClassLoader.java:525)
[30Jul2025 16:16:27.440] [Worker-Main-1/INFO] [STDERR/]: [optifine.OptiFineTransformer:getOptiFineResourcePatched:414]: 	at TRANSFORMER/minecraft@1.20.1/net.minecraft.world.level.ChunkPos.m_45599_(ChunkPos.java:183)
[30Jul2025 16:16:27.440] [Worker-Main-1/INFO] [STDERR/]: [optifine.OptiFineTransformer:getOptiFineResourcePatched:414]: 	at TRANSFORMER/minecraft@1.20.1/net.minecraft.world.level.chunk.storage.IOWorker.m_223503_(IOWorker.java:136)
[30Jul2025 16:16:27.441] [Worker-Main-1/INFO] [STDERR/]: [optifine.OptiFineTransformer:getOptiFineResourcePatched:414]: 	at java.base/java.util.concurrent.CompletableFuture$AsyncSupply.run(CompletableFuture.java:1768)
[30Jul2025 16:16:27.441] [Worker-Main-1/INFO] [STDERR/]: [optifine.OptiFineTransformer:getOptiFineResourcePatched:414]: 	at java.base/java.util.concurrent.CompletableFuture$AsyncSupply.exec(CompletableFuture.java:1760)
[30Jul2025 16:16:27.441] [Worker-Main-1/INFO] [STDERR/]: [optifine.OptiFineTransformer:getOptiFineResourcePatched:414]: 	at java.base/java.util.concurrent.ForkJoinTask.doExec(ForkJoinTask.java:373)
[30Jul2025 16:16:27.441] [Worker-Main-1/INFO] [STDERR/]: [optifine.OptiFineTransformer:getOptiFineResourcePatched:414]: 	at java.base/java.util.concurrent.ForkJoinPool$WorkQueue.topLevelExec(ForkJoinPool.java:1182)
[30Jul2025 16:16:27.441] [Worker-Main-1/INFO] [STDERR/]: [optifine.OptiFineTransformer:getOptiFineResourcePatched:414]: 	at java.base/java.util.concurrent.ForkJoinPool.scan(ForkJoinPool.java:1655)
[30Jul2025 16:16:27.441] [Worker-Main-1/INFO] [STDERR/]: [optifine.OptiFineTransformer:getOptiFineResourcePatched:414]: 	at java.base/java.util.concurrent.ForkJoinPool.runWorker(ForkJoinPool.java:1622)
[30Jul2025 16:16:27.441] [Worker-Main-1/INFO] [STDERR/]: [optifine.OptiFineTransformer:getOptiFineResourcePatched:414]: 	at java.base/java.util.concurrent.ForkJoinWorkerThread.run(ForkJoinWorkerThread.java:165)
[30Jul2025 16:16:27.969] [Worker-Main-2/INFO] [STDERR/]: [optifine.OptiFineTransformer:getOptiFineResourcePatched:414]: java.io.IOException: Base resource not found: dim$a.class
[30Jul2025 16:16:27.969] [Worker-Main-2/INFO] [STDERR/]: [optifine.OptiFineTransformer:getOptiFineResourcePatched:414]: 	at LAYER SERVICE/optifine/optifine.Patcher.applyPatch(Patcher.java:146)
[30Jul2025 16:16:27.969] [Worker-Main-2/INFO] [STDERR/]: [optifine.OptiFineTransformer:getOptiFineResourcePatched:414]: 	at LAYER SERVICE/optifine/optifine.OptiFineTransformer.getOptiFineResourcePatched(OptiFineTransformer.java:396)
[30Jul2025 16:16:27.969] [Worker-Main-2/INFO] [STDERR/]: [optifine.OptiFineTransformer:getOptiFineResourcePatched:414]: 	at LAYER SERVICE/optifine/optifine.OptiFineTransformer.getOptiFineResourceStreamPatched(OptiFineTransformer.java:368)
[30Jul2025 16:16:27.969] [Worker-Main-2/INFO] [STDERR/]: [optifine.OptiFineTransformer:getOptiFineResourcePatched:414]: 	at LAYER SERVICE/optifine/optifine.OptiFineTransformer.getOptiFineResourceStream(OptiFineTransformer.java:291)
[30Jul2025 16:16:27.970] [Worker-Main-2/INFO] [STDERR/]: [optifine.OptiFineTransformer:getOptiFineResourcePatched:414]: 	at LAYER SERVICE/optifine/optifine.OptiFineTransformer.getOptiFineResource(OptiFineTransformer.java:260)
[30Jul2025 16:16:27.970] [Worker-Main-2/INFO] [STDERR/]: [optifine.OptiFineTransformer:getOptiFineResourcePatched:414]: 	at LAYER SERVICE/optifine/optifine.OptiFineTransformer.transform(OptiFineTransformer.java:171)
[30Jul2025 16:16:27.970] [Worker-Main-2/INFO] [STDERR/]: [optifine.OptiFineTransformer:getOptiFineResourcePatched:414]: 	at LAYER SERVICE/optifine/optifine.OptiFineTransformer.transform(OptiFineTransformer.java:1)
[30Jul2025 16:16:27.970] [Worker-Main-2/INFO] [STDERR/]: [optifine.OptiFineTransformer:getOptiFineResourcePatched:414]: 	at MC-BOOTSTRAP/cpw.mods.modlauncher@10.0.9/cpw.mods.modlauncher.TransformerHolder.transform(TransformerHolder.java:41)
[30Jul2025 16:16:27.970] [Worker-Main-2/INFO] [STDERR/]: [optifine.OptiFineTransformer:getOptiFineResourcePatched:414]: 	at MC-BOOTSTRAP/cpw.mods.modlauncher@10.0.9/cpw.mods.modlauncher.ClassTransformer.performVote(ClassTransformer.java:179)
[30Jul2025 16:16:27.970] [Worker-Main-2/INFO] [STDERR/]: [optifine.OptiFineTransformer:getOptiFineResourcePatched:414]: 	at MC-BOOTSTRAP/cpw.mods.modlauncher@10.0.9/cpw.mods.modlauncher.ClassTransformer.transform(ClassTransformer.java:98)
[30Jul2025 16:16:27.970] [Worker-Main-2/INFO] [STDERR/]: [optifine.OptiFineTransformer:getOptiFineResourcePatched:414]: 	at MC-BOOTSTRAP/cpw.mods.modlauncher@10.0.9/cpw.mods.modlauncher.TransformingClassLoader.maybeTransformClassBytes(TransformingClassLoader.java:50)
[30Jul2025 16:16:27.970] [Worker-Main-2/INFO] [STDERR/]: [optifine.OptiFineTransformer:getOptiFineResourcePatched:414]: 	at cpw.mods.securejarhandler/cpw.mods.cl.ModuleClassLoader.readerToClass(ModuleClassLoader.java:113)
[30Jul2025 16:16:27.971] [Worker-Main-2/INFO] [STDERR/]: [optifine.OptiFineTransformer:getOptiFineResourcePatched:414]: 	at cpw.mods.securejarhandler/cpw.mods.cl.ModuleClassLoader.lambda$findClass$15(ModuleClassLoader.java:219)
[30Jul2025 16:16:27.971] [Worker-Main-2/INFO] [STDERR/]: [optifine.OptiFineTransformer:getOptiFineResourcePatched:414]: 	at cpw.mods.securejarhandler/cpw.mods.cl.ModuleClassLoader.loadFromModule(ModuleClassLoader.java:229)
[30Jul2025 16:16:27.971] [Worker-Main-2/INFO] [STDERR/]: [optifine.OptiFineTransformer:getOptiFineResourcePatched:414]: 	at cpw.mods.securejarhandler/cpw.mods.cl.ModuleClassLoader.findClass(ModuleClassLoader.java:219)
[30Jul2025 16:16:27.971] [Worker-Main-2/INFO] [STDERR/]: [optifine.OptiFineTransformer:getOptiFineResourcePatched:414]: 	at cpw.mods.securejarhandler/cpw.mods.cl.ModuleClassLoader.loadClass(ModuleClassLoader.java:135)
[30Jul2025 16:16:27.971] [Worker-Main-2/INFO] [STDERR/]: [optifine.OptiFineTransformer:getOptiFineResourcePatched:414]: 	at java.base/java.lang.ClassLoader.loadClass(ClassLoader.java:525)
[30Jul2025 16:16:27.971] [Worker-Main-2/INFO] [STDERR/]: [optifine.OptiFineTransformer:getOptiFineResourcePatched:414]: 	at TRANSFORMER/minecraft@1.20.1/net.minecraft.world.level.levelgen.NoiseChunk.<init>(NoiseChunk.java:58)
[30Jul2025 16:16:27.971] [Worker-Main-2/INFO] [STDERR/]: [optifine.OptiFineTransformer:getOptiFineResourcePatched:414]: 	at TRANSFORMER/minecraft@1.20.1/net.minecraft.world.level.levelgen.NoiseChunk.m_224352_(NoiseChunk.java:111)
[30Jul2025 16:16:27.972] [Worker-Main-2/INFO] [STDERR/]: [optifine.OptiFineTransformer:getOptiFineResourcePatched:414]: 	at TRANSFORMER/minecraft@1.20.1/net.minecraft.world.level.levelgen.NoiseBasedChunkGenerator.m_224256_(NoiseBasedChunkGenerator.java:107)
[30Jul2025 16:16:27.972] [Worker-Main-2/INFO] [STDERR/]: [optifine.OptiFineTransformer:getOptiFineResourcePatched:414]: 	at TRANSFORMER/minecraft@1.20.1/net.minecraft.world.level.levelgen.NoiseBasedChunkGenerator.m_224336_(NoiseBasedChunkGenerator.java:99)
[30Jul2025 16:16:27.972] [Worker-Main-2/INFO] [STDERR/]: [optifine.OptiFineTransformer:getOptiFineResourcePatched:414]: 	at TRANSFORMER/minecraft@1.20.1/net.minecraft.world.level.chunk.ChunkAccess.m_223012_(ChunkAccess.java:397)
[30Jul2025 16:16:27.972] [Worker-Main-2/INFO] [STDERR/]: [optifine.OptiFineTransformer:getOptiFineResourcePatched:414]: 	at TRANSFORMER/minecraft@1.20.1/net.minecraft.world.level.levelgen.NoiseBasedChunkGenerator.m_224291_(NoiseBasedChunkGenerator.java:99)
[30Jul2025 16:16:27.972] [Worker-Main-2/INFO] [STDERR/]: [optifine.OptiFineTransformer:getOptiFineResourcePatched:414]: 	at TRANSFORMER/minecraft@1.20.1/net.minecraft.world.level.levelgen.NoiseBasedChunkGenerator.m_224331_(NoiseBasedChunkGenerator.java:93)
[30Jul2025 16:16:27.972] [Worker-Main-2/INFO] [STDERR/]: [optifine.OptiFineTransformer:getOptiFineResourcePatched:414]: 	at java.base/java.util.concurrent.CompletableFuture$AsyncSupply.run(CompletableFuture.java:1768)
[30Jul2025 16:16:27.972] [Worker-Main-2/INFO] [STDERR/]: [optifine.OptiFineTransformer:getOptiFineResourcePatched:414]: 	at java.base/java.util.concurrent.CompletableFuture$AsyncSupply.exec(CompletableFuture.java:1760)
[30Jul2025 16:16:27.972] [Worker-Main-2/INFO] [STDERR/]: [optifine.OptiFineTransformer:getOptiFineResourcePatched:414]: 	at java.base/java.util.concurrent.ForkJoinTask.doExec(ForkJoinTask.java:373)
[30Jul2025 16:16:27.973] [Worker-Main-2/INFO] [STDERR/]: [optifine.OptiFineTransformer:getOptiFineResourcePatched:414]: 	at java.base/java.util.concurrent.ForkJoinPool$WorkQueue.topLevelExec(ForkJoinPool.java:1182)
[30Jul2025 16:16:27.973] [Worker-Main-2/INFO] [STDERR/]: [optifine.OptiFineTransformer:getOptiFineResourcePatched:414]: 	at java.base/java.util.concurrent.ForkJoinPool.scan(ForkJoinPool.java:1655)
[30Jul2025 16:16:27.973] [Worker-Main-2/INFO] [STDERR/]: [optifine.OptiFineTransformer:getOptiFineResourcePatched:414]: 	at java.base/java.util.concurrent.ForkJoinPool.runWorker(ForkJoinPool.java:1622)
[30Jul2025 16:16:27.973] [Worker-Main-2/INFO] [STDERR/]: [optifine.OptiFineTransformer:getOptiFineResourcePatched:414]: 	at java.base/java.util.concurrent.ForkJoinWorkerThread.run(ForkJoinWorkerThread.java:165)
[30Jul2025 16:16:51.284] [Server thread/INFO] [net.minecraft.server.MinecraftServer/]: [ICCCeee: Set own game mode to Survival Mode]
[30Jul2025 16:21:35.557] [Server thread/INFO] [net.minecraft.server.MinecraftServer/]: neroo024 has made the advancement [Demon]
[30Jul2025 16:24:26.505] [Server thread/INFO] [net.minecraft.server.MinecraftServer/]: neroo024 died because of Demon Slayer
[30Jul2025 16:24:29.258] [Server thread/INFO] [com.alrex.parcool.ParCool/]: Sent Server Limitation of [neroo024]
[30Jul2025 16:24:29.258] [Server thread/INFO] [com.alrex.parcool.ParCool/]: Received Client Information of [neroo024]
[30Jul2025 16:24:34.254] [Server thread/INFO] [net.minecraft.server.MinecraftServer/]: [neroo024: Set own game mode to Creative Mode]
[30Jul2025 16:24:50.256] [Server thread/INFO] [net.minecraft.server.MinecraftServer/]: [neroo024: Teleported neroo024 to ICCCeee]
[30Jul2025 16:25:48.159] [Server thread/INFO] [net.minecraft.server.MinecraftServer/]: [neroo024: Set own game mode to Survival Mode]
[30Jul2025 16:29:28.452] [Server thread/INFO] [net.minecraft.server.MinecraftServer/]: ICCCeee has reached the goal [Kanoe]
[30Jul2025 16:33:51.262] [Server thread/INFO] [net.minecraft.server.MinecraftServer/]: [neroo024: Set own game mode to Creative Mode]
[30Jul2025 16:34:41.003] [Server thread/INFO] [net.minecraft.server.MinecraftServer/]: [neroo024: Set own game mode to Survival Mode]
[30Jul2025 16:34:59.603] [Server thread/INFO] [net.minecraft.server.MinecraftServer/]: neroo024 has made the advancement [Monster Hunter]
[30Jul2025 16:35:36.848] [Server thread/INFO] [net.minecraft.server.MinecraftServer/]: neroo024 died
[30Jul2025 16:35:38.728] [Server thread/INFO] [com.alrex.parcool.ParCool/]: Sent Server Limitation of [neroo024]
[30Jul2025 16:35:38.729] [Server thread/INFO] [com.alrex.parcool.ParCool/]: Received Client Information of [neroo024]
[30Jul2025 16:35:44.264] [Server thread/INFO] [net.minecraft.server.MinecraftServer/]: [neroo024: Set own game mode to Creative Mode]
[30Jul2025 16:36:07.214] [Server thread/INFO] [net.minecraft.server.MinecraftServer/]: [neroo024: Teleported neroo024 to ICCCeee]
[30Jul2025 16:36:22.861] [Server thread/INFO] [net.minecraft.server.MinecraftServer/]: [neroo024: Set own game mode to Survival Mode]
[30Jul2025 16:37:40.506] [Server thread/INFO] [net.minecraft.server.MinecraftServer/]: [neroo024: Set own game mode to Creative Mode]
[30Jul2025 16:37:49.611] [Server thread/INFO] [net.minecraft.server.MinecraftServer/]: [neroo024: Set own game mode to Survival Mode]
[30Jul2025 16:38:25.992] [Server thread/INFO] [net.minecraft.server.MinecraftServer/]: ICCCeee was doomed to fall
[30Jul2025 16:38:27.536] [Server thread/INFO] [com.alrex.parcool.ParCool/]: Sent Server Limitation of [ICCCeee]
[30Jul2025 16:38:27.537] [Server thread/INFO] [com.alrex.parcool.ParCool/]: Received Client Information of [ICCCeee]
[30Jul2025 16:38:33.227] [Server thread/INFO] [net.minecraft.server.MinecraftServer/]: [ICCCeee: Set own game mode to Creative Mode]
[30Jul2025 16:39:39.736] [Server thread/INFO] [net.minecraft.server.MinecraftServer/]: neroo024 died
[30Jul2025 16:39:42.607] [Server thread/INFO] [com.alrex.parcool.ParCool/]: Sent Server Limitation of [neroo024]
[30Jul2025 16:39:42.608] [Server thread/INFO] [com.alrex.parcool.ParCool/]: Received Client Information of [neroo024]
[30Jul2025 16:39:48.569] [Server thread/INFO] [net.minecraft.server.MinecraftServer/]: [neroo024: Teleported neroo024 to ICCCeee]
[30Jul2025 16:39:54.363] [Server thread/INFO] [net.minecraft.server.MinecraftServer/]: [ICCCeee: Set own game mode to Survival Mode]
[30Jul2025 16:39:56.869] [Server thread/INFO] [net.minecraft.server.MinecraftServer/]: [neroo024: Set own game mode to Creative Mode]
[30Jul2025 16:40:39.775] [Server thread/INFO] [net.minecraft.server.MinecraftServer/]: [neroo024: Set own game mode to Survival Mode]
[30Jul2025 16:40:58.334] [Server thread/INFO] [net.minecraft.server.MinecraftServer/]: [neroo024: Set own game mode to Creative Mode]
[30Jul2025 16:41:51.906] [Server thread/INFO] [net.minecraft.server.MinecraftServer/]: [neroo024: Set own game mode to Survival Mode]
[30Jul2025 16:42:04.816] [Server thread/INFO] [net.minecraft.server.MinecraftServer/]: [neroo024: Set own game mode to Creative Mode]
[30Jul2025 16:42:15.217] [Server thread/INFO] [net.minecraft.server.MinecraftServer/]: [neroo024: Set own game mode to Survival Mode]
[30Jul2025 16:43:05.038] [Server thread/INFO] [net.minecraft.server.MinecraftServer/]: [neroo024: Set own game mode to Creative Mode]
[30Jul2025 16:43:18.305] [Server thread/INFO] [net.minecraft.server.MinecraftServer/]: [neroo024: Set own game mode to Survival Mode]
[30Jul2025 16:46:54.918] [Server thread/INFO] [net.minecraft.server.MinecraftServer/]: [neroo024: Teleported neroo024 to ICCCeee]
[30Jul2025 16:49:19.652] [Server thread/INFO] [net.minecraft.server.MinecraftServer/]: ICCCeee has reached the goal [Tsuchinoto]
[30Jul2025 16:50:33.456] [Server thread/INFO] [net.minecraft.server.MinecraftServer/]: neroo024 has reached the goal [Tsuchinoto]
[30Jul2025 16:51:45.898] [Server thread/INFO] [net.minecraft.server.MinecraftServer/]: ICCCeee was slain by Shadow Wolf
[30Jul2025 16:51:47.755] [Server thread/INFO] [com.alrex.parcool.ParCool/]: Sent Server Limitation of [ICCCeee]
[30Jul2025 16:51:47.755] [Server thread/INFO] [com.alrex.parcool.ParCool/]: Received Client Information of [ICCCeee]
[30Jul2025 16:51:54.599] [Server thread/INFO] [net.minecraft.server.MinecraftServer/]: ICCCeee was slain by Shadow Wolf
[30Jul2025 16:51:56.038] [Server thread/INFO] [com.alrex.parcool.ParCool/]: Sent Server Limitation of [ICCCeee]
[30Jul2025 16:51:56.038] [Server thread/INFO] [com.alrex.parcool.ParCool/]: Received Client Information of [ICCCeee]
[30Jul2025 16:51:58.979] [Server thread/INFO] [net.minecraft.server.MinecraftServer/]: [ICCCeee: Set own game mode to Creative Mode]
[30Jul2025 16:52:04.636] [Server thread/INFO] [net.minecraft.server.MinecraftServer/]: [ICCCeee: Teleported ICCCeee to neroo024]
[30Jul2025 16:52:45.663] [Server thread/INFO] [net.minecraft.server.MinecraftServer/]: neroo024 has made the advancement [Sweet Dreams]
[30Jul2025 16:52:56.679] [Server thread/INFO] [net.minecraft.server.MinecraftServer/]: ICCCeee has made the advancement [Sweet Dreams]
[30Jul2025 16:53:06.307] [Server thread/INFO] [net.minecraft.server.MinecraftServer/]: [ICCCeee: Set own game mode to Survival Mode]
[30Jul2025 17:00:28.953] [Server thread/INFO] [net.minecraft.server.MinecraftServer/]: [ICCCeee: Set own game mode to Creative Mode]
[30Jul2025 17:00:37.770] [Server thread/INFO] [net.minecraft.server.MinecraftServer/]: [neroo024: Set own game mode to Creative Mode]
[30Jul2025 17:00:58.906] [Server thread/INFO] [net.minecraft.server.MinecraftServer/]: [ICCCeee: Set own game mode to Survival Mode]
[30Jul2025 17:01:40.769] [Server thread/INFO] [net.minecraft.server.MinecraftServer/]: [neroo024: Set own game mode to Survival Mode]
[30Jul2025 17:03:27.300] [Server thread/INFO] [net.minecraft.server.MinecraftServer/]: [neroo024: Set own game mode to Creative Mode]
[30Jul2025 17:03:42.392] [Server thread/INFO] [net.minecraft.server.MinecraftServer/]: [neroo024: Set own game mode to Survival Mode]
[30Jul2025 17:04:50.255] [Server thread/INFO] [net.minecraft.server.MinecraftServer/]: [ICCCeee: Set own game mode to Creative Mode]
[30Jul2025 17:05:07.700] [Server thread/INFO] [net.minecraft.server.MinecraftServer/]: [neroo024: Set own game mode to Creative Mode]
[30Jul2025 17:05:30.477] [Server thread/INFO] [net.minecraft.server.MinecraftServer/]: [ICCCeee: Set own game mode to Survival Mode]
[30Jul2025 17:05:54.289] [Server thread/INFO] [net.minecraft.server.MinecraftServer/]: [neroo024: Set own game mode to Survival Mode]
[30Jul2025 17:05:55.217] [Server thread/INFO] [STDERR/]: [optifine.OptiFineTransformer:getOptiFineResourcePatched:414]: java.io.IOException: Base resource not found: cgb.class
[30Jul2025 17:05:55.217] [Server thread/INFO] [STDERR/]: [optifine.OptiFineTransformer:getOptiFineResourcePatched:414]: 	at LAYER SERVICE/optifine/optifine.Patcher.applyPatch(Patcher.java:146)
[30Jul2025 17:05:55.217] [Server thread/INFO] [STDERR/]: [optifine.OptiFineTransformer:getOptiFineResourcePatched:414]: 	at LAYER SERVICE/optifine/optifine.OptiFineTransformer.getOptiFineResourcePatched(OptiFineTransformer.java:396)
[30Jul2025 17:05:55.218] [Server thread/INFO] [STDERR/]: [optifine.OptiFineTransformer:getOptiFineResourcePatched:414]: 	at LAYER SERVICE/optifine/optifine.OptiFineTransformer.getOptiFineResourceStreamPatched(OptiFineTransformer.java:368)
[30Jul2025 17:05:55.218] [Server thread/INFO] [STDERR/]: [optifine.OptiFineTransformer:getOptiFineResourcePatched:414]: 	at LAYER SERVICE/optifine/optifine.OptiFineTransformer.getOptiFineResourceStream(OptiFineTransformer.java:291)
[30Jul2025 17:05:55.218] [Server thread/INFO] [STDERR/]: [optifine.OptiFineTransformer:getOptiFineResourcePatched:414]: 	at LAYER SERVICE/optifine/optifine.OptiFineTransformer.getOptiFineResource(OptiFineTransformer.java:260)
[30Jul2025 17:05:55.218] [Server thread/INFO] [STDERR/]: [optifine.OptiFineTransformer:getOptiFineResourcePatched:414]: 	at LAYER SERVICE/optifine/optifine.OptiFineTransformer.transform(OptiFineTransformer.java:171)
[30Jul2025 17:05:55.218] [Server thread/INFO] [STDERR/]: [optifine.OptiFineTransformer:getOptiFineResourcePatched:414]: 	at LAYER SERVICE/optifine/optifine.OptiFineTransformer.transform(OptiFineTransformer.java:1)
[30Jul2025 17:05:55.218] [Server thread/INFO] [STDERR/]: [optifine.OptiFineTransformer:getOptiFineResourcePatched:414]: 	at MC-BOOTSTRAP/cpw.mods.modlauncher@10.0.9/cpw.mods.modlauncher.TransformerHolder.transform(TransformerHolder.java:41)
[30Jul2025 17:05:55.218] [Server thread/INFO] [STDERR/]: [optifine.OptiFineTransformer:getOptiFineResourcePatched:414]: 	at MC-BOOTSTRAP/cpw.mods.modlauncher@10.0.9/cpw.mods.modlauncher.ClassTransformer.performVote(ClassTransformer.java:179)
[30Jul2025 17:05:55.219] [Server thread/INFO] [STDERR/]: [optifine.OptiFineTransformer:getOptiFineResourcePatched:414]: 	at MC-BOOTSTRAP/cpw.mods.modlauncher@10.0.9/cpw.mods.modlauncher.ClassTransformer.transform(ClassTransformer.java:98)
[30Jul2025 17:05:55.219] [Server thread/INFO] [STDERR/]: [optifine.OptiFineTransformer:getOptiFineResourcePatched:414]: 	at MC-BOOTSTRAP/cpw.mods.modlauncher@10.0.9/cpw.mods.modlauncher.TransformingClassLoader.maybeTransformClassBytes(TransformingClassLoader.java:50)
[30Jul2025 17:05:55.219] [Server thread/INFO] [STDERR/]: [optifine.OptiFineTransformer:getOptiFineResourcePatched:414]: 	at cpw.mods.securejarhandler/cpw.mods.cl.ModuleClassLoader.readerToClass(ModuleClassLoader.java:113)
[30Jul2025 17:05:55.219] [Server thread/INFO] [STDERR/]: [optifine.OptiFineTransformer:getOptiFineResourcePatched:414]: 	at cpw.mods.securejarhandler/cpw.mods.cl.ModuleClassLoader.lambda$findClass$15(ModuleClassLoader.java:219)
[30Jul2025 17:05:55.219] [Server thread/INFO] [STDERR/]: [optifine.OptiFineTransformer:getOptiFineResourcePatched:414]: 	at cpw.mods.securejarhandler/cpw.mods.cl.ModuleClassLoader.loadFromModule(ModuleClassLoader.java:229)
[30Jul2025 17:05:55.219] [Server thread/INFO] [STDERR/]: [optifine.OptiFineTransformer:getOptiFineResourcePatched:414]: 	at cpw.mods.securejarhandler/cpw.mods.cl.ModuleClassLoader.findClass(ModuleClassLoader.java:219)
[30Jul2025 17:05:55.219] [Server thread/INFO] [STDERR/]: [optifine.OptiFineTransformer:getOptiFineResourcePatched:414]: 	at cpw.mods.securejarhandler/cpw.mods.cl.ModuleClassLoader.loadClass(ModuleClassLoader.java:135)
[30Jul2025 17:05:55.219] [Server thread/INFO] [STDERR/]: [optifine.OptiFineTransformer:getOptiFineResourcePatched:414]: 	at java.base/java.lang.ClassLoader.loadClass(ClassLoader.java:525)
[30Jul2025 17:05:55.219] [Server thread/INFO] [STDERR/]: [optifine.OptiFineTransformer:getOptiFineResourcePatched:414]: 	at TRANSFORMER/minecraft@1.20.1/net.minecraft.world.item.PotionItem.m_7203_(PotionItem.java:122)
[30Jul2025 17:05:55.220] [Server thread/INFO] [STDERR/]: [optifine.OptiFineTransformer:getOptiFineResourcePatched:414]: 	at TRANSFORMER/minecraft@1.20.1/net.minecraft.world.item.ItemStack.m_41682_(ItemStack.java:275)
[30Jul2025 17:05:55.220] [Server thread/INFO] [STDERR/]: [optifine.OptiFineTransformer:getOptiFineResourcePatched:414]: 	at TRANSFORMER/minecraft@1.20.1/net.minecraft.server.level.ServerPlayerGameMode.m_6261_(ServerPlayerGameMode.java:286)
[30Jul2025 17:05:55.220] [Server thread/INFO] [STDERR/]: [optifine.OptiFineTransformer:getOptiFineResourcePatched:414]: 	at TRANSFORMER/minecraft@1.20.1/net.minecraft.server.network.ServerGamePacketListenerImpl.m_5760_(ServerGamePacketListenerImpl.java:1085)
[30Jul2025 17:05:55.220] [Server thread/INFO] [STDERR/]: [optifine.OptiFineTransformer:getOptiFineResourcePatched:414]: 	at TRANSFORMER/minecraft@1.20.1/net.minecraft.network.protocol.game.ServerboundUseItemPacket.m_5797_(ServerboundUseItemPacket.java:29)
[30Jul2025 17:05:55.220] [Server thread/INFO] [STDERR/]: [optifine.OptiFineTransformer:getOptiFineResourcePatched:414]: 	at TRANSFORMER/minecraft@1.20.1/net.minecraft.network.protocol.game.ServerboundUseItemPacket.m_5797_(ServerboundUseItemPacket.java:7)
[30Jul2025 17:05:55.220] [Server thread/INFO] [STDERR/]: [optifine.OptiFineTransformer:getOptiFineResourcePatched:414]: 	at TRANSFORMER/minecraft@1.20.1/net.minecraft.network.protocol.PacketUtils.m_263899_(PacketUtils.java:22)
[30Jul2025 17:05:55.220] [Server thread/INFO] [STDERR/]: [optifine.OptiFineTransformer:getOptiFineResourcePatched:414]: 	at TRANSFORMER/minecraft@1.20.1/net.minecraft.server.TickTask.run(TickTask.java:18)
[30Jul2025 17:05:55.220] [Server thread/INFO] [STDERR/]: [optifine.OptiFineTransformer:getOptiFineResourcePatched:414]: 	at TRANSFORMER/minecraft@1.20.1/net.minecraft.util.thread.BlockableEventLoop.m_6367_(BlockableEventLoop.java:156)
[30Jul2025 17:05:55.220] [Server thread/INFO] [STDERR/]: [optifine.OptiFineTransformer:getOptiFineResourcePatched:414]: 	at TRANSFORMER/minecraft@1.20.1/net.minecraft.util.thread.ReentrantBlockableEventLoop.m_6367_(ReentrantBlockableEventLoop.java:23)
[30Jul2025 17:05:55.220] [Server thread/INFO] [STDERR/]: [optifine.OptiFineTransformer:getOptiFineResourcePatched:414]: 	at TRANSFORMER/minecraft@1.20.1/net.minecraft.server.MinecraftServer.m_6367_(MinecraftServer.java:770)
[30Jul2025 17:05:55.221] [Server thread/INFO] [STDERR/]: [optifine.OptiFineTransformer:getOptiFineResourcePatched:414]: 	at TRANSFORMER/minecraft@1.20.1/net.minecraft.server.MinecraftServer.m_6367_(MinecraftServer.java:161)
[30Jul2025 17:05:55.221] [Server thread/INFO] [STDERR/]: [optifine.OptiFineTransformer:getOptiFineResourcePatched:414]: 	at TRANSFORMER/minecraft@1.20.1/net.minecraft.util.thread.BlockableEventLoop.m_7245_(BlockableEventLoop.java:130)
[30Jul2025 17:05:55.221] [Server thread/INFO] [STDERR/]: [optifine.OptiFineTransformer:getOptiFineResourcePatched:414]: 	at TRANSFORMER/minecraft@1.20.1/net.minecraft.server.MinecraftServer.m_129961_(MinecraftServer.java:753)
[30Jul2025 17:05:55.221] [Server thread/INFO] [STDERR/]: [optifine.OptiFineTransformer:getOptiFineResourcePatched:414]: 	at TRANSFORMER/minecraft@1.20.1/net.minecraft.server.MinecraftServer.m_7245_(MinecraftServer.java:747)
[30Jul2025 17:05:55.221] [Server thread/INFO] [STDERR/]: [optifine.OptiFineTransformer:getOptiFineResourcePatched:414]: 	at TRANSFORMER/minecraft@1.20.1/net.minecraft.util.thread.BlockableEventLoop.m_18701_(BlockableEventLoop.java:139)
[30Jul2025 17:05:55.221] [Server thread/INFO] [STDERR/]: [optifine.OptiFineTransformer:getOptiFineResourcePatched:414]: 	at TRANSFORMER/minecraft@1.20.1/net.minecraft.server.MinecraftServer.mixinextras$bridge$m_18701_$237(MinecraftServer.java)
[30Jul2025 17:05:55.221] [Server thread/INFO] [STDERR/]: [optifine.OptiFineTransformer:getOptiFineResourcePatched:414]: 	at TRANSFORMER/minecraft@1.20.1/net.minecraft.server.MinecraftServer.wrapOperation$zbk000$managedBlock(MinecraftServer.java:1856)
[30Jul2025 17:05:55.221] [Server thread/INFO] [STDERR/]: [optifine.OptiFineTransformer:getOptiFineResourcePatched:414]: 	at TRANSFORMER/minecraft@1.20.1/net.minecraft.server.MinecraftServer.m_130012_(MinecraftServer.java:733)
[30Jul2025 17:05:55.221] [Server thread/INFO] [STDERR/]: [optifine.OptiFineTransformer:getOptiFineResourcePatched:414]: 	at TRANSFORMER/minecraft@1.20.1/net.minecraft.server.MinecraftServer.m_130011_(MinecraftServer.java:665)
[30Jul2025 17:05:55.222] [Server thread/INFO] [STDERR/]: [optifine.OptiFineTransformer:getOptiFineResourcePatched:414]: 	at TRANSFORMER/minecraft@1.20.1/net.minecraft.server.MinecraftServer.m_206580_(MinecraftServer.java:251)
[30Jul2025 17:05:55.222] [Server thread/INFO] [STDERR/]: [optifine.OptiFineTransformer:getOptiFineResourcePatched:414]: 	at java.base/java.lang.Thread.run(Thread.java:840)
[30Jul2025 17:06:21.951] [Server thread/INFO] [net.minecraft.server.MinecraftServer/]: neroo024 died
[30Jul2025 17:06:24.861] [Server thread/INFO] [com.alrex.parcool.ParCool/]: Sent Server Limitation of [neroo024]
[30Jul2025 17:06:24.862] [Server thread/INFO] [com.alrex.parcool.ParCool/]: Received Client Information of [neroo024]
[30Jul2025 17:06:29.584] [Server thread/INFO] [net.minecraft.server.MinecraftServer/]: [neroo024: Teleported neroo024 to ICCCeee]
[30Jul2025 17:06:33.650] [Server thread/INFO] [net.minecraft.server.MinecraftServer/]: ICCCeee died
[30Jul2025 17:06:35.060] [Server thread/INFO] [com.alrex.parcool.ParCool/]: Sent Server Limitation of [ICCCeee]
[30Jul2025 17:06:35.061] [Server thread/INFO] [com.alrex.parcool.ParCool/]: Received Client Information of [ICCCeee]
[30Jul2025 17:06:40.125] [Server thread/INFO] [net.minecraft.server.MinecraftServer/]: [ICCCeee: Teleported ICCCeee to neroo024]
[30Jul2025 17:06:44.700] [Server thread/INFO] [net.minecraft.server.MinecraftServer/]: ICCCeee died
[30Jul2025 17:06:46.166] [Server thread/INFO] [com.alrex.parcool.ParCool/]: Sent Server Limitation of [ICCCeee]
[30Jul2025 17:06:46.167] [Server thread/INFO] [com.alrex.parcool.ParCool/]: Received Client Information of [ICCCeee]
[30Jul2025 17:06:46.450] [Server thread/INFO] [net.minecraft.server.MinecraftServer/]: neroo024 died
[30Jul2025 17:06:47.879] [Server thread/INFO] [com.alrex.parcool.ParCool/]: Sent Server Limitation of [neroo024]
[30Jul2025 17:06:47.879] [Server thread/INFO] [com.alrex.parcool.ParCool/]: Received Client Information of [neroo024]
[30Jul2025 17:06:52.438] [Server thread/INFO] [net.minecraft.server.MinecraftServer/]: [neroo024: Teleported neroo024 to ICCCeee]
[30Jul2025 17:06:53.750] [Server thread/INFO] [net.minecraft.server.MinecraftServer/]: [ICCCeee: Set own game mode to Creative Mode]
[30Jul2025 17:07:14.213] [Server thread/INFO] [net.minecraft.server.MinecraftServer/]: [neroo024: Set own game mode to Creative Mode]
[30Jul2025 17:07:40.465] [Server thread/INFO] [net.minecraft.server.MinecraftServer/]: [ICCCeee: Teleported ICCCeee to neroo024]
[30Jul2025 17:07:49.779] [Server thread/INFO] [net.minecraft.server.MinecraftServer/]: [neroo024: Set own game mode to Survival Mode]
[30Jul2025 17:08:38.002] [Server thread/INFO] [net.minecraft.world.entity.npc.Villager/]: Villager Villager['Farmer'/11125, l='ServerLevel[world]', x=641.69, y=112.00, z=-408.30] died, message: 'Farmer died'
[30Jul2025 17:08:39.655] [Server thread/INFO] [net.minecraft.world.entity.npc.Villager/]: Villager Villager['Cleric'/11551, l='ServerLevel[world]', x=644.57, y=111.00, z=-408.01] died, message: 'Cleric died'
[30Jul2025 17:08:49.729] [Server thread/INFO] [net.minecraft.server.MinecraftServer/]: [ICCCeee: Set own game mode to Survival Mode]
[30Jul2025 17:09:01.453] [Server thread/INFO] [net.minecraft.world.entity.npc.Villager/]: Villager Villager['Unemployed'/10969, l='ServerLevel[world]', x=562.20, y=75.56, z=-399.90] died, message: 'Unemployed died'
[30Jul2025 17:09:01.501] [Server thread/INFO] [net.minecraft.server.MinecraftServer/]: ICCCeee died
[30Jul2025 17:09:03.733] [Server thread/INFO] [com.alrex.parcool.ParCool/]: Sent Server Limitation of [ICCCeee]
[30Jul2025 17:09:03.733] [Server thread/INFO] [com.alrex.parcool.ParCool/]: Received Client Information of [ICCCeee]
[30Jul2025 17:09:17.799] [Server thread/INFO] [net.minecraft.server.MinecraftServer/]: neroo024 died
[30Jul2025 17:09:19.407] [Server thread/INFO] [com.alrex.parcool.ParCool/]: Sent Server Limitation of [neroo024]
[30Jul2025 17:09:19.407] [Server thread/INFO] [com.alrex.parcool.ParCool/]: Received Client Information of [neroo024]
[30Jul2025 17:09:28.432] [Server thread/INFO] [net.minecraft.server.MinecraftServer/]: [ICCCeee: Set own game mode to Creative Mode]
[30Jul2025 17:09:30.037] [Server thread/INFO] [net.minecraft.server.MinecraftServer/]: [neroo024: Set own game mode to Creative Mode]
[30Jul2025 17:09:51.620] [Server thread/INFO] [net.minecraft.server.MinecraftServer/]: [neroo024: Set own game mode to Survival Mode]
[30Jul2025 17:10:51.598] [Server thread/INFO] [net.minecraft.server.MinecraftServer/]: neroo024 died
[30Jul2025 17:10:53.105] [Server thread/INFO] [com.alrex.parcool.ParCool/]: Sent Server Limitation of [neroo024]
[30Jul2025 17:10:53.105] [Server thread/INFO] [com.alrex.parcool.ParCool/]: Received Client Information of [neroo024]
[30Jul2025 17:11:12.923] [Server thread/INFO] [net.minecraft.server.MinecraftServer/]: [neroo024: Set own game mode to Creative Mode]
[30Jul2025 17:11:43.248] [Server thread/INFO] [net.minecraft.server.MinecraftServer/]: ICCCeee has reached the goal [Tsuchinoe]
[30Jul2025 17:12:06.204] [Server thread/INFO] [net.minecraft.server.MinecraftServer/]: [ICCCeee: Set own game mode to Survival Mode]
[30Jul2025 17:12:10.501] [Server thread/INFO] [net.minecraft.server.MinecraftServer/]: ICCCeee has made the advancement [Demon]
[30Jul2025 17:12:21.404] [Server thread/INFO] [net.minecraft.server.MinecraftServer/]: ICCCeee died
[30Jul2025 17:12:28.427] [Server thread/INFO] [com.alrex.parcool.ParCool/]: Sent Server Limitation of [ICCCeee]
[30Jul2025 17:12:28.427] [Server thread/INFO] [com.alrex.parcool.ParCool/]: Received Client Information of [ICCCeee]
[30Jul2025 17:12:37.602] [Server thread/INFO] [net.minecraft.server.MinecraftServer/]: ICCCeee died
[30Jul2025 17:12:37.604] [Server thread/INFO] [net.minecraft.world.entity.npc.Villager/]: Villager Villager['Unemployed'/11128, l='ServerLevel[world]', x=569.50, y=73.00, z=-410.50] died, message: 'Unemployed died'
[30Jul2025 17:12:37.605] [Server thread/INFO] [net.minecraft.world.entity.npc.Villager/]: Villager Villager['Unemployed'/10993, l='ServerLevel[world]', x=580.50, y=79.00, z=-398.50] died, message: 'Unemployed died'
[30Jul2025 17:12:37.606] [Server thread/INFO] [net.minecraft.world.entity.npc.Villager/]: Villager Villager['Unemployed'/10942, l='ServerLevel[world]', x=561.50, y=61.00, z=-412.30] died, message: 'Unemployed died'
[30Jul2025 17:12:37.606] [Server thread/INFO] [net.minecraft.world.entity.npc.Villager/]: Villager Villager['Unemployed'/10917, l='ServerLevel[world]', x=561.50, y=61.00, z=-412.97] died, message: 'Unemployed died'
[30Jul2025 17:12:37.607] [Server thread/INFO] [net.minecraft.world.entity.npc.Villager/]: Villager Villager['Cleric'/10992, l='ServerLevel[world]', x=584.50, y=88.00, z=-410.50] died, message: 'Cleric died'
[30Jul2025 17:12:37.707] [Netty Epoll Server IO #1/ERROR] [net.bettercombat.network.ServerNetwork/]: Server handling Packets.C2S_AttackRequest - No current attack hand!
[30Jul2025 17:12:37.707] [Netty Epoll Server IO #1/ERROR] [net.bettercombat.network.ServerNetwork/]: Combo count: 0 is dual wielding: false
[30Jul2025 17:12:37.707] [Netty Epoll Server IO #1/ERROR] [net.bettercombat.network.ServerNetwork/]: Main-hand stack: 0 air
[30Jul2025 17:12:37.707] [Netty Epoll Server IO #1/ERROR] [net.bettercombat.network.ServerNetwork/]: Off-hand stack: 0 air
[30Jul2025 17:12:37.708] [Netty Epoll Server IO #1/ERROR] [net.bettercombat.network.ServerNetwork/]: Selected slot server: 2 | client: 2
[30Jul2025 17:12:40.506] [Server thread/INFO] [com.alrex.parcool.ParCool/]: Sent Server Limitation of [ICCCeee]
[30Jul2025 17:12:40.507] [Server thread/INFO] [com.alrex.parcool.ParCool/]: Received Client Information of [ICCCeee]
[30Jul2025 17:12:53.702] [Server thread/INFO] [net.minecraft.server.MinecraftServer/]: ICCCeee died
[30Jul2025 17:12:55.320] [Server thread/INFO] [com.alrex.parcool.ParCool/]: Sent Server Limitation of [ICCCeee]
[30Jul2025 17:12:55.320] [Server thread/INFO] [com.alrex.parcool.ParCool/]: Received Client Information of [ICCCeee]
[30Jul2025 17:13:33.950] [Server thread/INFO] [net.minecraft.world.entity.npc.Villager/]: Villager Villager['Unemployed'/10966, l='ServerLevel[world]', x=555.67, y=75.00, z=-400.78] died, message: 'Unemployed died'
[30Jul2025 17:13:35.001] [Server thread/INFO] [net.minecraft.server.MinecraftServer/]: ICCCeee died
[30Jul2025 17:13:36.233] [Server thread/INFO] [com.alrex.parcool.ParCool/]: Sent Server Limitation of [ICCCeee]
[30Jul2025 17:13:36.233] [Server thread/INFO] [com.alrex.parcool.ParCool/]: Received Client Information of [ICCCeee]
[30Jul2025 17:14:11.733] [Server thread/INFO] [net.minecraft.server.MinecraftServer/]: [ICCCeee: Set own game mode to Creative Mode]
